2026-02-07 13:58:44,864 - INFO - Starting Vehicle Detection Server...
2026-02-07 13:58:44,864 - INFO - Server running on 0.0.0.0:5000
2026-02-07 13:58:44,915 - INFO - [31m[1mWARNING: This is a development server. Do not use it in a production deployment. Use a production WSGI server instead.[0m
 * Running on all addresses (0.0.0.0)
 * Running on http://127.0.0.1:5000
 * Running on http://172.16.64.200:5000
2026-02-07 13:58:44,915 - INFO - [33mPress CTRL+C to quit[0m
2026-02-07 13:58:44,915 - INFO -  * Restarting with watchdog (windowsapi)
2026-02-07 13:58:45,491 - INFO - Starting Vehicle Detection Server...
2026-02-07 13:58:45,518 - INFO - Server running on 0.0.0.0:5000
2026-02-07 13:58:45,526 - WARNING -  * Debugger is active!
2026-02-07 13:58:45,532 - INFO -  * Debugger PIN: 984-781-166
2026-02-07 14:01:29,967 - INFO - 127.0.0.1 - - [07/Feb/2026 14:01:29] "GET /socket.io/?transport=polling&EIO=4&t=1770453087.8883438 HTTP/1.1" 200 -
2026-02-07 14:01:32,056 - INFO - Client connected: <built-in function id>
2026-02-07 14:01:32,059 - INFO - Vehicle A updated: 12.971698, 77.594603, speed=0.00 km/h, dir=0.00°
2026-02-07 14:01:33,063 - INFO - Vehicle A updated: 12.971796, 77.594604, speed=39.10 km/h, dir=0.80°
2026-02-07 14:01:34,062 - INFO - Vehicle A updated: 12.971904, 77.594596, speed=43.19 km/h, dir=355.74°
2026-02-07 14:01:35,067 - INFO - Vehicle A updated: 12.971998, 77.594603, speed=37.53 km/h, dir=4.48°
2026-02-07 14:01:36,069 - INFO - Vehicle A updated: 12.972102, 77.594605, speed=41.85 km/h, dir=0.59°
2026-02-07 14:01:37,069 - INFO - Vehicle A updated: 12.972200, 77.594602, speed=38.93 km/h, dir=358.55°
2026-02-07 14:01:38,073 - INFO - Vehicle A updated: 12.972302, 77.594600, speed=40.74 km/h, dir=359.13°
2026-02-07 14:01:38,081 - INFO - 127.0.0.1 - - [07/Feb/2026 14:01:38] "GET /socket.io/?transport=polling&EIO=4&t=1770453096.0169706 HTTP/1.1" 200 -
2026-02-07 14:01:39,078 - INFO - Vehicle A updated: 12.972405, 77.594600, speed=41.06 km/h, dir=359.74°
2026-02-07 14:01:40,083 - INFO - Vehicle A updated: 12.972498, 77.594604, speed=37.16 km/h, dir=2.38°
2026-02-07 14:01:40,129 - INFO - Client connected: <built-in function id>
2026-02-07 14:01:40,138 - INFO - Vehicle B updated: 12.972484, 77.594604, speed=0.00 km/h, dir=0.00°
2026-02-07 14:01:41,086 - INFO - Vehicle A updated: 12.972598, 77.594604, speed=39.85 km/h, dir=0.28°
2026-02-07 14:01:41,140 - INFO - Vehicle B updated: 12.972376, 77.594605, speed=42.91 km/h, dir=179.92°
2026-02-07 14:01:42,089 - INFO - Vehicle A updated: 12.972696, 77.594603, speed=39.28 km/h, dir=358.99°
2026-02-07 14:01:42,145 - INFO - Vehicle B updated: 12.972257, 77.594603, speed=47.34 km/h, dir=180.65°
2026-02-07 14:01:43,092 - INFO - Vehicle A updated: 12.972805, 77.594603, speed=43.24 km/h, dir=0.39°
2026-02-07 14:01:43,149 - INFO - Vehicle B updated: 12.972145, 77.594597, speed=45.10 km/h, dir=183.28°
2026-02-07 14:01:44,095 - INFO - Vehicle A updated: 12.972901, 77.594596, speed=38.34 km/h, dir=355.87°
2026-02-07 14:01:44,151 - INFO - Vehicle B updated: 12.972032, 77.594599, speed=44.82 km/h, dir=178.90°
2026-02-07 14:01:45,099 - INFO - Vehicle A updated: 12.973004, 77.594596, speed=41.35 km/h, dir=0.01°
2026-02-07 14:01:45,155 - INFO - Vehicle B updated: 12.971929, 77.594598, speed=41.21 km/h, dir=180.45°
2026-02-07 14:01:46,102 - INFO - Vehicle A updated: 12.973106, 77.594598, speed=40.82 km/h, dir=0.76°
2026-02-07 14:01:46,157 - INFO - Vehicle B updated: 12.971808, 77.594597, speed=48.33 km/h, dir=180.49°
2026-02-07 14:01:47,102 - INFO - Vehicle A updated: 12.973198, 77.594604, speed=36.56 km/h, dir=3.96°
2026-02-07 14:01:47,157 - INFO - Vehicle B updated: 12.971699, 77.594597, speed=43.52 km/h, dir=179.69°
2026-02-07 14:01:48,105 - INFO - Vehicle A updated: 12.973304, 77.594600, speed=42.62 km/h, dir=357.81°
2026-02-07 14:01:48,159 - INFO - Vehicle B updated: 12.971590, 77.594595, speed=43.73 km/h, dir=181.15°
2026-02-07 14:01:49,107 - INFO - Vehicle A updated: 12.973403, 77.594598, speed=39.60 km/h, dir=359.08°
2026-02-07 14:01:49,160 - INFO - Vehicle B updated: 12.971478, 77.594602, speed=44.77 km/h, dir=176.67°
2026-02-07 14:01:50,110 - INFO - Vehicle A updated: 12.973498, 77.594603, speed=37.97 km/h, dir=2.56°
2026-02-07 14:01:50,163 - INFO - Vehicle B updated: 12.971364, 77.594599, speed=45.70 km/h, dir=181.59°
2026-02-07 14:01:51,114 - INFO - Vehicle A updated: 12.973597, 77.594598, speed=39.36 km/h, dir=357.63°
2026-02-07 14:01:51,165 - INFO - Vehicle B updated: 12.971250, 77.594597, speed=45.40 km/h, dir=180.63°
2026-02-07 14:01:52,118 - INFO - Vehicle A updated: 12.973704, 77.594598, speed=42.58 km/h, dir=359.88°
2026-02-07 14:01:52,167 - INFO - Vehicle B updated: 12.971138, 77.594600, speed=44.65 km/h, dir=178.47°
2026-02-07 14:01:53,120 - INFO - Vehicle A updated: 12.973805, 77.594602, speed=40.49 km/h, dir=2.06°
2026-02-07 14:01:53,171 - INFO - Vehicle B updated: 12.971021, 77.594598, speed=46.90 km/h, dir=181.30°
2026-02-07 14:01:54,120 - INFO - Vehicle A updated: 12.973902, 77.594604, speed=38.60 km/h, dir=1.10°
2026-02-07 14:01:54,173 - INFO - Vehicle B updated: 12.970906, 77.594604, speed=45.82 km/h, dir=176.85°
2026-02-07 14:01:55,125 - INFO - Vehicle A updated: 12.973998, 77.594599, speed=38.36 km/h, dir=357.38°
2026-02-07 14:01:55,176 - INFO - Vehicle B updated: 12.970803, 77.594603, speed=41.35 km/h, dir=180.74°
2026-02-07 14:01:56,127 - INFO - Vehicle A updated: 12.974103, 77.594599, speed=42.17 km/h, dir=359.99°
2026-02-07 14:01:56,179 - INFO - Vehicle B updated: 12.970688, 77.594602, speed=45.78 km/h, dir=180.19°
2026-02-07 14:01:57,132 - INFO - Vehicle A updated: 12.974200, 77.594601, speed=38.32 km/h, dir=0.73°
2026-02-07 14:01:57,181 - INFO - Vehicle B updated: 12.970571, 77.594598, speed=46.64 km/h, dir=181.95°
2026-02-07 14:01:58,132 - INFO - Vehicle A updated: 12.974306, 77.594601, speed=42.64 km/h, dir=0.02°
2026-02-07 14:01:58,182 - INFO - Vehicle B updated: 12.970463, 77.594601, speed=43.43 km/h, dir=178.39°
2026-02-07 14:01:59,132 - INFO - Vehicle A updated: 12.974405, 77.594603, speed=39.67 km/h, dir=1.54°
2026-02-07 14:01:59,183 - INFO - Vehicle B updated: 12.970352, 77.594597, speed=44.24 km/h, dir=182.42°
2026-02-07 14:02:00,138 - INFO - Vehicle A updated: 12.974505, 77.594604, speed=39.89 km/h, dir=0.53°
2026-02-07 14:02:00,228 - INFO - Vehicle B updated: 12.970239, 77.594602, speed=43.26 km/h, dir=177.55°
2026-02-07 14:02:01,183 - INFO - Vehicle A updated: 12.974600, 77.594599, speed=36.17 km/h, dir=356.84°
2026-02-07 14:02:01,230 - INFO - Vehicle B updated: 12.970125, 77.594595, speed=45.86 km/h, dir=182.99°
2026-02-07 14:02:02,184 - INFO - Vehicle A updated: 12.974701, 77.594599, speed=40.54 km/h, dir=0.17°
2026-02-07 14:02:02,230 - INFO - Vehicle B updated: 12.970007, 77.594598, speed=47.05 km/h, dir=178.85°
2026-02-07 14:02:03,188 - INFO - Vehicle A updated: 12.974804, 77.594602, speed=41.32 km/h, dir=1.17°
2026-02-07 14:02:03,234 - INFO - Vehicle B updated: 12.969894, 77.594596, speed=45.27 km/h, dir=181.12°
2026-02-07 14:02:04,188 - INFO - Vehicle A updated: 12.974905, 77.594603, speed=40.25 km/h, dir=0.90°
2026-02-07 14:02:04,235 - INFO - Vehicle B updated: 12.969789, 77.594602, speed=42.05 km/h, dir=176.31°
2026-02-07 14:02:05,189 - INFO - Vehicle A updated: 12.975002, 77.594604, speed=38.79 km/h, dir=0.61°
2026-02-07 14:02:05,257 - INFO - Vehicle B updated: 12.969676, 77.594601, speed=44.31 km/h, dir=180.54°
2026-02-07 14:02:06,196 - INFO - Vehicle A updated: 12.975102, 77.594600, speed=39.62 km/h, dir=357.85°
2026-02-07 14:02:06,255 - INFO - Vehicle B updated: 12.969561, 77.594596, speed=46.14 km/h, dir=182.72°
2026-02-07 14:02:07,199 - INFO - Vehicle A updated: 12.975203, 77.594596, speed=40.62 km/h, dir=357.62°
2026-02-07 14:02:07,255 - INFO - Vehicle B updated: 12.969448, 77.594600, speed=45.27 km/h, dir=178.06°
2026-02-07 14:02:08,202 - INFO - Vehicle A updated: 12.975300, 77.594601, speed=38.52 km/h, dir=2.89°
2026-02-07 14:02:08,256 - INFO - Vehicle B updated: 12.969335, 77.594604, speed=45.18 km/h, dir=178.09°
2026-02-07 14:02:09,316 - INFO - Vehicle B updated: 12.969221, 77.594596, speed=43.14 km/h, dir=183.88°
2026-02-07 14:02:09,327 - INFO - Vehicle A updated: 12.975402, 77.594596, speed=36.41 km/h, dir=357.30°
2026-02-07 14:02:09,705 - INFO - 127.0.0.1 - - [07/Feb/2026 14:02:09] "GET /socket.io/?EIO=4&transport=polling&t=PmtEjYo HTTP/1.1" 200 -
2026-02-07 14:02:10,031 - INFO - Client connected: <built-in function id>
2026-02-07 14:02:10,066 - INFO - 127.0.0.1 - - [07/Feb/2026 14:02:10] "POST /socket.io/?EIO=4&transport=polling&t=PmtEjdo&sid=uw7p03S_idVh12skAAAE HTTP/1.1" 200 -
2026-02-07 14:02:10,088 - INFO - 127.0.0.1 - - [07/Feb/2026 14:02:10] "GET /socket.io/?EIO=4&transport=polling&t=PmtEjdr&sid=uw7p03S_idVh12skAAAE HTTP/1.1" 200 -
2026-02-07 14:02:10,103 - INFO - 127.0.0.1 - - [07/Feb/2026 14:02:10] "GET /socket.io/?EIO=4&transport=polling&t=PmtEjjk&sid=uw7p03S_idVh12skAAAE HTTP/1.1" 200 -
2026-02-07 14:02:10,304 - INFO - Vehicle B updated: 12.969107, 77.594597, speed=46.13 km/h, dir=179.49°
2026-02-07 14:02:10,322 - INFO - Vehicle A updated: 12.975502, 77.594603, speed=40.18 km/h, dir=3.75°
2026-02-07 14:02:11,305 - INFO - Vehicle B updated: 12.968996, 77.594600, speed=44.19 km/h, dir=178.30°
2026-02-07 14:02:11,323 - INFO - Vehicle A updated: 12.975603, 77.594598, speed=40.66 km/h, dir=357.12°
2026-02-07 14:02:12,308 - INFO - Vehicle B updated: 12.968880, 77.594600, speed=46.70 km/h, dir=179.95°
2026-02-07 14:02:12,324 - INFO - Vehicle A updated: 12.975702, 77.594596, speed=39.68 km/h, dir=359.30°
2026-02-07 14:02:13,309 - INFO - Vehicle B updated: 12.968771, 77.594599, speed=43.46 km/h, dir=180.47°
2026-02-07 14:02:13,325 - INFO - Vehicle A updated: 12.975804, 77.594598, speed=40.55 km/h, dir=1.01°
2026-02-07 14:02:14,310 - INFO - Vehicle B updated: 12.968655, 77.594600, speed=46.17 km/h, dir=179.48°
2026-02-07 14:02:14,326 - INFO - Vehicle A updated: 12.975905, 77.594600, speed=40.46 km/h, dir=1.07°
2026-02-07 14:02:15,310 - INFO - Vehicle B updated: 12.968544, 77.594604, speed=44.75 km/h, dir=178.02°
2026-02-07 14:02:15,333 - INFO - Vehicle A updated: 12.976008, 77.594603, speed=40.89 km/h, dir=1.61°
2026-02-07 14:02:16,312 - INFO - Vehicle B updated: 12.968429, 77.594602, speed=45.92 km/h, dir=180.85°
2026-02-07 14:02:16,332 - INFO - Vehicle A updated: 12.976104, 77.594604, speed=38.63 km/h, dir=0.39°
2026-02-07 14:02:17,315 - INFO - Vehicle B updated: 12.968318, 77.594599, speed=44.13 km/h, dir=181.55°
2026-02-07 14:02:17,336 - INFO - Vehicle A updated: 12.976203, 77.594598, speed=39.36 km/h, dir=356.90°
2026-02-07 14:02:18,316 - INFO - Vehicle B updated: 12.968205, 77.594596, speed=45.15 km/h, dir=181.62°
2026-02-07 14:02:18,336 - INFO - Vehicle A updated: 12.976304, 77.594601, speed=40.64 km/h, dir=1.30°
2026-02-07 14:02:19,319 - INFO - Vehicle B updated: 12.968099, 77.594600, speed=42.40 km/h, dir=177.74°
2026-02-07 14:02:19,337 - INFO - Vehicle A updated: 12.976408, 77.594597, speed=41.35 km/h, dir=358.10°
2026-02-07 14:02:20,320 - INFO - Vehicle B updated: 12.967978, 77.594604, speed=48.27 km/h, dir=178.19°
2026-02-07 14:02:20,338 - INFO - Vehicle A updated: 12.976507, 77.594596, speed=39.61 km/h, dir=359.65°
2026-02-07 14:02:21,324 - INFO - Vehicle B updated: 12.967870, 77.594598, speed=43.32 km/h, dir=183.42°
2026-02-07 14:02:21,339 - INFO - Vehicle A updated: 12.976602, 77.594597, speed=38.25 km/h, dir=0.47°
2026-02-07 14:02:22,325 - INFO - Vehicle B updated: 12.967756, 77.594596, speed=45.72 km/h, dir=180.81°
2026-02-07 14:02:22,340 - INFO - Vehicle A updated: 12.976704, 77.594599, speed=40.60 km/h, dir=0.78°
2026-02-07 14:02:23,325 - INFO - Vehicle B updated: 12.967650, 77.594599, speed=42.51 km/h, dir=178.35°
2026-02-07 14:02:23,341 - INFO - Vehicle A updated: 12.976802, 77.594604, speed=39.46 km/h, dir=2.79°
2026-02-07 14:02:24,326 - INFO - Vehicle B updated: 12.967532, 77.594599, speed=47.03 km/h, dir=180.27°
2026-02-07 14:02:24,342 - INFO - Vehicle A updated: 12.976905, 77.594602, speed=41.20 km/h, dir=359.03°
2026-02-07 14:02:25,332 - INFO - Vehicle B updated: 12.967417, 77.594596, speed=45.83 km/h, dir=181.31°
2026-02-07 14:02:25,346 - INFO - Vehicle A updated: 12.977002, 77.594598, speed=38.67 km/h, dir=357.85°
2026-02-07 14:02:26,332 - INFO - Vehicle B updated: 12.967309, 77.594597, speed=43.22 km/h, dir=179.46°
2026-02-07 14:02:26,349 - INFO - Vehicle A updated: 12.977106, 77.594601, speed=41.30 km/h, dir=1.66°
2026-02-07 14:02:27,335 - INFO - Vehicle B updated: 12.967194, 77.594597, speed=45.65 km/h, dir=179.82°
2026-02-07 14:02:27,353 - INFO - Vehicle A updated: 12.977202, 77.594603, speed=38.28 km/h, dir=0.93°
2026-02-07 14:02:28,336 - INFO - Vehicle B updated: 12.967079, 77.594597, speed=46.28 km/h, dir=180.38°
2026-02-07 14:02:28,357 - INFO - Vehicle A updated: 12.977307, 77.594595, speed=41.97 km/h, dir=356.04°
2026-02-07 14:02:29,338 - INFO - Vehicle B updated: 12.966968, 77.594598, speed=44.26 km/h, dir=179.40°
2026-02-07 14:02:29,357 - INFO - Vehicle A updated: 12.977404, 77.594595, speed=38.72 km/h, dir=359.85°
2026-02-07 14:02:30,342 - INFO - Vehicle B updated: 12.966861, 77.594603, speed=42.72 km/h, dir=177.03°
2026-02-07 14:02:30,362 - INFO - Vehicle A updated: 12.977507, 77.594604, speed=41.50 km/h, dir=4.74°
2026-02-07 14:02:31,343 - INFO - Vehicle B updated: 12.966741, 77.594603, speed=48.00 km/h, dir=180.41°
2026-02-07 14:02:31,365 - INFO - Vehicle A updated: 12.977609, 77.594599, speed=40.77 km/h, dir=357.55°
2026-02-07 14:02:32,345 - INFO - Vehicle B updated: 12.966629, 77.594596, speed=44.65 km/h, dir=183.36°
2026-02-07 14:02:32,375 - INFO - Vehicle A updated: 12.977706, 77.594602, speed=38.24 km/h, dir=1.54°
2026-02-07 14:02:33,349 - INFO - Vehicle B updated: 12.966519, 77.594596, speed=44.03 km/h, dir=179.75°
2026-02-07 14:02:33,375 - INFO - Vehicle A updated: 12.977804, 77.594598, speed=39.15 km/h, dir=357.89°
2026-02-07 14:02:34,350 - INFO - Vehicle B updated: 12.966405, 77.594601, speed=45.64 km/h, dir=177.92°
2026-02-07 14:02:34,376 - INFO - Vehicle A updated: 12.977908, 77.594603, speed=41.89 km/h, dir=2.70°
2026-02-07 14:02:35,355 - INFO - Vehicle B updated: 12.966291, 77.594603, speed=45.43 km/h, dir=178.62°
2026-02-07 14:02:35,381 - INFO - Vehicle A updated: 12.978002, 77.594596, speed=37.37 km/h, dir=355.37°
2026-02-07 14:02:36,359 - INFO - Vehicle B updated: 12.966179, 77.594599, speed=44.50 km/h, dir=182.14°
2026-02-07 14:02:36,382 - INFO - Vehicle A updated: 12.978110, 77.594602, speed=43.48 km/h, dir=3.02°
2026-02-07 14:02:37,364 - INFO - Vehicle B updated: 12.966064, 77.594600, speed=45.87 km/h, dir=179.74°
2026-02-07 14:02:37,387 - INFO - Vehicle A updated: 12.978206, 77.594604, speed=37.96 km/h, dir=1.33°
2026-02-07 14:02:38,371 - INFO - Vehicle B updated: 12.965958, 77.594603, speed=42.33 km/h, dir=178.27°
2026-02-07 14:02:38,410 - INFO - Vehicle A updated: 12.978304, 77.594597, speed=38.47 km/h, dir=355.85°
2026-02-07 14:02:39,436 - INFO - Vehicle A updated: 12.978411, 77.594604, speed=41.98 km/h, dir=3.94°
2026-02-07 14:02:39,436 - INFO - Vehicle B updated: 12.965842, 77.594604, speed=43.62 km/h, dir=179.61°
2026-02-07 14:02:40,438 - INFO - Vehicle A updated: 12.978507, 77.594599, speed=38.56 km/h, dir=356.99°
2026-02-07 14:02:40,441 - INFO - Vehicle B updated: 12.965735, 77.594599, speed=42.61 km/h, dir=182.25°
2026-02-07 14:02:41,440 - INFO - Vehicle A updated: 12.978609, 77.594602, speed=40.73 km/h, dir=1.87°
2026-02-07 14:02:41,448 - INFO - Vehicle B updated: 12.965621, 77.594602, speed=45.26 km/h, dir=178.96°
2026-02-07 14:02:42,443 - INFO - Vehicle A updated: 12.978704, 77.594598, speed=37.70 km/h, dir=357.33°
2026-02-07 14:02:42,451 - INFO - Vehicle B updated: 12.965508, 77.594595, speed=45.30 km/h, dir=183.17°
2026-02-07 14:02:43,443 - INFO - Vehicle A updated: 12.978810, 77.594601, speed=42.79 km/h, dir=1.64°
2026-02-07 14:02:43,451 - INFO - Vehicle B updated: 12.965391, 77.594600, speed=46.61 km/h, dir=177.54°
2026-02-07 14:02:44,447 - INFO - Vehicle A updated: 12.978910, 77.594601, speed=39.69 km/h, dir=0.21°
2026-02-07 14:02:44,454 - INFO - Vehicle B updated: 12.965279, 77.594603, speed=44.96 km/h, dir=178.68°
2026-02-07 14:02:45,543 - INFO - Vehicle A updated: 12.979011, 77.594596, speed=37.13 km/h, dir=357.16°
2026-02-07 14:02:45,544 - INFO - Vehicle B updated: 12.965163, 77.594603, speed=42.42 km/h, dir=179.99°
2026-02-07 14:02:46,596 - INFO - Vehicle A updated: 12.979104, 77.594600, speed=35.13 km/h, dir=2.28°
2026-02-07 14:02:46,597 - INFO - Vehicle B updated: 12.965052, 77.594601, speed=42.36 km/h, dir=181.07°
2026-02-07 14:02:47,598 - INFO - Vehicle A updated: 12.979210, 77.594602, speed=42.37 km/h, dir=1.10°
2026-02-07 14:02:47,600 - INFO - Vehicle B updated: 12.964943, 77.594598, speed=43.44 km/h, dir=181.67°
2026-02-07 14:02:48,603 - INFO - Vehicle A updated: 12.979312, 77.594599, speed=40.64 km/h, dir=358.36°
2026-02-07 14:02:48,604 - INFO - Vehicle B updated: 12.964832, 77.594603, speed=44.11 km/h, dir=177.31°
2026-02-07 14:02:49,604 - INFO - Vehicle A updated: 12.979404, 77.594597, speed=36.84 km/h, dir=358.72°
2026-02-07 14:02:49,606 - INFO - Vehicle B updated: 12.964714, 77.594595, speed=47.27 km/h, dir=183.51°
2026-02-07 14:02:50,606 - INFO - Vehicle A updated: 12.979508, 77.594599, speed=41.79 km/h, dir=1.09°
2026-02-07 14:02:50,608 - INFO - Vehicle B updated: 12.964602, 77.594596, speed=44.71 km/h, dir=179.64°
2026-02-07 14:02:51,611 - INFO - Vehicle A updated: 12.979605, 77.594605, speed=38.65 km/h, dir=3.36°
2026-02-07 14:02:51,612 - INFO - Vehicle B updated: 12.964489, 77.594598, speed=45.40 km/h, dir=179.07°
2026-02-07 14:02:52,619 - INFO - Vehicle A updated: 12.979707, 77.594601, speed=40.54 km/h, dir=357.78°
2026-02-07 14:02:52,620 - INFO - Vehicle B updated: 12.964384, 77.594602, speed=41.49 km/h, dir=177.87°
2026-02-07 14:02:53,628 - INFO - Vehicle A updated: 12.979804, 77.594597, speed=38.21 km/h, dir=357.76°
2026-02-07 14:02:53,629 - INFO - Vehicle B updated: 12.964270, 77.594600, speed=45.46 km/h, dir=180.96°
2026-02-07 14:02:54,630 - INFO - Vehicle A updated: 12.979905, 77.594600, speed=40.51 km/h, dir=1.61°
2026-02-07 14:02:54,636 - INFO - Vehicle B updated: 12.964151, 77.594595, speed=47.31 km/h, dir=182.17°
2026-02-07 14:02:55,632 - INFO - Vehicle A updated: 12.980010, 77.594598, speed=42.09 km/h, dir=359.23°
2026-02-07 14:02:55,637 - INFO - Vehicle B updated: 12.964045, 77.594597, speed=42.25 km/h, dir=179.29°
2026-02-07 14:02:56,635 - INFO - Vehicle A updated: 12.980105, 77.594604, speed=37.75 km/h, dir=3.04°
2026-02-07 14:02:56,647 - INFO - Vehicle B updated: 12.963926, 77.594596, speed=47.31 km/h, dir=180.28°
2026-02-07 14:02:57,652 - INFO - Vehicle A updated: 12.980207, 77.594601, speed=40.21 km/h, dir=358.69°
2026-02-07 14:02:57,652 - INFO - Vehicle B updated: 12.963816, 77.594603, speed=43.76 km/h, dir=176.43°
2026-02-07 14:02:58,650 - INFO - Vehicle A updated: 12.980311, 77.594597, speed=41.85 km/h, dir=357.90°
2026-02-07 14:02:58,656 - INFO - Vehicle B updated: 12.963703, 77.594598, speed=45.15 km/h, dir=182.43°
2026-02-07 14:02:59,663 - INFO - Vehicle A updated: 12.980411, 77.594601, speed=39.58 km/h, dir=2.27°
2026-02-07 14:02:59,688 - INFO - Vehicle B updated: 12.963595, 77.594603, speed=41.90 km/h, dir=177.46°
2026-02-07 14:03:00,665 - INFO - Vehicle A updated: 12.980506, 77.594605, speed=37.99 km/h, dir=2.13°
2026-02-07 14:03:00,694 - INFO - Vehicle B updated: 12.963483, 77.594599, speed=44.58 km/h, dir=181.97°
2026-02-07 14:03:01,667 - INFO - Vehicle A updated: 12.980611, 77.594597, speed=41.77 km/h, dir=355.95°
2026-02-07 14:03:01,695 - INFO - Vehicle B updated: 12.963367, 77.594603, speed=46.21 km/h, dir=178.26°
2026-02-07 14:03:02,671 - INFO - Vehicle A updated: 12.980705, 77.594601, speed=37.77 km/h, dir=1.91°
2026-02-07 14:03:02,695 - INFO - Vehicle B updated: 12.963257, 77.594604, speed=44.06 km/h, dir=179.32°
2026-02-07 14:03:03,671 - INFO - Vehicle A updated: 12.980804, 77.594600, speed=39.62 km/h, dir=359.72°
2026-02-07 14:03:03,697 - INFO - Vehicle B updated: 12.963137, 77.594598, speed=48.28 km/h, dir=182.96°
2026-02-07 14:03:04,679 - INFO - Vehicle A updated: 12.980908, 77.594601, speed=41.36 km/h, dir=0.75°
2026-02-07 14:03:04,702 - INFO - Vehicle B updated: 12.963028, 77.594599, speed=43.40 km/h, dir=179.23°
2026-02-07 14:03:05,681 - INFO - Vehicle A updated: 12.981014, 77.594601, speed=42.02 km/h, dir=359.91°
2026-02-07 14:03:05,705 - INFO - Vehicle B updated: 12.962912, 77.594595, speed=46.13 km/h, dir=181.94°
2026-02-07 14:03:06,685 - INFO - Vehicle A updated: 12.981109, 77.594599, speed=37.98 km/h, dir=358.86°
2026-02-07 14:03:06,708 - INFO - Vehicle B updated: 12.962800, 77.594602, speed=44.83 km/h, dir=176.62°
2026-02-07 14:03:07,690 - INFO - Vehicle A updated: 12.981214, 77.594599, speed=41.94 km/h, dir=359.77°
2026-02-07 14:03:07,708 - INFO - Vehicle B updated: 12.962692, 77.594597, speed=43.37 km/h, dir=182.69°
2026-02-07 14:03:08,690 - INFO - Vehicle A updated: 12.981306, 77.594595, speed=36.67 km/h, dir=357.70°
2026-02-07 14:03:08,712 - INFO - Vehicle B updated: 12.962579, 77.594597, speed=44.89 km/h, dir=179.99°
2026-02-07 14:03:09,693 - INFO - Vehicle A updated: 12.981412, 77.594595, speed=42.61 km/h, dir=0.07°
2026-02-07 14:03:09,713 - INFO - Vehicle B updated: 12.962464, 77.594600, speed=46.14 km/h, dir=178.63°
2026-02-07 14:03:10,695 - INFO - Vehicle A updated: 12.981514, 77.594599, speed=40.59 km/h, dir=2.22°
2026-02-07 14:03:10,717 - INFO - Vehicle B updated: 12.962354, 77.594605, speed=44.00 km/h, dir=177.33°
2026-02-07 14:03:11,695 - INFO - Vehicle A updated: 12.981612, 77.594604, speed=39.29 km/h, dir=2.55°
2026-02-07 14:03:11,719 - INFO - Vehicle B updated: 12.962240, 77.594599, speed=45.60 km/h, dir=182.85°
2026-02-07 14:03:12,710 - INFO - Vehicle A updated: 12.981712, 77.594597, speed=39.67 km/h, dir=356.49°
2026-02-07 14:03:12,721 - INFO - Vehicle B updated: 12.962125, 77.594597, speed=45.84 km/h, dir=181.11°
2026-02-07 14:03:13,719 - INFO - Vehicle A updated: 12.981809, 77.594600, speed=38.41 km/h, dir=1.74°
2026-02-07 14:03:13,723 - INFO - Vehicle B updated: 12.962017, 77.594597, speed=43.08 km/h, dir=180.17°
2026-02-07 14:03:14,722 - INFO - Vehicle A updated: 12.981905, 77.594605, speed=38.47 km/h, dir=2.50°
2026-02-07 14:03:14,726 - INFO - Vehicle B updated: 12.961900, 77.594601, speed=46.93 km/h, dir=177.92°
2026-02-07 14:03:15,725 - INFO - Vehicle A updated: 12.982012, 77.594600, speed=42.70 km/h, dir=357.23°
2026-02-07 14:03:15,754 - INFO - Vehicle B updated: 12.961789, 77.594602, speed=43.16 km/h, dir=179.31°
2026-02-07 14:03:16,727 - INFO - Vehicle A updated: 12.982115, 77.594600, speed=41.22 km/h, dir=0.10°
2026-02-07 14:03:16,733 - INFO - Vehicle B updated: 12.961679, 77.594598, speed=45.00 km/h, dir=182.16°
2026-02-07 14:03:17,728 - INFO - Vehicle A updated: 12.982209, 77.594601, speed=37.50 km/h, dir=1.05°
2026-02-07 14:03:17,736 - INFO - Vehicle B updated: 12.961568, 77.594602, speed=44.33 km/h, dir=178.20°
2026-02-07 14:03:18,731 - INFO - Vehicle A updated: 12.982306, 77.594596, speed=38.82 km/h, dir=356.95°
2026-02-07 14:03:18,741 - INFO - Vehicle B updated: 12.961454, 77.594596, speed=45.33 km/h, dir=182.75°
2026-02-07 14:03:19,738 - INFO - Vehicle A updated: 12.982411, 77.594596, speed=41.67 km/h, dir=0.06°
2026-02-07 14:03:19,744 - INFO - Vehicle B updated: 12.961337, 77.594603, speed=46.92 km/h, dir=176.47°
2026-02-07 14:03:20,738 - INFO - Vehicle A updated: 12.982512, 77.594602, speed=40.43 km/h, dir=2.98°
2026-02-07 14:03:20,744 - INFO - Vehicle B updated: 12.961224, 77.594605, speed=45.23 km/h, dir=179.43°
2026-02-07 14:03:21,739 - INFO - Vehicle A updated: 12.982610, 77.594602, speed=39.08 km/h, dir=0.46°
2026-02-07 14:03:21,744 - INFO - Vehicle B updated: 12.961117, 77.594604, speed=42.69 km/h, dir=180.22°
2026-02-07 14:03:22,740 - INFO - Vehicle A updated: 12.982715, 77.594595, speed=41.98 km/h, dir=356.09°
2026-02-07 14:03:22,744 - INFO - Vehicle B updated: 12.961002, 77.594597, speed=46.37 km/h, dir=183.63°
2026-02-07 14:03:23,744 - INFO - Vehicle A updated: 12.982816, 77.594603, speed=40.58 km/h, dir=4.27°
2026-02-07 14:03:23,748 - INFO - Vehicle B updated: 12.960884, 77.594604, speed=46.92 km/h, dir=176.44°
2026-02-07 14:03:24,743 - INFO - Vehicle A updated: 12.982909, 77.594604, speed=37.11 km/h, dir=0.69°
2026-02-07 14:03:24,751 - INFO - Vehicle B updated: 12.960778, 77.594601, speed=42.53 km/h, dir=181.41°
2026-02-07 14:03:25,746 - INFO - Vehicle A updated: 12.983014, 77.594595, speed=42.30 km/h, dir=355.47°
2026-02-07 14:03:25,753 - INFO - Vehicle B updated: 12.960665, 77.594600, speed=45.12 km/h, dir=180.53°
2026-02-07 14:03:26,757 - INFO - Vehicle A updated: 12.983109, 77.594596, speed=37.35 km/h, dir=0.15°
2026-02-07 14:03:26,759 - INFO - Vehicle B updated: 12.960551, 77.594600, speed=45.27 km/h, dir=180.24°
2026-02-07 14:03:27,759 - INFO - Vehicle A updated: 12.983214, 77.594596, speed=42.29 km/h, dir=0.31°
2026-02-07 14:03:27,762 - INFO - Vehicle B updated: 12.960442, 77.594603, speed=43.32 km/h, dir=178.46°
2026-02-07 14:03:28,760 - INFO - Vehicle A updated: 12.983315, 77.594600, speed=40.38 km/h, dir=2.24°
2026-02-07 14:03:28,768 - INFO - Vehicle B updated: 12.960330, 77.594599, speed=44.71 km/h, dir=182.19°
2026-02-07 14:03:29,761 - INFO - Vehicle A updated: 12.983408, 77.594603, speed=36.90 km/h, dir=1.67°
2026-02-07 14:03:29,772 - INFO - Vehicle B updated: 12.960214, 77.594599, speed=46.39 km/h, dir=179.80°
2026-02-07 14:03:30,764 - INFO - Vehicle A updated: 12.983514, 77.594600, speed=42.77 km/h, dir=358.24°
2026-02-07 14:03:30,772 - INFO - Vehicle B updated: 12.960098, 77.594599, speed=46.52 km/h, dir=179.76°
2026-02-07 14:03:31,766 - INFO - Vehicle A updated: 12.983610, 77.594604, speed=38.01 km/h, dir=2.70°
2026-02-07 14:03:31,776 - INFO - Vehicle B updated: 12.959983, 77.594596, speed=45.71 km/h, dir=181.56°
2026-02-07 14:03:32,775 - INFO - Vehicle A updated: 12.983714, 77.594603, speed=41.56 km/h, dir=359.13°
2026-02-07 14:03:32,777 - INFO - Vehicle B updated: 12.959876, 77.594600, speed=42.79 km/h, dir=178.15°
2026-02-07 14:03:33,775 - INFO - Vehicle A updated: 12.983808, 77.594603, speed=37.56 km/h, dir=0.23°
2026-02-07 14:03:33,780 - INFO - Vehicle B updated: 12.959765, 77.594597, speed=44.46 km/h, dir=181.53°
2026-02-07 14:03:34,796 - INFO - Vehicle B updated: 12.959652, 77.594600, speed=44.23 km/h, dir=178.33°
2026-02-07 14:03:34,796 - INFO - Vehicle A updated: 12.983914, 77.594604, speed=41.49 km/h, dir=0.65°
2026-02-07 14:03:35,802 - INFO - Vehicle B updated: 12.959533, 77.594596, speed=47.38 km/h, dir=181.97°
2026-02-07 14:03:35,803 - INFO - Vehicle A updated: 12.984015, 77.594598, speed=40.07 km/h, dir=356.67°
2026-02-07 14:03:36,803 - INFO - Vehicle B updated: 12.959421, 77.594600, speed=44.78 km/h, dir=177.73°
2026-02-07 14:03:36,805 - INFO - Vehicle A updated: 12.984115, 77.594597, speed=40.17 km/h, dir=359.21°
2026-02-07 14:03:37,806 - INFO - Vehicle B updated: 12.959310, 77.594595, speed=44.66 km/h, dir=182.62°
2026-02-07 14:03:37,808 - INFO - Vehicle A updated: 12.984213, 77.594604, speed=39.18 km/h, dir=4.13°
2026-02-07 14:03:38,809 - INFO - Vehicle B updated: 12.959196, 77.594595, speed=45.33 km/h, dir=180.08°
2026-02-07 14:03:38,815 - INFO - Vehicle A updated: 12.984310, 77.594602, speed=38.38 km/h, dir=358.91°
2026-02-07 14:03:39,812 - INFO - Vehicle B updated: 12.959084, 77.594597, speed=44.96 km/h, dir=178.80°
2026-02-07 14:03:39,819 - INFO - Vehicle A updated: 12.984414, 77.594602, speed=41.68 km/h, dir=359.89°
2026-02-07 14:03:40,812 - INFO - Vehicle B updated: 12.958975, 77.594598, speed=43.40 km/h, dir=179.67°
2026-02-07 14:03:40,820 - INFO - Vehicle A updated: 12.984511, 77.594605, speed=38.68 km/h, dir=1.71°
2026-02-07 14:03:41,816 - INFO - Vehicle B updated: 12.958859, 77.594598, speed=46.15 km/h, dir=180.15°
2026-02-07 14:03:41,822 - INFO - Vehicle A updated: 12.984614, 77.594602, speed=41.07 km/h, dir=358.41°
2026-02-07 14:03:42,818 - INFO - Vehicle B updated: 12.958751, 77.594597, speed=43.10 km/h, dir=180.42°
2026-02-07 14:03:42,822 - INFO - Vehicle A updated: 12.984717, 77.594603, speed=41.26 km/h, dir=0.74°
2026-02-07 14:03:43,821 - INFO - Vehicle B updated: 12.958640, 77.594602, speed=44.68 km/h, dir=177.35°
2026-02-07 14:03:43,826 - INFO - Vehicle A updated: 12.984816, 77.594604, speed=39.37 km/h, dir=0.33°
2026-02-07 14:03:44,821 - INFO - Vehicle B updated: 12.958519, 77.594601, speed=48.11 km/h, dir=180.58°
2026-02-07 14:03:44,826 - INFO - Vehicle A updated: 12.984913, 77.594603, speed=38.99 km/h, dir=359.60°
2026-02-07 14:03:45,824 - INFO - Vehicle B updated: 12.958406, 77.594603, speed=45.26 km/h, dir=178.79°
2026-02-07 14:03:45,828 - INFO - Vehicle A updated: 12.985013, 77.594595, speed=40.01 km/h, dir=355.48°
2026-02-07 14:03:46,843 - INFO - Vehicle B updated: 12.958300, 77.594600, speed=41.91 km/h, dir=182.04°
2026-02-07 14:03:46,843 - INFO - Vehicle A updated: 12.985110, 77.594598, speed=38.41 km/h, dir=1.70°
2026-02-07 14:03:47,843 - INFO - Vehicle B updated: 12.958183, 77.594604, speed=46.46 km/h, dir=177.91°
2026-02-07 14:03:47,843 - INFO - Vehicle A updated: 12.985214, 77.594602, speed=41.72 km/h, dir=1.81°
2026-02-07 14:03:48,846 - INFO - Vehicle A updated: 12.985316, 77.594605, speed=40.70 km/h, dir=1.70°
2026-02-07 14:03:48,847 - INFO - Vehicle B updated: 12.958075, 77.594601, speed=43.30 km/h, dir=181.26°
2026-02-07 14:03:49,848 - INFO - Vehicle A updated: 12.985413, 77.594601, speed=38.67 km/h, dir=357.74°
2026-02-07 14:03:49,850 - INFO - Vehicle B updated: 12.957957, 77.594601, speed=46.91 km/h, dir=180.28°
2026-02-07 14:03:50,852 - INFO - Vehicle B updated: 12.957848, 77.594601, speed=43.71 km/h, dir=180.00°
2026-02-07 14:03:50,852 - INFO - Vehicle A updated: 12.985519, 77.594601, speed=42.25 km/h, dir=0.03°
2026-02-07 14:03:51,855 - INFO - Vehicle A updated: 12.985616, 77.594598, speed=38.69 km/h, dir=358.50°
2026-02-07 14:03:51,855 - INFO - Vehicle B updated: 12.957731, 77.594603, speed=46.64 km/h, dir=179.17°
2026-02-07 14:03:52,856 - INFO - Vehicle B updated: 12.957624, 77.594600, speed=42.91 km/h, dir=181.28°
2026-02-07 14:03:52,857 - INFO - Vehicle A updated: 12.985710, 77.594597, speed=37.68 km/h, dir=359.07°
2026-02-07 14:03:53,860 - INFO - Vehicle A updated: 12.985814, 77.594596, speed=41.24 km/h, dir=359.84°
2026-02-07 14:03:53,860 - INFO - Vehicle B updated: 12.957511, 77.594595, speed=44.94 km/h, dir=182.36°
2026-02-07 14:03:54,866 - INFO - Vehicle B updated: 12.957395, 77.594599, speed=46.32 km/h, dir=178.13°
2026-02-07 14:03:54,866 - INFO - Vehicle A updated: 12.985916, 77.594601, speed=40.96 km/h, dir=2.40°
2026-02-07 14:03:55,868 - INFO - Vehicle A updated: 12.986010, 77.594600, speed=37.61 km/h, dir=359.56°
2026-02-07 14:03:55,868 - INFO - Vehicle B updated: 12.957282, 77.594605, speed=45.26 km/h, dir=177.26°
2026-02-07 14:03:56,871 - INFO - Vehicle A updated: 12.986115, 77.594604, speed=41.88 km/h, dir=2.27°
2026-02-07 14:03:56,872 - INFO - Vehicle B updated: 12.957175, 77.594602, speed=42.57 km/h, dir=181.40°
2026-02-07 14:03:57,876 - INFO - Vehicle A updated: 12.986219, 77.594604, speed=41.14 km/h, dir=359.70°
2026-02-07 14:03:57,876 - INFO - Vehicle B updated: 12.957058, 77.594601, speed=46.61 km/h, dir=180.33°
2026-02-07 14:03:58,878 - INFO - Vehicle A updated: 12.986320, 77.594595, speed=40.47 km/h, dir=355.20°
2026-02-07 14:03:58,878 - INFO - Vehicle B updated: 12.956944, 77.594602, speed=45.70 km/h, dir=179.56°
2026-02-07 14:03:59,896 - INFO - Vehicle A updated: 12.986415, 77.594596, speed=37.62 km/h, dir=0.28°
2026-02-07 14:03:59,897 - INFO - Vehicle B updated: 12.956839, 77.594597, speed=41.31 km/h, dir=182.75°
2026-02-07 14:04:00,903 - INFO - Vehicle A updated: 12.986514, 77.594596, speed=39.11 km/h, dir=0.23°
2026-02-07 14:04:00,903 - INFO - Vehicle B updated: 12.956723, 77.594595, speed=46.09 km/h, dir=180.91°
2026-02-07 14:04:01,906 - INFO - Vehicle A updated: 12.986616, 77.594602, speed=40.93 km/h, dir=3.53°
2026-02-07 14:04:01,906 - INFO - Vehicle B updated: 12.956608, 77.594602, speed=45.71 km/h, dir=176.52°
2026-02-07 14:04:02,909 - INFO - Vehicle B updated: 12.956497, 77.594599, speed=44.70 km/h, dir=181.87°
2026-02-07 14:04:02,909 - INFO - Vehicle A updated: 12.986710, 77.594598, speed=37.70 km/h, dir=357.46°
2026-02-07 14:04:03,910 - INFO - Vehicle A updated: 12.986820, 77.594598, speed=43.82 km/h, dir=359.90°
2026-02-07 14:04:03,912 - INFO - Vehicle B updated: 12.956386, 77.594601, speed=44.15 km/h, dir=178.86°
2026-02-07 14:04:04,917 - INFO - Vehicle A updated: 12.986916, 77.594595, speed=38.18 km/h, dir=358.44°
2026-02-07 14:04:04,917 - INFO - Vehicle B updated: 12.956270, 77.594600, speed=46.24 km/h, dir=180.41°
2026-02-07 14:04:05,918 - INFO - Vehicle B updated: 12.956154, 77.594601, speed=46.42 km/h, dir=179.77°
2026-02-07 14:04:05,918 - INFO - Vehicle A updated: 12.987016, 77.594599, speed=39.93 km/h, dir=2.20°
2026-02-07 14:04:06,924 - INFO - Vehicle A updated: 12.987119, 77.594601, speed=41.15 km/h, dir=1.09°
2026-02-07 14:04:06,925 - INFO - Vehicle B updated: 12.956041, 77.594600, speed=44.87 km/h, dir=180.21°
2026-02-07 14:04:07,925 - INFO - Vehicle A updated: 12.987215, 77.594598, speed=38.42 km/h, dir=357.87°
2026-02-07 14:04:07,935 - INFO - Vehicle B updated: 12.955931, 77.594596, speed=43.82 km/h, dir=182.32°
2026-02-07 14:04:08,924 - INFO - Vehicle A updated: 12.987312, 77.594596, speed=38.67 km/h, dir=359.14°
2026-02-07 14:04:08,938 - INFO - Vehicle B updated: 12.955825, 77.594603, speed=42.11 km/h, dir=176.24°
2026-02-07 14:04:09,929 - INFO - Vehicle A updated: 12.987413, 77.594602, speed=40.45 km/h, dir=3.24°
2026-02-07 14:04:09,939 - INFO - Vehicle B updated: 12.955710, 77.594604, speed=46.09 km/h, dir=179.56°
2026-02-07 14:04:10,932 - INFO - Vehicle A updated: 12.987517, 77.594603, speed=41.68 km/h, dir=0.75°
2026-02-07 14:04:10,943 - INFO - Vehicle B updated: 12.955594, 77.594597, speed=46.33 km/h, dir=183.20°
2026-02-07 14:04:11,935 - INFO - Vehicle A updated: 12.987615, 77.594604, speed=38.79 km/h, dir=0.13°
2026-02-07 14:04:11,946 - INFO - Vehicle B updated: 12.955481, 77.594605, speed=45.31 km/h, dir=176.22°
2026-02-07 14:04:12,938 - INFO - Vehicle A updated: 12.987718, 77.594605, speed=41.29 km/h, dir=0.73°
2026-02-07 14:04:12,948 - INFO - Vehicle B updated: 12.955374, 77.594598, speed=42.90 km/h, dir=183.29°
2026-02-07 14:04:13,940 - INFO - Vehicle A updated: 12.987819, 77.594604, speed=40.42 km/h, dir=359.55°
2026-02-07 14:04:13,955 - INFO - Vehicle B updated: 12.955262, 77.594600, speed=44.18 km/h, dir=179.07°
2026-02-07 14:04:14,940 - INFO - Vehicle A updated: 12.987917, 77.594603, speed=39.21 km/h, dir=359.31°
2026-02-07 14:04:14,955 - INFO - Vehicle B updated: 12.955144, 77.594596, speed=47.48 km/h, dir=181.96°
2026-02-07 14:04:15,944 - INFO - Vehicle A updated: 12.988014, 77.594597, speed=38.69 km/h, dir=356.55°
2026-02-07 14:04:15,957 - INFO - Vehicle B updated: 12.955034, 77.594603, speed=43.85 km/h, dir=176.19°
2026-02-07 14:04:16,944 - INFO - Vehicle A updated: 12.988120, 77.594605, speed=42.50 km/h, dir=4.01°
2026-02-07 14:04:16,957 - INFO - Vehicle B updated: 12.954923, 77.594595, speed=44.74 km/h, dir=184.03°
2026-02-07 14:04:17,947 - INFO - Vehicle A updated: 12.988215, 77.594599, speed=37.96 km/h, dir=356.93°
2026-02-07 14:04:17,960 - INFO - Vehicle B updated: 12.954808, 77.594603, speed=46.04 km/h, dir=176.14°
2026-02-07 14:04:18,946 - INFO - Vehicle A updated: 12.988312, 77.594603, speed=38.85 km/h, dir=2.23°
2026-02-07 14:04:18,960 - INFO - Vehicle B updated: 12.954699, 77.594603, speed=43.65 km/h, dir=180.42°
2026-02-07 14:04:19,947 - INFO - Vehicle A updated: 12.988415, 77.594600, speed=41.25 km/h, dir=358.35°
2026-02-07 14:04:19,963 - INFO - Vehicle B updated: 12.954582, 77.594600, speed=46.54 km/h, dir=181.31°
2026-02-07 14:04:20,953 - INFO - Vehicle A updated: 12.988517, 77.594600, speed=40.66 km/h, dir=359.72°
2026-02-07 14:04:20,968 - INFO - Vehicle B updated: 12.954470, 77.594595, speed=44.59 km/h, dir=182.19°
2026-02-07 14:04:21,954 - INFO - Vehicle A updated: 12.988617, 77.594603, speed=39.88 km/h, dir=2.09°
2026-02-07 14:04:21,971 - INFO - Vehicle B updated: 12.954354, 77.594599, speed=46.56 km/h, dir=178.29°
2026-02-07 14:04:22,956 - INFO - Vehicle A updated: 12.988720, 77.594600, speed=41.45 km/h, dir=358.13°
2026-02-07 14:04:22,972 - INFO - Vehicle B updated: 12.954243, 77.594601, speed=44.13 km/h, dir=179.10°
2026-02-07 14:04:23,960 - INFO - Vehicle A updated: 12.988813, 77.594598, speed=36.76 km/h, dir=358.72°
2026-02-07 14:04:23,975 - INFO - Vehicle B updated: 12.954129, 77.594599, speed=45.67 km/h, dir=180.94°
2026-02-07 14:04:24,963 - INFO - Vehicle A updated: 12.988920, 77.594599, speed=43.00 km/h, dir=0.78°
2026-02-07 14:04:24,977 - INFO - Vehicle B updated: 12.954019, 77.594603, speed=44.08 km/h, dir=177.78°
2026-02-07 14:04:25,968 - INFO - Vehicle A updated: 12.989016, 77.594598, speed=38.06 km/h, dir=359.03°
2026-02-07 14:04:25,977 - INFO - Vehicle B updated: 12.953903, 77.594597, speed=46.35 km/h, dir=183.12°
2026-02-07 14:04:26,970 - INFO - Vehicle A updated: 12.989116, 77.594599, speed=39.93 km/h, dir=0.70°
2026-02-07 14:04:26,981 - INFO - Vehicle B updated: 12.953790, 77.594596, speed=45.09 km/h, dir=180.55°
2026-02-07 14:04:27,973 - INFO - Vehicle A updated: 12.989220, 77.594603, speed=41.65 km/h, dir=2.18°
2026-02-07 14:04:27,984 - INFO - Vehicle B updated: 12.953681, 77.594605, speed=43.60 km/h, dir=175.33°
2026-02-07 14:04:28,976 - INFO - Vehicle A updated: 12.989320, 77.594605, speed=39.94 km/h, dir=0.90°
2026-02-07 14:04:28,988 - INFO - Vehicle B updated: 12.953565, 77.594600, speed=46.38 km/h, dir=182.38°
2026-02-07 14:04:29,978 - INFO - Vehicle A updated: 12.989414, 77.594603, speed=37.32 km/h, dir=359.05°
2026-02-07 14:04:29,992 - INFO - Vehicle B updated: 12.953458, 77.594599, speed=42.62 km/h, dir=180.52°
2026-02-07 14:04:30,978 - INFO - Vehicle A updated: 12.989514, 77.594600, speed=40.18 km/h, dir=358.36°
2026-02-07 14:04:30,992 - INFO - Vehicle B updated: 12.953344, 77.594603, speed=45.47 km/h, dir=177.96°
2026-02-07 14:04:31,981 - INFO - Vehicle A updated: 12.989615, 77.594598, speed=40.16 km/h, dir=358.73°
2026-02-07 14:04:31,996 - INFO - Vehicle B updated: 12.953231, 77.594598, speed=45.14 km/h, dir=182.38°
2026-02-07 14:04:32,983 - INFO - Vehicle A updated: 12.989717, 77.594598, speed=40.80 km/h, dir=359.89°
2026-02-07 14:04:32,998 - INFO - Vehicle B updated: 12.953121, 77.594596, speed=43.87 km/h, dir=181.19°
2026-02-07 14:04:33,984 - INFO - Vehicle A updated: 12.989820, 77.594599, speed=41.14 km/h, dir=0.78°
2026-02-07 14:04:34,004 - INFO - Vehicle B updated: 12.953007, 77.594595, speed=45.45 km/h, dir=180.26°
2026-02-07 14:04:34,991 - INFO - Vehicle A updated: 12.989921, 77.594604, speed=40.51 km/h, dir=2.67°
2026-02-07 14:04:35,004 - INFO - Vehicle B updated: 12.952893, 77.594602, speed=45.97 km/h, dir=176.59°
2026-02-07 14:04:35,991 - INFO - Vehicle A updated: 12.990019, 77.594597, speed=39.21 km/h, dir=356.08°
2026-02-07 14:04:36,008 - INFO - Vehicle B updated: 12.952778, 77.594595, speed=45.74 km/h, dir=183.30°
2026-02-07 14:04:36,992 - INFO - Vehicle A updated: 12.990119, 77.594604, speed=40.25 km/h, dir=4.12°
2026-02-07 14:04:37,010 - INFO - Vehicle B updated: 12.952671, 77.594602, speed=43.01 km/h, dir=176.75°
2026-02-07 14:04:37,998 - INFO - Vehicle A updated: 12.990223, 77.594600, speed=41.23 km/h, dir=357.91°
2026-02-07 14:04:38,015 - INFO - Vehicle B updated: 12.952552, 77.594598, speed=47.38 km/h, dir=181.95°
2026-02-07 14:04:39,002 - INFO - Vehicle A updated: 12.990321, 77.594597, speed=39.12 km/h, dir=357.85°
2026-02-07 14:04:39,022 - INFO - Vehicle B updated: 12.952440, 77.594601, speed=44.50 km/h, dir=178.31°
2026-02-07 14:04:40,001 - INFO - Vehicle A updated: 12.990423, 77.594604, speed=40.95 km/h, dir=3.82°
2026-02-07 14:04:40,022 - INFO - Vehicle B updated: 12.952333, 77.594605, speed=42.72 km/h, dir=178.12°
2026-02-07 14:04:41,004 - INFO - Vehicle A updated: 12.990520, 77.594601, speed=38.80 km/h, dir=358.65°
2026-02-07 14:04:41,024 - INFO - Vehicle B updated: 12.952213, 77.594600, speed=48.03 km/h, dir=182.22°
2026-02-07 14:04:42,007 - INFO - Vehicle A updated: 12.990623, 77.594599, speed=41.00 km/h, dir=358.66°
2026-02-07 14:04:42,024 - INFO - Vehicle B updated: 12.952107, 77.594598, speed=42.49 km/h, dir=180.86°
2026-02-07 14:04:43,010 - INFO - Vehicle A updated: 12.990719, 77.594600, speed=38.30 km/h, dir=0.84°
2026-02-07 14:04:43,028 - INFO - Vehicle B updated: 12.951991, 77.594597, speed=46.21 km/h, dir=180.34°
2026-02-07 14:04:44,012 - INFO - Vehicle A updated: 12.990821, 77.594603, speed=40.78 km/h, dir=1.72°
2026-02-07 14:04:44,030 - INFO - Vehicle B updated: 12.951881, 77.594604, speed=44.08 km/h, dir=176.61°
2026-02-07 14:04:45,012 - INFO - Vehicle A updated: 12.990916, 77.594597, speed=37.96 km/h, dir=355.99°
2026-02-07 14:04:45,037 - INFO - Vehicle B updated: 12.951764, 77.594597, speed=46.46 km/h, dir=183.50°
2026-02-07 14:04:46,021 - INFO - Vehicle A updated: 12.991014, 77.594599, speed=39.27 km/h, dir=1.54°
2026-02-07 14:04:46,044 - INFO - Vehicle B updated: 12.951655, 77.594604, speed=43.58 km/h, dir=176.32°
2026-02-07 14:04:47,081 - INFO - Vehicle A updated: 12.991115, 77.594601, speed=38.07 km/h, dir=1.06°
2026-02-07 14:04:47,085 - INFO - Vehicle B updated: 12.951542, 77.594601, speed=43.33 km/h, dir=181.69°
2026-02-07 14:04:48,084 - INFO - Vehicle A updated: 12.991219, 77.594596, speed=41.44 km/h, dir=357.03°
2026-02-07 14:04:48,085 - INFO - Vehicle B updated: 12.951429, 77.594600, speed=45.52 km/h, dir=180.41°
2026-02-07 14:04:49,090 - INFO - Vehicle A updated: 12.991319, 77.594601, speed=39.89 km/h, dir=2.63°
2026-02-07 14:04:49,091 - INFO - Vehicle B updated: 12.951316, 77.594597, speed=44.82 km/h, dir=181.35°
2026-02-07 14:04:50,112 - INFO - Vehicle A updated: 12.991421, 77.594598, speed=39.82 km/h, dir=358.62°
2026-02-07 14:04:50,114 - INFO - Vehicle B updated: 12.951206, 77.594601, speed=43.05 km/h, dir=177.77°
2026-02-07 14:04:51,148 - INFO - Vehicle B updated: 12.951094, 77.594600, speed=43.18 km/h, dir=180.50°
2026-02-07 14:04:51,148 - INFO - Vehicle A updated: 12.991519, 77.594600, speed=38.06 km/h, dir=0.95°
2026-02-07 14:04:52,152 - INFO - Vehicle A updated: 12.991625, 77.594604, speed=42.07 km/h, dir=2.28°
2026-02-07 14:04:52,153 - INFO - Vehicle B updated: 12.950974, 77.594604, speed=48.01 km/h, dir=178.54°
2026-02-07 14:04:53,159 - INFO - Vehicle A updated: 12.991720, 77.594599, speed=37.76 km/h, dir=357.10°
2026-02-07 14:04:53,159 - INFO - Vehicle B updated: 12.950865, 77.594600, speed=43.21 km/h, dir=182.09°
2026-02-07 14:04:54,162 - INFO - Vehicle B updated: 12.950756, 77.594605, speed=43.54 km/h, dir=177.23°
2026-02-07 14:04:54,164 - INFO - Vehicle A updated: 12.991823, 77.594602, speed=41.29 km/h, dir=1.48°
2026-02-07 14:04:55,171 - INFO - Vehicle A updated: 12.991917, 77.594601, speed=37.26 km/h, dir=359.67°
2026-02-07 14:04:55,172 - INFO - Vehicle B updated: 12.950643, 77.594603, speed=45.06 km/h, dir=180.90°
2026-02-07 14:04:56,172 - INFO - Vehicle A updated: 12.992019, 77.594596, speed=40.84 km/h, dir=356.97°
2026-02-07 14:04:56,172 - INFO - Vehicle B updated: 12.950529, 77.594598, speed=45.66 km/h, dir=182.74°
2026-02-07 14:04:57,176 - INFO - Vehicle B updated: 12.950415, 77.594603, speed=45.54 km/h, dir=177.11°
2026-02-07 14:04:57,176 - INFO - Vehicle A updated: 12.992122, 77.594601, speed=41.23 km/h, dir=2.98°
2026-02-07 14:04:58,179 - INFO - Vehicle A updated: 12.992218, 77.594597, speed=38.31 km/h, dir=357.29°
2026-02-07 14:04:58,181 - INFO - Vehicle B updated: 12.950298, 77.594598, speed=46.68 km/h, dir=182.51°
2026-02-07 14:04:59,179 - INFO - Vehicle A updated: 12.992318, 77.594601, speed=40.14 km/h, dir=2.31°
2026-02-07 14:04:59,185 - INFO - Vehicle B updated: 12.950191, 77.594600, speed=42.46 km/h, dir=178.96°
2026-02-07 14:05:00,181 - INFO - Vehicle A updated: 12.992425, 77.594602, speed=42.60 km/h, dir=0.87°
2026-02-07 14:05:00,185 - INFO - Vehicle B updated: 12.950080, 77.594598, speed=44.56 km/h, dir=181.20°
2026-02-07 14:05:01,193 - INFO - Vehicle A updated: 12.992525, 77.594597, speed=39.55 km/h, dir=356.85°
2026-02-07 14:05:01,194 - INFO - Vehicle B updated: 12.949967, 77.594601, speed=44.92 km/h, dir=178.33°
2026-02-07 14:05:02,266 - INFO - Vehicle A updated: 12.992619, 77.594603, speed=35.42 km/h, dir=3.87°
2026-02-07 14:05:02,267 - INFO - Vehicle B updated: 12.949857, 77.594600, speed=40.99 km/h, dir=180.54°
2026-02-07 14:05:03,275 - INFO - Vehicle B updated: 12.949744, 77.594599, speed=44.82 km/h, dir=180.37°
2026-02-07 14:05:03,275 - INFO - Vehicle A updated: 12.992723, 77.594599, speed=41.03 km/h, dir=357.54°
2026-02-07 14:05:04,275 - INFO - Vehicle B updated: 12.949631, 77.594595, speed=45.25 km/h, dir=182.11°
2026-02-07 14:05:04,275 - INFO - Vehicle A updated: 12.992817, 77.594602, speed=37.60 km/h, dir=2.13°
2026-02-07 14:05:05,288 - INFO - Vehicle B updated: 12.949513, 77.594599, speed=46.71 km/h, dir=178.09°
2026-02-07 14:05:05,288 - INFO - Vehicle A updated: 12.992922, 77.594599, speed=41.49 km/h, dir=358.30°
2026-02-07 14:05:06,289 - INFO - Vehicle B updated: 12.949406, 77.594604, speed=42.73 km/h, dir=177.29°
2026-02-07 14:05:06,289 - INFO - Vehicle A updated: 12.993024, 77.594604, speed=40.82 km/h, dir=2.80°
2026-02-07 14:05:07,294 - INFO - Vehicle A updated: 12.993122, 77.594603, speed=39.23 km/h, dir=359.07°
2026-02-07 14:05:07,294 - INFO - Vehicle B updated: 12.949292, 77.594596, speed=45.66 km/h, dir=184.10°
2026-02-07 14:05:08,301 - INFO - Vehicle B updated: 12.949176, 77.594603, speed=46.00 km/h, dir=176.60°
2026-02-07 14:05:08,302 - INFO - Vehicle A updated: 12.993218, 77.594595, speed=38.33 km/h, dir=355.63°
2026-02-07 14:05:09,303 - INFO - Vehicle B updated: 12.949063, 77.594597, speed=45.18 km/h, dir=182.91°
2026-02-07 14:05:09,303 - INFO - Vehicle A updated: 12.993318, 77.594596, speed=40.06 km/h, dir=0.68°
2026-02-07 14:05:10,308 - INFO - Vehicle A updated: 12.993421, 77.594603, speed=40.79 km/h, dir=3.75°
2026-02-07 14:05:10,308 - INFO - Vehicle B updated: 12.948952, 77.594596, speed=44.56 km/h, dir=180.62°
2026-02-07 14:05:11,313 - INFO - Vehicle A updated: 12.993527, 77.594597, speed=42.26 km/h, dir=356.73°
2026-02-07 14:05:11,319 - INFO - Vehicle B updated: 12.948834, 77.594605, speed=46.51 km/h, dir=175.66°
2026-02-07 14:05:12,313 - INFO - Vehicle A updated: 12.993621, 77.594601, speed=37.89 km/h, dir=2.41°
2026-02-07 14:05:12,320 - INFO - Vehicle B updated: 12.948721, 77.594601, speed=45.32 km/h, dir=181.78°
2026-02-07 14:05:13,315 - INFO - Vehicle A updated: 12.993721, 77.594599, speed=39.97 km/h, dir=359.04°
2026-02-07 14:05:13,316 - INFO - Vehicle B updated: 12.948617, 77.594598, speed=41.96 km/h, dir=181.57°
2026-02-07 14:05:14,318 - INFO - Vehicle A updated: 12.993818, 77.594604, speed=38.84 km/h, dir=2.78°
2026-02-07 14:05:14,325 - INFO - Vehicle B updated: 12.948503, 77.594595, speed=45.35 km/h, dir=181.64°
2026-02-07 14:05:15,339 - INFO - Vehicle A updated: 12.993925, 77.594599, speed=41.96 km/h, dir=357.13°
2026-02-07 14:05:15,339 - INFO - Vehicle B updated: 12.948386, 77.594605, speed=46.06 km/h, dir=175.29°
2026-02-07 14:05:16,340 - INFO - Vehicle A updated: 12.994024, 77.594596, speed=39.33 km/h, dir=358.61°
2026-02-07 14:05:16,340 - INFO - Vehicle B updated: 12.948279, 77.594603, speed=42.71 km/h, dir=181.20°
2026-02-07 14:05:17,342 - INFO - Vehicle A updated: 12.994125, 77.594605, speed=40.45 km/h, dir=4.62°
2026-02-07 14:05:17,350 - INFO - Vehicle B updated: 12.948166, 77.594599, speed=45.09 km/h, dir=181.60°
2026-02-07 14:05:18,344 - INFO - Vehicle A updated: 12.994225, 77.594596, speed=40.29 km/h, dir=355.04°
2026-02-07 14:05:18,353 - INFO - Vehicle B updated: 12.948047, 77.594602, speed=47.27 km/h, dir=178.70°
2026-02-07 14:05:19,352 - INFO - Vehicle A updated: 12.994322, 77.594597, speed=38.57 km/h, dir=1.07°
2026-02-07 14:05:19,360 - INFO - Vehicle B updated: 12.947942, 77.594600, speed=41.81 km/h, dir=181.04°
2026-02-07 14:05:20,352 - INFO - Vehicle A updated: 12.994421, 77.594600, speed=39.48 km/h, dir=1.68°
2026-02-07 14:05:20,360 - INFO - Vehicle B updated: 12.947830, 77.594599, speed=44.99 km/h, dir=180.42°
2026-02-07 14:05:21,355 - INFO - Vehicle A updated: 12.994526, 77.594599, speed=42.13 km/h, dir=359.08°
2026-02-07 14:05:21,359 - INFO - Vehicle B updated: 12.947712, 77.594603, speed=47.22 km/h, dir=178.19°
2026-02-07 14:05:22,357 - INFO - Vehicle A updated: 12.994618, 77.594598, speed=36.75 km/h, dir=359.61°
2026-02-07 14:05:22,363 - INFO - Vehicle B updated: 12.947602, 77.594600, speed=44.08 km/h, dir=181.68°
2026-02-07 14:05:23,357 - INFO - Vehicle A updated: 12.994723, 77.594601, speed=41.86 km/h, dir=1.46°
2026-02-07 14:05:23,364 - INFO - Vehicle B updated: 12.947485, 77.594596, speed=46.65 km/h, dir=181.70°
2026-02-07 14:05:24,362 - INFO - Vehicle A updated: 12.994825, 77.594597, speed=40.79 km/h, dir=358.19°
2026-02-07 14:05:24,368 - INFO - Vehicle B updated: 12.947374, 77.594599, speed=44.15 km/h, dir=178.64°
2026-02-07 14:05:25,365 - INFO - Vehicle A updated: 12.994922, 77.594599, speed=38.89 km/h, dir=0.90°
2026-02-07 14:05:25,372 - INFO - Vehicle B updated: 12.947265, 77.594601, speed=43.61 km/h, dir=179.05°
2026-02-07 14:05:26,369 - INFO - Vehicle A updated: 12.995020, 77.594601, speed=38.98 km/h, dir=1.24°
2026-02-07 14:05:26,373 - INFO - Vehicle B updated: 12.947148, 77.594602, speed=46.59 km/h, dir=179.48°
2026-02-07 14:05:27,371 - INFO - Vehicle A updated: 12.995121, 77.594600, speed=40.30 km/h, dir=359.26°
2026-02-07 14:05:27,380 - INFO - Vehicle B updated: 12.947041, 77.594599, speed=42.81 km/h, dir=181.62°
2026-02-07 14:05:28,374 - INFO - Vehicle A updated: 12.995220, 77.594603, speed=39.44 km/h, dir=1.78°
2026-02-07 14:05:28,383 - INFO - Vehicle B updated: 12.946928, 77.594598, speed=44.87 km/h, dir=180.47°
2026-02-07 14:05:29,388 - INFO - Vehicle A updated: 12.995319, 77.594600, speed=39.10 km/h, dir=358.20°
2026-02-07 14:05:29,506 - INFO - Vehicle B updated: 12.946807, 77.594600, speed=43.11 km/h, dir=178.78°
2026-02-07 14:05:30,388 - INFO - Vehicle A updated: 12.995421, 77.594601, speed=41.00 km/h, dir=0.82°
2026-02-07 14:05:30,494 - INFO - Vehicle B updated: 12.946699, 77.594595, speed=44.05 km/h, dir=182.64°
2026-02-07 14:05:31,390 - INFO - Vehicle A updated: 12.995528, 77.594597, speed=42.62 km/h, dir=357.70°
2026-02-07 14:05:31,497 - INFO - Vehicle B updated: 12.946582, 77.594604, speed=46.77 km/h, dir=175.73°
2026-02-07 14:05:32,391 - INFO - Vehicle A updated: 12.995626, 77.594601, speed=39.11 km/h, dir=2.52°
2026-02-07 14:05:32,526 - INFO - Vehicle B updated: 12.946476, 77.594596, speed=41.33 km/h, dir=184.52°
2026-02-07 14:05:33,393 - INFO - Vehicle A updated: 12.995722, 77.594598, speed=38.59 km/h, dir=358.23°
2026-02-07 14:05:33,522 - INFO - Vehicle B updated: 12.946361, 77.594598, speed=46.37 km/h, dir=178.90°
2026-02-07 14:05:34,405 - INFO - Vehicle A updated: 12.995826, 77.594601, speed=41.19 km/h, dir=1.28°
2026-02-07 14:05:34,525 - INFO - Vehicle B updated: 12.946248, 77.594597, speed=45.09 km/h, dir=180.57°
2026-02-07 14:05:35,404 - INFO - Vehicle A updated: 12.995926, 77.594597, speed=40.05 km/h, dir=357.86°
2026-02-07 14:05:35,535 - INFO - Vehicle B updated: 12.946138, 77.594602, speed=43.63 km/h, dir=177.56°
2026-02-07 14:05:36,406 - INFO - Vehicle A updated: 12.996023, 77.594597, speed=38.71 km/h, dir=0.26°
2026-02-07 14:05:36,538 - INFO - Vehicle B updated: 12.946025, 77.594601, speed=45.17 km/h, dir=180.51°
2026-02-07 14:05:37,414 - INFO - Vehicle A updated: 12.996126, 77.594605, speed=41.05 km/h, dir=4.11°
2026-02-07 14:05:37,539 - INFO - Vehicle B updated: 12.945914, 77.594602, speed=44.23 km/h, dir=179.30°
2026-02-07 14:05:38,418 - INFO - Vehicle A updated: 12.996222, 77.594595, speed=38.24 km/h, dir=354.45°
2026-02-07 14:05:38,542 - INFO - Vehicle B updated: 12.945802, 77.594602, speed=44.75 km/h, dir=180.22°
2026-02-07 14:05:39,429 - INFO - Vehicle A updated: 12.996324, 77.594600, speed=40.80 km/h, dir=2.40°
2026-02-07 14:05:39,542 - INFO - Vehicle B updated: 12.945688, 77.594598, speed=45.41 km/h, dir=181.59°
2026-02-07 14:05:40,435 - INFO - Vehicle A updated: 12.996428, 77.594599, speed=41.05 km/h, dir=359.58°
2026-02-07 14:05:40,548 - INFO - Vehicle B updated: 12.945575, 77.594597, speed=45.17 km/h, dir=180.74°
2026-02-07 14:05:41,458 - INFO - Vehicle A updated: 12.996528, 77.594604, speed=39.31 km/h, dir=2.83°
2026-02-07 14:05:41,550 - INFO - Vehicle B updated: 12.945458, 77.594597, speed=46.80 km/h, dir=180.14°
2026-02-07 14:05:42,461 - INFO - Vehicle A updated: 12.996624, 77.594601, speed=38.24 km/h, dir=358.37°
2026-02-07 14:05:42,552 - INFO - Vehicle B updated: 12.945343, 77.594600, speed=45.85 km/h, dir=178.20°
2026-02-07 14:05:43,468 - INFO - Vehicle A updated: 12.996723, 77.594603, speed=39.35 km/h, dir=0.81°
2026-02-07 14:05:43,554 - INFO - Vehicle B updated: 12.945233, 77.594598, speed=44.00 km/h, dir=180.99°
2026-02-07 14:05:44,473 - INFO - Vehicle A updated: 12.996821, 77.594596, speed=39.38 km/h, dir=356.41°
2026-02-07 14:05:44,553 - INFO - Vehicle B updated: 12.945120, 77.594601, speed=45.10 km/h, dir=178.43°
2026-02-07 14:05:45,485 - INFO - Vehicle A updated: 12.996928, 77.594598, speed=42.21 km/h, dir=0.59°
2026-02-07 14:05:45,562 - INFO - Vehicle B updated: 12.945013, 77.594599, speed=42.76 km/h, dir=181.42°
2026-02-07 14:05:46,488 - INFO - Vehicle A updated: 12.997029, 77.594599, speed=40.19 km/h, dir=0.84°
2026-02-07 14:05:46,568 - INFO - Vehicle B updated: 12.944901, 77.594603, speed=44.64 km/h, dir=177.61°
2026-02-07 14:05:47,493 - INFO - Vehicle A updated: 12.997126, 77.594601, speed=38.63 km/h, dir=1.19°
2026-02-07 14:05:47,583 - INFO - Vehicle B updated: 12.944789, 77.594605, speed=44.09 km/h, dir=179.28°
2026-02-07 14:05:48,493 - INFO - Vehicle A updated: 12.997221, 77.594595, speed=38.32 km/h, dir=356.58°
2026-02-07 14:05:48,577 - INFO - Vehicle B updated: 12.944674, 77.594595, speed=46.32 km/h, dir=184.70°
2026-02-07 14:05:49,495 - INFO - Vehicle A updated: 12.997321, 77.594597, speed=39.88 km/h, dir=0.96°
2026-02-07 14:05:49,578 - INFO - Vehicle B updated: 12.944564, 77.594604, speed=44.22 km/h, dir=175.69°
2026-02-07 14:05:50,503 - INFO - Vehicle A updated: 12.997426, 77.594600, speed=41.86 km/h, dir=1.53°
2026-02-07 14:05:50,584 - INFO - Vehicle B updated: 12.944452, 77.594603, speed=44.66 km/h, dir=180.62°
2026-02-07 14:05:51,505 - INFO - Vehicle A updated: 12.997530, 77.594595, speed=41.54 km/h, dir=357.56°
2026-02-07 14:05:51,587 - INFO - Vehicle B updated: 12.944339, 77.594604, speed=45.02 km/h, dir=179.09°
2026-02-07 14:05:52,566 - INFO - Vehicle A updated: 12.997622, 77.594598, speed=34.65 km/h, dir=1.60°
2026-02-07 14:05:52,594 - INFO - Vehicle B updated: 12.944224, 77.594604, speed=45.84 km/h, dir=179.97°
2026-02-07 14:05:53,571 - INFO - Vehicle A updated: 12.997724, 77.594598, speed=40.49 km/h, dir=0.14°
2026-02-07 14:05:53,599 - INFO - Vehicle B updated: 12.944111, 77.594605, speed=44.93 km/h, dir=179.78°
2026-02-07 14:05:54,571 - INFO - Vehicle A updated: 12.997828, 77.594599, speed=41.53 km/h, dir=0.15°
2026-02-07 14:05:54,601 - INFO - Vehicle B updated: 12.943992, 77.594601, speed=47.61 km/h, dir=181.79°
2026-02-07 14:05:55,575 - INFO - Vehicle A updated: 12.997922, 77.594600, speed=37.47 km/h, dir=1.11°
2026-02-07 14:05:55,603 - INFO - Vehicle B updated: 12.943888, 77.594595, speed=41.39 km/h, dir=183.19°
2026-02-07 14:05:56,577 - INFO - Vehicle A updated: 12.998030, 77.594603, speed=43.34 km/h, dir=1.30°
2026-02-07 14:05:56,606 - INFO - Vehicle B updated: 12.943769, 77.594605, speed=47.63 km/h, dir=175.57°
2026-02-07 14:05:57,579 - INFO - Vehicle A updated: 12.998129, 77.594596, speed=39.80 km/h, dir=356.00°
2026-02-07 14:05:57,608 - INFO - Vehicle B updated: 12.943660, 77.594597, speed=43.90 km/h, dir=183.93°
2026-02-07 14:05:58,583 - INFO - Vehicle A updated: 12.998224, 77.594605, speed=37.93 km/h, dir=5.39°
2026-02-07 14:05:58,613 - INFO - Vehicle B updated: 12.943549, 77.594598, speed=43.94 km/h, dir=179.63°
2026-02-07 14:05:59,583 - INFO - Vehicle A updated: 12.998326, 77.594600, speed=40.90 km/h, dir=357.14°
2026-02-07 14:05:59,616 - INFO - Vehicle B updated: 12.943436, 77.594600, speed=45.03 km/h, dir=178.59°
2026-02-07 14:06:00,586 - INFO - Vehicle A updated: 12.998425, 77.594604, speed=39.51 km/h, dir=2.27°
2026-02-07 14:06:00,622 - INFO - Vehicle B updated: 12.943318, 77.594598, speed=47.24 km/h, dir=181.08°
2026-02-07 14:06:01,589 - INFO - Vehicle A updated: 12.998524, 77.594601, speed=39.70 km/h, dir=358.64°
2026-02-07 14:06:01,626 - INFO - Vehicle B updated: 12.943211, 77.594604, speed=42.72 km/h, dir=176.89°
2026-02-07 14:06:02,589 - INFO - Vehicle A updated: 12.998625, 77.594599, speed=40.20 km/h, dir=358.80°
2026-02-07 14:06:02,629 - INFO - Vehicle B updated: 12.943093, 77.594602, speed=46.93 km/h, dir=180.86°
2026-02-07 14:06:03,594 - INFO - Vehicle A updated: 12.998722, 77.594602, speed=38.74 km/h, dir=1.55°
2026-02-07 14:06:03,633 - INFO - Vehicle B updated: 12.942978, 77.594598, speed=45.79 km/h, dir=182.02°
2026-02-07 14:06:04,601 - INFO - Vehicle A updated: 12.998829, 77.594602, speed=42.58 km/h, dir=0.02°
2026-02-07 14:06:04,636 - INFO - Vehicle B updated: 12.942873, 77.594601, speed=42.10 km/h, dir=178.29°
2026-02-07 14:06:05,605 - INFO - Vehicle A updated: 12.998924, 77.594598, speed=37.67 km/h, dir=357.67°
2026-02-07 14:06:05,644 - INFO - Vehicle B updated: 12.942756, 77.594604, speed=46.43 km/h, dir=178.62°
2026-02-07 14:06:06,608 - INFO - Vehicle A updated: 12.999030, 77.594599, speed=42.26 km/h, dir=0.57°
2026-02-07 14:06:06,646 - INFO - Vehicle B updated: 12.942643, 77.594597, speed=45.20 km/h, dir=183.42°
2026-02-07 14:06:07,619 - INFO - Vehicle A updated: 12.999124, 77.594602, speed=37.32 km/h, dir=1.89°
2026-02-07 14:06:07,655 - INFO - Vehicle B updated: 12.942527, 77.594598, speed=45.91 km/h, dir=179.68°
2026-02-07 14:06:08,624 - INFO - Vehicle A updated: 12.999227, 77.594602, speed=41.02 km/h, dir=359.93°
2026-02-07 14:06:08,794 - INFO - Vehicle B updated: 12.942416, 77.594600, speed=39.09 km/h, dir=178.74°
2026-02-07 14:06:09,627 - INFO - Vehicle A updated: 12.999326, 77.594603, speed=39.69 km/h, dir=0.58°
2026-02-07 14:06:09,799 - INFO - Vehicle B updated: 12.942309, 77.594597, speed=42.75 km/h, dir=181.65°
2026-02-07 14:06:10,627 - INFO - Vehicle A updated: 12.999427, 77.594601, speed=40.19 km/h, dir=358.82°
2026-02-07 14:06:10,802 - INFO - Vehicle B updated: 12.942190, 77.594598, speed=47.51 km/h, dir=179.51°
2026-02-07 14:06:11,630 - INFO - Vehicle A updated: 12.999529, 77.594596, speed=40.84 km/h, dir=357.06°
2026-02-07 14:06:11,803 - INFO - Vehicle B updated: 12.942083, 77.594599, speed=42.93 km/h, dir=179.68°
2026-02-07 14:06:12,634 - INFO - Vehicle A updated: 12.999632, 77.594605, speed=41.30 km/h, dir=4.88°
2026-02-07 14:06:12,807 - INFO - Vehicle B updated: 12.941970, 77.594604, speed=44.87 km/h, dir=177.50°
2026-02-07 14:06:13,637 - INFO - Vehicle A updated: 12.999728, 77.594604, speed=38.18 km/h, dir=359.71°
2026-02-07 14:06:13,808 - INFO - Vehicle B updated: 12.941862, 77.594604, speed=43.44 km/h, dir=179.82°
2026-02-07 14:06:14,639 - INFO - Vehicle A updated: 12.999828, 77.594602, speed=40.20 km/h, dir=358.92°
2026-02-07 14:06:14,807 - INFO - Vehicle B updated: 12.941740, 77.594602, speed=48.88 km/h, dir=181.30°
2026-02-07 14:06:15,640 - INFO - Vehicle A updated: 12.999930, 77.594603, speed=40.74 km/h, dir=0.61°
2026-02-07 14:06:15,809 - INFO - Vehicle B updated: 12.941634, 77.594595, speed=42.46 km/h, dir=183.20°
2026-02-07 14:06:16,641 - INFO - Vehicle A updated: 13.000029, 77.594604, speed=39.51 km/h, dir=0.57°
2026-02-07 14:06:16,809 - INFO - Vehicle B updated: 12.941515, 77.594603, speed=47.62 km/h, dir=176.35°
2026-02-07 14:06:17,644 - INFO - Vehicle A updated: 13.000124, 77.594598, speed=38.08 km/h, dir=356.54°
2026-02-07 14:06:17,814 - INFO - Vehicle B updated: 12.941402, 77.594599, speed=44.82 km/h, dir=181.87°
2026-02-07 14:06:18,650 - INFO - Vehicle A updated: 13.000232, 77.594603, speed=42.92 km/h, dir=2.34°
2026-02-07 14:06:18,816 - INFO - Vehicle B updated: 12.941290, 77.594604, speed=44.72 km/h, dir=177.72°
2026-02-07 14:06:19,650 - INFO - Vehicle A updated: 13.000324, 77.594601, speed=37.01 km/h, dir=359.13°
2026-02-07 14:06:19,826 - INFO - Vehicle B updated: 12.941186, 77.594600, speed=41.58 km/h, dir=181.93°
2026-02-07 14:06:20,650 - INFO - Vehicle A updated: 13.000430, 77.594602, speed=42.11 km/h, dir=0.44°
2026-02-07 14:06:20,835 - INFO - Vehicle B updated: 12.941073, 77.594604, speed=44.53 km/h, dir=178.03°
2026-02-07 14:06:21,656 - INFO - Vehicle A updated: 13.000525, 77.594601, speed=38.06 km/h, dir=359.00°
2026-02-07 14:06:21,837 - INFO - Vehicle B updated: 12.940954, 77.594598, speed=47.74 km/h, dir=183.18°
2026-02-07 14:06:22,656 - INFO - Vehicle A updated: 13.000630, 77.594597, speed=41.85 km/h, dir=358.14°
2026-02-07 14:06:22,840 - INFO - Vehicle B updated: 12.940843, 77.594604, speed=44.23 km/h, dir=176.79°
2026-02-07 14:06:23,657 - INFO - Vehicle A updated: 13.000728, 77.594604, speed=39.26 km/h, dir=3.91°
2026-02-07 14:06:23,840 - INFO - Vehicle B updated: 12.940727, 77.594600, speed=46.78 km/h, dir=182.09°
2026-02-07 14:06:24,663 - INFO - Vehicle A updated: 13.000828, 77.594600, speed=40.17 km/h, dir=357.97°
2026-02-07 14:06:24,858 - INFO - Vehicle B updated: 12.940617, 77.594603, speed=43.11 km/h, dir=178.27°
2026-02-07 14:06:25,666 - INFO - Vehicle A updated: 13.000927, 77.594596, speed=39.44 km/h, dir=357.66°
2026-02-07 14:06:25,858 - INFO - Vehicle B updated: 12.940510, 77.594604, speed=42.86 km/h, dir=179.46°
2026-02-07 14:06:26,674 - INFO - Vehicle A updated: 13.001025, 77.594597, speed=38.79 km/h, dir=0.53°
2026-02-07 14:06:26,860 - INFO - Vehicle B updated: 12.940392, 77.594605, speed=47.19 km/h, dir=179.58°
2026-02-07 14:06:27,677 - INFO - Vehicle A updated: 13.001134, 77.594600, speed=43.38 km/h, dir=1.58°
2026-02-07 14:06:27,864 - INFO - Vehicle B updated: 12.940282, 77.594597, speed=43.93 km/h, dir=183.86°
2026-02-07 14:06:28,677 - INFO - Vehicle A updated: 13.001225, 77.594599, speed=36.74 km/h, dir=359.01°
2026-02-07 14:06:28,865 - INFO - Vehicle B updated: 12.940172, 77.594600, speed=43.92 km/h, dir=178.60°
2026-02-07 14:06:29,683 - INFO - Vehicle A updated: 13.001331, 77.594603, speed=41.95 km/h, dir=2.52°
2026-02-07 14:06:29,868 - INFO - Vehicle B updated: 12.940052, 77.594595, speed=47.89 km/h, dir=182.17°
2026-02-07 14:06:30,713 - INFO - Vehicle A updated: 13.001427, 77.594600, speed=37.29 km/h, dir=358.32°
2026-02-07 14:06:30,873 - INFO - Vehicle B updated: 12.939944, 77.594596, speed=43.14 km/h, dir=179.83°
2026-02-07 14:06:31,716 - INFO - Vehicle A updated: 13.001532, 77.594599, speed=42.21 km/h, dir=359.41°
2026-02-07 14:06:31,878 - INFO - Vehicle B updated: 12.939826, 77.594598, speed=46.81 km/h, dir=178.96°
2026-02-07 14:06:32,719 - INFO - Vehicle A updated: 13.001633, 77.594597, speed=40.34 km/h, dir=359.00°
2026-02-07 14:06:32,882 - INFO - Vehicle B updated: 12.939720, 77.594603, speed=42.66 km/h, dir=177.45°
2026-02-07 14:06:33,723 - INFO - Vehicle A updated: 13.001733, 77.594601, speed=39.93 km/h, dir=2.13°
2026-02-07 14:06:33,883 - INFO - Vehicle B updated: 12.939606, 77.594602, speed=45.44 km/h, dir=180.46°
2026-02-07 14:06:34,726 - INFO - Vehicle A updated: 13.001826, 77.594603, speed=36.95 km/h, dir=1.28°
2026-02-07 14:06:34,885 - INFO - Vehicle B updated: 12.939491, 77.594602, speed=45.96 km/h, dir=179.82°
2026-02-07 14:06:35,727 - INFO - Vehicle A updated: 13.001926, 77.594603, speed=40.15 km/h, dir=359.92°
2026-02-07 14:06:35,909 - INFO - Vehicle B updated: 12.939383, 77.594595, speed=42.35 km/h, dir=183.56°
2026-02-07 14:06:36,732 - INFO - Vehicle A updated: 13.002031, 77.594599, speed=41.65 km/h, dir=357.87°
2026-02-07 14:06:36,911 - INFO - Vehicle B updated: 12.939269, 77.594605, speed=45.60 km/h, dir=175.29°
2026-02-07 14:06:37,737 - INFO - Vehicle A updated: 13.002132, 77.594596, speed=40.36 km/h, dir=357.92°
2026-02-07 14:06:37,916 - INFO - Vehicle B updated: 12.939156, 77.594601, speed=45.14 km/h, dir=181.93°
2026-02-07 14:06:38,740 - INFO - Vehicle A updated: 13.002227, 77.594602, speed=37.88 km/h, dir=3.92°
2026-02-07 14:06:38,925 - INFO - Vehicle B updated: 12.939041, 77.594600, speed=45.55 km/h, dir=180.53°
2026-02-07 14:06:39,741 - INFO - Vehicle A updated: 13.002332, 77.594596, speed=42.02 km/h, dir=356.47°
2026-02-07 14:06:39,929 - INFO - Vehicle B updated: 12.938929, 77.594598, speed=44.57 km/h, dir=180.88°
2026-02-07 14:06:40,743 - INFO - Vehicle A updated: 13.002435, 77.594597, speed=41.16 km/h, dir=0.60°
2026-02-07 14:06:40,933 - INFO - Vehicle B updated: 12.938815, 77.594604, speed=45.78 km/h, dir=176.93°
2026-02-07 14:06:41,744 - INFO - Vehicle A updated: 13.002534, 77.594603, speed=39.76 km/h, dir=3.78°
2026-02-07 14:06:41,934 - INFO - Vehicle B updated: 12.938700, 77.594599, speed=45.68 km/h, dir=182.45°
2026-02-07 14:06:42,747 - INFO - Vehicle A updated: 13.002636, 77.594598, speed=40.72 km/h, dir=357.06°
2026-02-07 14:06:42,935 - INFO - Vehicle B updated: 12.938589, 77.594599, speed=44.69 km/h, dir=179.94°
2026-02-07 14:06:43,754 - INFO - Vehicle A updated: 13.002732, 77.594604, speed=38.43 km/h, dir=3.69°
2026-02-07 14:06:43,938 - INFO - Vehicle B updated: 12.938482, 77.594596, speed=42.70 km/h, dir=181.90°
2026-02-07 14:06:44,759 - INFO - Vehicle A updated: 13.002830, 77.594605, speed=39.07 km/h, dir=0.34°
2026-02-07 14:06:44,940 - INFO - Vehicle B updated: 12.938370, 77.594604, speed=44.83 km/h, dir=175.86°
2026-02-07 14:06:45,758 - INFO - Vehicle A updated: 13.002929, 77.594598, speed=39.52 km/h, dir=356.24°
2026-02-07 14:06:45,942 - INFO - Vehicle B updated: 12.938255, 77.594602, speed=45.74 km/h, dir=181.08°
2026-02-07 14:06:46,763 - INFO - Vehicle A updated: 13.003028, 77.594598, speed=39.41 km/h, dir=359.82°
2026-02-07 14:06:46,942 - INFO - Vehicle B updated: 12.938140, 77.594605, speed=46.39 km/h, dir=178.62°
2026-02-07 14:06:47,767 - INFO - Vehicle A updated: 13.003131, 77.594602, speed=41.47 km/h, dir=2.19°
2026-02-07 14:06:48,085 - INFO - Vehicle B updated: 12.938026, 77.594598, speed=39.78 km/h, dir=183.25°
2026-02-07 14:06:48,769 - INFO - Vehicle A updated: 13.003232, 77.594601, speed=40.15 km/h, dir=359.58°
2026-02-07 14:06:49,087 - INFO - Vehicle B updated: 12.937916, 77.594602, speed=43.83 km/h, dir=177.89°
2026-02-07 14:06:49,771 - INFO - Vehicle A updated: 13.003335, 77.594603, speed=41.02 km/h, dir=1.03°
2026-02-07 14:06:50,095 - INFO - Vehicle B updated: 12.937799, 77.594598, speed=46.84 km/h, dir=182.06°
2026-02-07 14:06:50,775 - INFO - Vehicle A updated: 13.003435, 77.594604, speed=39.94 km/h, dir=0.24°
2026-02-07 14:06:51,102 - INFO - Vehicle B updated: 12.937688, 77.594601, speed=44.03 km/h, dir=178.46°
2026-02-07 14:06:51,805 - INFO - Vehicle A updated: 13.003532, 77.594603, speed=37.52 km/h, dir=359.78°
2026-02-07 14:06:52,104 - INFO - Vehicle B updated: 12.937578, 77.594595, speed=43.82 km/h, dir=182.99°
2026-02-07 14:06:52,805 - INFO - Vehicle A updated: 13.003632, 77.594599, speed=40.11 km/h, dir=357.53°
2026-02-07 14:06:53,107 - INFO - Vehicle B updated: 12.937465, 77.594598, speed=45.08 km/h, dir=178.69°
2026-02-07 14:06:53,809 - INFO - Vehicle A updated: 13.003736, 77.594597, speed=41.79 km/h, dir=359.13°
2026-02-07 14:06:54,106 - INFO - Vehicle B updated: 12.937353, 77.594600, speed=45.07 km/h, dir=178.94°
2026-02-07 14:06:54,812 - INFO - Vehicle A updated: 13.003835, 77.594598, speed=39.35 km/h, dir=0.26°
2026-02-07 14:06:55,112 - INFO - Vehicle B updated: 12.937238, 77.594600, speed=45.90 km/h, dir=180.16°
2026-02-07 14:06:55,818 - INFO - Vehicle A updated: 13.003928, 77.594598, speed=37.08 km/h, dir=0.00°
2026-02-07 14:06:56,114 - INFO - Vehicle B updated: 12.937132, 77.594599, speed=42.21 km/h, dir=180.57°
2026-02-07 14:06:56,822 - INFO - Vehicle A updated: 13.004036, 77.594604, speed=43.17 km/h, dir=3.34°
2026-02-07 14:06:57,123 - INFO - Vehicle B updated: 12.937013, 77.594599, speed=47.14 km/h, dir=179.95°
2026-02-07 14:06:57,822 - INFO - Vehicle A updated: 13.004138, 77.594599, speed=40.57 km/h, dir=357.02°
2026-02-07 14:06:58,143 - INFO - Vehicle B updated: 12.936903, 77.594597, speed=43.35 km/h, dir=180.61°
2026-02-07 14:06:58,824 - INFO - Vehicle A updated: 13.004230, 77.594598, speed=36.93 km/h, dir=359.79°
2026-02-07 14:06:59,144 - INFO - Vehicle B updated: 12.936787, 77.594601, speed=46.16 km/h, dir=178.43°
2026-02-07 14:06:59,826 - INFO - Vehicle A updated: 13.004328, 77.594605, speed=39.36 km/h, dir=3.74°
2026-02-07 14:07:00,148 - INFO - Vehicle B updated: 12.936676, 77.594604, speed=44.46 km/h, dir=178.17°
2026-02-07 14:07:00,826 - INFO - Vehicle A updated: 13.004437, 77.594597, speed=43.45 km/h, dir=356.04°
2026-02-07 14:07:01,148 - INFO - Vehicle B updated: 12.936566, 77.594595, speed=44.16 km/h, dir=184.56°
2026-02-07 14:07:01,830 - INFO - Vehicle A updated: 13.004533, 77.594602, speed=38.43 km/h, dir=2.89°
2026-02-07 14:07:02,148 - INFO - Vehicle B updated: 12.936456, 77.594600, speed=43.94 km/h, dir=177.62°
2026-02-07 14:07:02,830 - INFO - Vehicle A updated: 13.004632, 77.594599, speed=39.81 km/h, dir=358.34°
2026-02-07 14:07:03,151 - INFO - Vehicle B updated: 12.936339, 77.594603, speed=46.75 km/h, dir=178.54°
2026-02-07 14:07:03,835 - INFO - Vehicle A updated: 13.004730, 77.594604, speed=38.99 km/h, dir=2.94°
2026-02-07 14:07:04,153 - INFO - Vehicle B updated: 12.936223, 77.594600, speed=46.30 km/h, dir=181.34°
2026-02-07 14:07:04,835 - INFO - Vehicle A updated: 13.004838, 77.594600, speed=43.35 km/h, dir=357.59°
2026-02-07 14:07:05,154 - INFO - Vehicle B updated: 12.936111, 77.594596, speed=44.73 km/h, dir=182.25°
2026-02-07 14:07:05,838 - INFO - Vehicle A updated: 13.004936, 77.594597, speed=38.94 km/h, dir=358.53°
2026-02-07 14:07:06,157 - INFO - Vehicle B updated: 12.935998, 77.594602, speed=45.44 km/h, dir=177.15°
2026-02-07 14:07:06,844 - INFO - Vehicle A updated: 13.005035, 77.594604, speed=39.79 km/h, dir=3.88°
2026-02-07 14:07:07,195 - INFO - Vehicle B updated: 12.935893, 77.594600, speed=40.51 km/h, dir=181.10°
2026-02-07 14:07:07,842 - INFO - Vehicle A updated: 13.005138, 77.594602, speed=41.17 km/h, dir=358.90°
2026-02-07 14:07:08,199 - INFO - Vehicle B updated: 12.935781, 77.594604, speed=44.73 km/h, dir=177.84°
2026-02-07 14:07:08,850 - INFO - Vehicle A updated: 13.005233, 77.594601, speed=37.59 km/h, dir=359.28°
2026-02-07 14:07:09,203 - INFO - Vehicle B updated: 12.935666, 77.594602, speed=45.68 km/h, dir=180.97°
2026-02-07 14:07:09,850 - INFO - Vehicle A updated: 13.005335, 77.594599, speed=40.77 km/h, dir=359.09°
2026-02-07 14:07:10,203 - INFO - Vehicle B updated: 12.935548, 77.594604, speed=47.31 km/h, dir=178.99°
2026-02-07 14:07:10,852 - INFO - Vehicle A updated: 13.005434, 77.594596, speed=39.77 km/h, dir=358.19°
2026-02-07 14:07:11,208 - INFO - Vehicle B updated: 12.935442, 77.594597, speed=42.06 km/h, dir=183.91°
2026-02-07 14:07:11,855 - INFO - Vehicle A updated: 13.005531, 77.594605, speed=38.97 km/h, dir=5.01°
2026-02-07 14:07:12,211 - INFO - Vehicle B updated: 12.935325, 77.594599, speed=46.90 km/h, dir=179.05°
2026-02-07 14:07:12,856 - INFO - Vehicle A updated: 13.005636, 77.594602, speed=41.64 km/h, dir=358.66°
2026-02-07 14:07:13,213 - INFO - Vehicle B updated: 12.935209, 77.594599, speed=46.22 km/h, dir=179.81°
2026-02-07 14:07:13,859 - INFO - Vehicle A updated: 13.005733, 77.594597, speed=38.82 km/h, dir=356.95°
2026-02-07 14:07:14,217 - INFO - Vehicle B updated: 12.935102, 77.594597, speed=42.66 km/h, dir=181.18°
2026-02-07 14:07:14,864 - INFO - Vehicle A updated: 13.005832, 77.594601, speed=39.58 km/h, dir=2.27°
2026-02-07 14:07:15,218 - INFO - Vehicle B updated: 12.934985, 77.594602, speed=47.03 km/h, dir=177.64°
2026-02-07 14:07:15,867 - INFO - Vehicle A updated: 13.005934, 77.594599, speed=40.91 km/h, dir=358.71°
2026-02-07 14:07:16,219 - INFO - Vehicle B updated: 12.934873, 77.594604, speed=44.92 km/h, dir=178.82°
2026-02-07 14:07:16,870 - INFO - Vehicle A updated: 13.006037, 77.594602, speed=40.97 km/h, dir=1.61°
2026-02-07 14:07:17,223 - INFO - Vehicle B updated: 12.934762, 77.594596, speed=44.17 km/h, dir=184.22°
2026-02-07 14:07:17,873 - INFO - Vehicle A updated: 13.006137, 77.594604, speed=40.01 km/h, dir=1.07°
2026-02-07 14:07:18,241 - INFO - Vehicle B updated: 12.934647, 77.594598, speed=45.29 km/h, dir=179.09°
2026-02-07 14:07:18,873 - INFO - Vehicle A updated: 13.006232, 77.594604, speed=38.10 km/h, dir=0.22°
2026-02-07 14:07:19,242 - INFO - Vehicle B updated: 12.934534, 77.594604, speed=45.24 km/h, dir=176.90°
2026-02-07 14:07:19,875 - INFO - Vehicle A updated: 13.006331, 77.594605, speed=39.32 km/h, dir=0.56°
2026-02-07 14:07:20,250 - INFO - Vehicle B updated: 12.934425, 77.594598, speed=43.36 km/h, dir=182.88°
2026-02-07 14:07:20,875 - INFO - Vehicle A updated: 13.006430, 77.594595, speed=39.98 km/h, dir=354.68°
2026-02-07 14:07:21,253 - INFO - Vehicle B updated: 12.934315, 77.594602, speed=43.87 km/h, dir=178.24°
2026-02-07 14:07:21,879 - INFO - Vehicle A updated: 13.006534, 77.594600, speed=41.50 km/h, dir=2.40°
2026-02-07 14:07:22,256 - INFO - Vehicle B updated: 12.934199, 77.594600, speed=46.45 km/h, dir=181.04°
2026-02-07 14:07:22,881 - INFO - Vehicle A updated: 13.006640, 77.594597, speed=42.21 km/h, dir=358.63°
2026-02-07 14:07:23,307 - INFO - Vehicle B updated: 12.934091, 77.594605, speed=41.06 km/h, dir=177.33°
2026-02-07 14:07:23,885 - INFO - Vehicle A updated: 13.006733, 77.594603, speed=37.08 km/h, dir=3.35°
2026-02-07 14:07:24,307 - INFO - Vehicle B updated: 12.933973, 77.594601, speed=47.10 km/h, dir=181.64°
2026-02-07 14:07:24,891 - INFO - Vehicle A updated: 13.006836, 77.594597, speed=41.32 km/h, dir=356.68°
2026-02-07 14:07:25,311 - INFO - Vehicle B updated: 12.933862, 77.594605, speed=44.52 km/h, dir=178.22°
2026-02-07 14:07:25,890 - INFO - Vehicle A updated: 13.006936, 77.594597, speed=40.00 km/h, dir=0.45°
2026-02-07 14:07:26,314 - INFO - Vehicle B updated: 12.933744, 77.594595, speed=47.29 km/h, dir=184.48°
2026-02-07 14:07:26,890 - INFO - Vehicle A updated: 13.007037, 77.594602, speed=40.45 km/h, dir=2.72°
2026-02-07 14:07:27,315 - INFO - Vehicle B updated: 12.933639, 77.594596, speed=41.70 km/h, dir=179.64°
2026-02-07 14:07:27,895 - INFO - Vehicle A updated: 13.007131, 77.594599, speed=37.52 km/h, dir=358.13°
2026-02-07 14:07:28,317 - INFO - Vehicle B updated: 12.933523, 77.594604, speed=46.57 km/h, dir=176.02°
2026-02-07 14:07:28,897 - INFO - Vehicle A updated: 13.007238, 77.594601, speed=42.47 km/h, dir=0.82°
2026-02-07 14:07:29,320 - INFO - Vehicle B updated: 12.933413, 77.594598, speed=43.92 km/h, dir=182.99°
2026-02-07 14:07:29,906 - INFO - Vehicle A updated: 13.007340, 77.594605, speed=40.58 km/h, dir=2.22°
2026-02-07 14:07:30,322 - INFO - Vehicle B updated: 12.933299, 77.594605, speed=45.82 km/h, dir=176.93°
2026-02-07 14:07:30,906 - INFO - Vehicle A updated: 13.007437, 77.594601, speed=38.92 km/h, dir=357.54°
2026-02-07 14:07:31,321 - INFO - Vehicle B updated: 12.933182, 77.594602, speed=46.72 km/h, dir=181.53°
2026-02-07 14:07:31,907 - INFO - Vehicle A updated: 13.007533, 77.594604, speed=38.60 km/h, dir=1.86°
2026-02-07 14:07:32,322 - INFO - Vehicle B updated: 12.933077, 77.594598, speed=42.07 km/h, dir=181.84°
2026-02-07 14:07:32,913 - INFO - Vehicle A updated: 13.007632, 77.594597, speed=39.26 km/h, dir=356.09°
2026-02-07 14:07:33,326 - INFO - Vehicle B updated: 12.932957, 77.594596, speed=47.78 km/h, dir=181.05°
2026-02-07 14:07:33,917 - INFO - Vehicle A updated: 13.007731, 77.594597, speed=39.72 km/h, dir=359.91°
2026-02-07 14:07:34,335 - INFO - Vehicle B updated: 12.932843, 77.594601, speed=45.42 km/h, dir=177.47°
2026-02-07 14:07:34,921 - INFO - Vehicle A updated: 13.007838, 77.594598, speed=42.51 km/h, dir=0.92°
2026-02-07 14:07:35,374 - INFO - Vehicle B updated: 12.932733, 77.594599, speed=42.44 km/h, dir=181.18°
2026-02-07 14:07:35,924 - INFO - Vehicle A updated: 13.007934, 77.594604, speed=38.24 km/h, dir=3.47°
2026-02-07 14:07:36,378 - INFO - Vehicle B updated: 12.932627, 77.594603, speed=42.31 km/h, dir=177.54°
2026-02-07 14:07:36,968 - INFO - Vehicle A updated: 13.008032, 77.594605, speed=37.77 km/h, dir=0.30°
2026-02-07 14:07:37,382 - INFO - Vehicle B updated: 12.932506, 77.594597, speed=47.98 km/h, dir=182.77°
2026-02-07 14:07:37,971 - INFO - Vehicle A updated: 13.008141, 77.594596, speed=43.75 km/h, dir=355.26°
2026-02-07 14:07:38,392 - INFO - Vehicle B updated: 12.932395, 77.594603, speed=44.17 km/h, dir=177.44°
2026-02-07 14:07:38,971 - INFO - Vehicle A updated: 13.008233, 77.594599, speed=36.49 km/h, dir=2.24°
2026-02-07 14:07:39,393 - INFO - Vehicle B updated: 12.932282, 77.594603, speed=45.23 km/h, dir=179.54°
2026-02-07 14:07:39,974 - INFO - Vehicle A updated: 13.008337, 77.594598, speed=41.88 km/h, dir=359.23°
2026-02-07 14:07:40,394 - INFO - Vehicle B updated: 12.932175, 77.594595, speed=42.84 km/h, dir=184.21°
2026-02-07 14:07:40,979 - INFO - Vehicle A updated: 13.008439, 77.594598, speed=40.51 km/h, dir=359.95°
2026-02-07 14:07:41,399 - INFO - Vehicle B updated: 12.932060, 77.594603, speed=46.10 km/h, dir=176.50°
2026-02-07 14:07:41,982 - INFO - Vehicle A updated: 13.008540, 77.594599, speed=40.19 km/h, dir=0.53°
2026-02-07 14:07:42,415 - INFO - Vehicle B updated: 12.931943, 77.594603, speed=45.92 km/h, dir=179.98°
2026-02-07 14:07:42,983 - INFO - Vehicle A updated: 13.008638, 77.594603, speed=39.32 km/h, dir=2.20°
2026-02-07 14:07:43,415 - INFO - Vehicle B updated: 12.931832, 77.594599, speed=44.36 km/h, dir=182.04°
2026-02-07 14:07:43,987 - INFO - Vehicle A updated: 13.008738, 77.594603, speed=40.03 km/h, dir=0.04°
2026-02-07 14:07:44,420 - INFO - Vehicle B updated: 12.931718, 77.594599, speed=45.45 km/h, dir=179.86°
2026-02-07 14:07:44,987 - INFO - Vehicle A updated: 13.008835, 77.594602, speed=38.70 km/h, dir=359.89°
2026-02-07 14:07:45,421 - INFO - Vehicle B updated: 12.931608, 77.594603, speed=44.19 km/h, dir=177.74°
2026-02-07 14:07:45,992 - INFO - Vehicle A updated: 13.008939, 77.594597, speed=41.44 km/h, dir=357.14°
2026-02-07 14:07:46,429 - INFO - Vehicle B updated: 12.931498, 77.594599, speed=43.82 km/h, dir=182.21°
2026-02-07 14:07:46,994 - INFO - Vehicle A updated: 13.009038, 77.594598, speed=39.60 km/h, dir=0.29°
2026-02-07 14:07:47,449 - INFO - Vehicle B updated: 12.931387, 77.594604, speed=43.29 km/h, dir=177.69°
2026-02-07 14:07:47,996 - INFO - Vehicle A updated: 13.009137, 77.594604, speed=39.49 km/h, dir=3.48°
2026-02-07 14:07:48,456 - INFO - Vehicle B updated: 12.931267, 77.594604, speed=47.95 km/h, dir=179.90°
2026-02-07 14:07:49,000 - INFO - Vehicle A updated: 13.009238, 77.594598, speed=40.35 km/h, dir=357.07°
2026-02-07 14:07:49,459 - INFO - Vehicle B updated: 12.931159, 77.594603, speed=42.84 km/h, dir=180.58°
2026-02-07 14:07:50,005 - INFO - Vehicle A updated: 13.009343, 77.594604, speed=41.71 km/h, dir=2.90°
2026-02-07 14:07:50,461 - INFO - Vehicle B updated: 12.931048, 77.594599, speed=44.71 km/h, dir=181.60°
2026-02-07 14:07:51,008 - INFO - Vehicle A updated: 13.009438, 77.594599, speed=37.92 km/h, dir=356.88°
2026-02-07 14:07:51,464 - INFO - Vehicle B updated: 12.930933, 77.594599, speed=45.67 km/h, dir=180.19°
2026-02-07 14:07:52,038 - INFO - Vehicle A updated: 13.009541, 77.594597, speed=40.19 km/h, dir=359.21°
2026-02-07 14:07:52,468 - INFO - Vehicle B updated: 12.930823, 77.594596, speed=44.08 km/h, dir=181.42°
2026-02-07 14:07:53,039 - INFO - Vehicle A updated: 13.009643, 77.594600, speed=40.74 km/h, dir=1.55°
2026-02-07 14:07:53,473 - INFO - Vehicle B updated: 12.930711, 77.594605, speed=44.67 km/h, dir=175.81°
2026-02-07 14:07:54,042 - INFO - Vehicle A updated: 13.009735, 77.594596, speed=36.88 km/h, dir=357.57°
2026-02-07 14:07:54,473 - INFO - Vehicle B updated: 12.930596, 77.594602, speed=45.71 km/h, dir=181.06°
2026-02-07 14:07:55,084 - INFO - Vehicle A updated: 13.009839, 77.594603, speed=40.14 km/h, dir=3.95°
2026-02-07 14:07:55,489 - INFO - Vehicle B updated: 12.930482, 77.594597, speed=45.18 km/h, dir=182.61°
2026-02-07 14:07:56,084 - INFO - Vehicle A updated: 13.009934, 77.594604, speed=38.02 km/h, dir=0.27°
2026-02-07 14:07:56,477 - INFO - Vehicle B updated: 12.930371, 77.594598, speed=45.04 km/h, dir=179.41°
2026-02-07 14:07:57,087 - INFO - Vehicle A updated: 13.010039, 77.594601, speed=41.73 km/h, dir=358.39°
2026-02-07 14:07:57,481 - INFO - Vehicle B updated: 12.930258, 77.594597, speed=45.11 km/h, dir=180.52°
2026-02-07 14:07:58,087 - INFO - Vehicle A updated: 13.010134, 77.594599, speed=38.12 km/h, dir=359.02°
2026-02-07 14:07:58,482 - INFO - Vehicle B updated: 12.930147, 77.594601, speed=44.12 km/h, dir=177.93°
2026-02-07 14:07:59,089 - INFO - Vehicle A updated: 13.010236, 77.594604, speed=40.83 km/h, dir=2.77°
2026-02-07 14:07:59,486 - INFO - Vehicle B updated: 12.930037, 77.594603, speed=43.97 km/h, dir=178.91°
2026-02-07 14:08:00,093 - INFO - Vehicle A updated: 13.010343, 77.594601, speed=42.66 km/h, dir=358.11°
2026-02-07 14:08:00,488 - INFO - Vehicle B updated: 12.929917, 77.594597, speed=48.06 km/h, dir=183.08°
2026-02-07 14:08:01,100 - INFO - Vehicle A updated: 13.010441, 77.594603, speed=39.00 km/h, dir=1.13°
2026-02-07 14:08:01,491 - INFO - Vehicle B updated: 12.929811, 77.594601, speed=42.20 km/h, dir=177.66°
2026-02-07 14:08:02,103 - INFO - Vehicle A updated: 13.010541, 77.594604, speed=39.83 km/h, dir=0.64°
2026-02-07 14:08:02,491 - INFO - Vehicle B updated: 12.929695, 77.594601, speed=46.67 km/h, dir=180.04°
2026-02-07 14:08:03,104 - INFO - Vehicle A updated: 13.010636, 77.594605, speed=37.86 km/h, dir=0.59°
2026-02-07 14:08:03,509 - INFO - Vehicle B updated: 12.929586, 77.594602, speed=42.72 km/h, dir=179.75°
2026-02-07 14:08:04,105 - INFO - Vehicle A updated: 13.010735, 77.594603, speed=39.61 km/h, dir=359.31°
2026-02-07 14:08:04,511 - INFO - Vehicle B updated: 12.929468, 77.594598, speed=47.36 km/h, dir=181.75°
2026-02-07 14:08:05,109 - INFO - Vehicle A updated: 13.010838, 77.594600, speed=41.39 km/h, dir=358.38°
2026-02-07 14:08:05,511 - INFO - Vehicle B updated: 12.929354, 77.594598, speed=45.50 km/h, dir=180.16°
2026-02-07 14:08:06,118 - INFO - Vehicle A updated: 13.010941, 77.594598, speed=40.75 km/h, dir=358.53°
2026-02-07 14:08:06,515 - INFO - Vehicle B updated: 12.929242, 77.594597, speed=44.53 km/h, dir=180.25°
2026-02-07 14:08:07,117 - INFO - Vehicle A updated: 13.011043, 77.594602, speed=41.00 km/h, dir=2.43°
2026-02-07 14:08:07,517 - INFO - Vehicle B updated: 12.929130, 77.594603, speed=45.13 km/h, dir=177.22°
2026-02-07 14:08:08,118 - INFO - Vehicle A updated: 13.011139, 77.594605, speed=38.20 km/h, dir=1.46°
2026-02-07 14:08:08,517 - INFO - Vehicle B updated: 12.929022, 77.594597, speed=42.99 km/h, dir=183.01°
2026-02-07 14:08:09,121 - INFO - Vehicle A updated: 13.011242, 77.594601, speed=41.23 km/h, dir=357.77°
2026-02-07 14:08:09,520 - INFO - Vehicle B updated: 12.928907, 77.594596, speed=46.14 km/h, dir=180.41°
2026-02-07 14:08:10,122 - INFO - Vehicle A updated: 13.011338, 77.594595, speed=38.45 km/h, dir=357.02°
2026-02-07 14:08:10,521 - INFO - Vehicle B updated: 12.928789, 77.594600, speed=47.10 km/h, dir=178.30°
2026-02-07 14:08:11,123 - INFO - Vehicle A updated: 13.011435, 77.594604, speed=38.93 km/h, dir=4.69°
2026-02-07 14:08:11,525 - INFO - Vehicle B updated: 12.928685, 77.594602, speed=41.50 km/h, dir=178.60°
2026-02-07 14:08:12,139 - INFO - Vehicle A updated: 13.011535, 77.594599, speed=39.61 km/h, dir=357.68°
2026-02-07 14:08:12,526 - INFO - Vehicle B updated: 12.928571, 77.594596, speed=45.73 km/h, dir=183.18°
2026-02-07 14:08:13,151 - INFO - Vehicle A updated: 13.011643, 77.594599, speed=42.44 km/h, dir=359.91°
2026-02-07 14:08:13,526 - INFO - Vehicle B updated: 12.928453, 77.594602, speed=47.01 km/h, dir=177.15°
2026-02-07 14:08:14,153 - INFO - Vehicle A updated: 13.011737, 77.594599, speed=37.76 km/h, dir=359.99°
2026-02-07 14:08:14,531 - INFO - Vehicle B updated: 12.928340, 77.594599, speed=45.24 km/h, dir=181.17°
2026-02-07 14:08:15,152 - INFO - Vehicle A updated: 13.011840, 77.594605, speed=41.02 km/h, dir=3.05°
2026-02-07 14:08:15,533 - INFO - Vehicle B updated: 12.928232, 77.594597, speed=43.19 km/h, dir=181.01°
2026-02-07 14:08:16,155 - INFO - Vehicle A updated: 13.011945, 77.594597, speed=42.21 km/h, dir=355.77°
2026-02-07 14:08:16,697 - INFO - Vehicle B updated: 12.928121, 77.594596, speed=38.15 km/h, dir=180.93°
2026-02-07 14:08:17,159 - INFO - Vehicle A updated: 13.012037, 77.594601, speed=36.81 km/h, dir=2.59°
2026-02-07 14:08:17,689 - INFO - Vehicle B updated: 12.928003, 77.594604, speed=47.55 km/h, dir=175.98°
2026-02-07 14:08:18,162 - INFO - Vehicle A updated: 13.012138, 77.594599, speed=40.07 km/h, dir=358.98°
2026-02-07 14:08:18,710 - INFO - Vehicle B updated: 12.927892, 77.594603, speed=43.66 km/h, dir=180.41°
2026-02-07 14:08:19,163 - INFO - Vehicle A updated: 13.012237, 77.594601, speed=39.70 km/h, dir=0.95°
2026-02-07 14:08:19,711 - INFO - Vehicle B updated: 12.927779, 77.594596, speed=45.19 km/h, dir=183.37°
2026-02-07 14:08:20,166 - INFO - Vehicle A updated: 13.012344, 77.594599, speed=42.66 km/h, dir=358.85°
2026-02-07 14:08:20,715 - INFO - Vehicle B updated: 12.927670, 77.594597, speed=43.32 km/h, dir=179.62°
2026-02-07 14:08:21,165 - INFO - Vehicle A updated: 13.012443, 77.594604, speed=39.72 km/h, dir=3.23°
2026-02-07 14:08:21,716 - INFO - Vehicle B updated: 12.927558, 77.594605, speed=45.18 km/h, dir=176.22°
2026-02-07 14:08:22,168 - INFO - Vehicle A updated: 13.012538, 77.594598, speed=37.97 km/h, dir=355.95°
2026-02-07 14:08:22,717 - INFO - Vehicle B updated: 12.927439, 77.594596, speed=47.55 km/h, dir=184.01°
2026-02-07 14:08:23,172 - INFO - Vehicle A updated: 13.012640, 77.594599, speed=40.66 km/h, dir=0.84°
2026-02-07 14:08:23,717 - INFO - Vehicle B updated: 12.927326, 77.594595, speed=45.29 km/h, dir=180.45°
2026-02-07 14:08:24,171 - INFO - Vehicle A updated: 13.012739, 77.594598, speed=39.89 km/h, dir=359.58°
2026-02-07 14:08:24,719 - INFO - Vehicle B updated: 12.927220, 77.594605, speed=42.60 km/h, dir=175.13°
2026-02-07 14:08:25,174 - INFO - Vehicle A updated: 13.012842, 77.594604, speed=40.97 km/h, dir=2.82°
2026-02-07 14:08:25,719 - INFO - Vehicle B updated: 12.927106, 77.594600, speed=45.46 km/h, dir=182.27°
2026-02-07 14:08:26,176 - INFO - Vehicle A updated: 13.012946, 77.594604, speed=41.56 km/h, dir=0.02°
2026-02-07 14:08:26,727 - INFO - Vehicle B updated: 12.926992, 77.594595, speed=45.28 km/h, dir=182.28°
2026-02-07 14:08:27,184 - INFO - Vehicle A updated: 13.013046, 77.594602, speed=40.02 km/h, dir=358.88°
2026-02-07 14:08:27,731 - INFO - Vehicle B updated: 12.926876, 77.594604, speed=46.43 km/h, dir=176.02°
2026-02-07 14:08:28,189 - INFO - Vehicle A updated: 13.013141, 77.594598, speed=37.63 km/h, dir=358.02°
2026-02-07 14:08:28,736 - INFO - Vehicle B updated: 12.926770, 77.594595, speed=42.49 km/h, dir=184.30°
2026-02-07 14:08:29,190 - INFO - Vehicle A updated: 13.013241, 77.594603, speed=40.32 km/h, dir=2.56°
2026-02-07 14:08:29,736 - INFO - Vehicle B updated: 12.926649, 77.594602, speed=48.37 km/h, dir=177.12°
2026-02-07 14:08:30,190 - INFO - Vehicle A updated: 13.013344, 77.594603, speed=41.04 km/h, dir=359.99°
2026-02-07 14:08:30,786 - INFO - Vehicle B updated: 12.926541, 77.594603, speed=41.36 km/h, dir=179.21°
2026-02-07 14:08:31,233 - INFO - Vehicle A updated: 13.013445, 77.594601, speed=38.84 km/h, dir=359.28°
2026-02-07 14:08:31,784 - INFO - Vehicle B updated: 12.926426, 77.594598, speed=46.06 km/h, dir=182.55°
2026-02-07 14:08:32,224 - INFO - Vehicle A updated: 13.013540, 77.594600, speed=38.07 km/h, dir=358.99°
2026-02-07 14:08:32,786 - INFO - Vehicle B updated: 12.926315, 77.594600, speed=44.23 km/h, dir=179.07°
2026-02-07 14:08:32,962 - INFO -  * Detected change in 'C:\\Users\\navya\\Downloads\\files (3)\\phone_gps_tracker.py', reloading
2026-02-07 14:08:33,224 - INFO - Vehicle A updated: 13.013639, 77.594596, speed=39.70 km/h, dir=357.68°
2026-02-07 14:08:33,797 - INFO -  * Restarting with watchdog (windowsapi)
2026-02-07 14:08:34,428 - INFO - Starting Vehicle Detection Server...
2026-02-07 14:08:34,428 - INFO - Server running on 0.0.0.0:5000
2026-02-07 14:08:34,443 - WARNING -  * Debugger is active!
2026-02-07 14:08:34,445 - INFO -  * Debugger PIN: 984-781-166
2026-02-07 14:08:35,540 - INFO - 127.0.0.1 - - [07/Feb/2026 14:08:35] "GET /socket.io/?EIO=4&transport=polling&t=PmtGBlR HTTP/1.1" 200 -
2026-02-07 14:08:35,797 - INFO - Client connected: <built-in function id>
2026-02-07 14:08:35,799 - INFO - 127.0.0.1 - - [07/Feb/2026 14:08:35] "POST /socket.io/?EIO=4&transport=polling&t=PmtGBqQ&sid=PDx9XvRQpzUfH94rAAAA HTTP/1.1" 200 -
2026-02-07 14:08:35,862 - INFO - 127.0.0.1 - - [07/Feb/2026 14:08:35] "GET /socket.io/?EIO=4&transport=polling&t=PmtGBqU&sid=PDx9XvRQpzUfH94rAAAA HTTP/1.1" 200 -
2026-02-07 14:08:36,459 - INFO - 127.0.0.1 - - [07/Feb/2026 14:08:36] "GET /socket.io/?transport=polling&EIO=4&t=1770453514.4273212 HTTP/1.1" 200 -
2026-02-07 14:08:36,651 - INFO - 127.0.0.1 - - [07/Feb/2026 14:08:36] "GET /socket.io/?transport=polling&EIO=4&t=1770453514.6168988 HTTP/1.1" 200 -
2026-02-07 14:08:36,939 - INFO -  * Detected change in 'C:\\Users\\navya\\Downloads\\files (3)\\real_gps_tracker.py', reloading
2026-02-07 14:08:37,599 - INFO -  * Restarting with watchdog (windowsapi)
2026-02-07 14:08:38,104 - INFO - Starting Vehicle Detection Server...
2026-02-07 14:08:38,104 - INFO - Server running on 0.0.0.0:5000
2026-02-07 14:08:38,111 - WARNING -  * Debugger is active!
2026-02-07 14:08:38,116 - INFO -  * Debugger PIN: 984-781-166
2026-02-07 14:08:38,511 - ERROR - Invalid session 4mLC4kFHkClDxF-zAAAC (further occurrences of this error will be logged with level INFO)
2026-02-07 14:08:38,511 - INFO - 127.0.0.1 - - [07/Feb/2026 14:08:38] "[31m[1mGET /socket.io/?transport=websocket&EIO=4&sid=4mLC4kFHkClDxF-zAAAC&t=1770453516.4648583 HTTP/1.1[0m" 400 -
2026-02-07 14:08:38,684 - INFO - 127.0.0.1 - - [07/Feb/2026 14:08:38] "[31m[1mGET /socket.io/?transport=websocket&EIO=4&sid=I7ZU-bVZbs5h7IWgAAAD&t=1770453516.6551738 HTTP/1.1[0m" 400 -
2026-02-07 14:08:39,535 - INFO - 127.0.0.1 - - [07/Feb/2026 14:08:39] "GET /socket.io/?EIO=4&transport=polling&t=PmtGCjm HTTP/1.1" 200 -
2026-02-07 14:08:39,793 - INFO - Client connected: <built-in function id>
2026-02-07 14:08:39,796 - INFO - 127.0.0.1 - - [07/Feb/2026 14:08:39] "POST /socket.io/?EIO=4&transport=polling&t=PmtGCov&sid=5TTr-Sp42MzzT8RYAAAA HTTP/1.1" 200 -
2026-02-07 14:08:39,868 - INFO - 127.0.0.1 - - [07/Feb/2026 14:08:39] "GET /socket.io/?EIO=4&transport=polling&t=PmtGCp1&sid=5TTr-Sp42MzzT8RYAAAA HTTP/1.1" 200 -
2026-02-07 14:08:40,554 - INFO - 127.0.0.1 - - [07/Feb/2026 14:08:40] "[31m[1mPOST /socket.io/?transport=polling&EIO=4&sid=4mLC4kFHkClDxF-zAAAC HTTP/1.1[0m" 400 -
2026-02-07 14:08:40,571 - INFO - 127.0.0.1 - - [07/Feb/2026 14:08:40] "[31m[1mGET /socket.io/?transport=polling&EIO=4&sid=4mLC4kFHkClDxF-zAAAC&t=1770453518.5194929 HTTP/1.1[0m" 400 -
2026-02-07 14:08:40,748 - INFO - 127.0.0.1 - - [07/Feb/2026 14:08:40] "[31m[1mPOST /socket.io/?transport=polling&EIO=4&sid=I7ZU-bVZbs5h7IWgAAAD HTTP/1.1[0m" 400 -
2026-02-07 14:08:40,752 - INFO - 127.0.0.1 - - [07/Feb/2026 14:08:40] "[31m[1mGET /socket.io/?transport=polling&EIO=4&sid=I7ZU-bVZbs5h7IWgAAAD&t=1770453518.6952982 HTTP/1.1[0m" 400 -
2026-02-07 14:08:43,364 - INFO - 127.0.0.1 - - [07/Feb/2026 14:08:43] "GET /socket.io/?transport=polling&EIO=4&t=1770453521.317202 HTTP/1.1" 200 -
2026-02-07 14:08:43,811 - INFO - 127.0.0.1 - - [07/Feb/2026 14:08:43] "GET /socket.io/?transport=polling&EIO=4&t=1770453521.7639322 HTTP/1.1" 200 -
2026-02-07 14:08:45,430 - INFO - Client connected: <built-in function id>
2026-02-07 14:08:45,869 - INFO - Client connected: <built-in function id>
2026-02-07 14:08:46,292 - INFO - Vehicle A updated: 13.014940, 77.594604, speed=0.00 km/h, dir=0.00°
2026-02-07 14:08:46,833 - INFO - Vehicle B updated: 12.924739, 77.594597, speed=0.00 km/h, dir=0.00°
2026-02-07 14:08:47,292 - INFO - Vehicle A updated: 13.015043, 77.594599, speed=41.28 km/h, dir=357.33°
2026-02-07 14:08:47,845 - INFO - Vehicle B updated: 12.924625, 77.594603, speed=45.14 km/h, dir=177.11°
2026-02-07 14:08:48,294 - INFO - Vehicle A updated: 13.015144, 77.594595, speed=40.18 km/h, dir=358.20°
2026-02-07 14:08:48,848 - INFO - Vehicle B updated: 12.924510, 77.594598, speed=46.19 km/h, dir=182.46°
2026-02-07 14:08:49,301 - INFO - Vehicle A updated: 13.015245, 77.594604, speed=40.54 km/h, dir=4.84°
2026-02-07 14:08:49,857 - INFO - Vehicle B updated: 12.924403, 77.594602, speed=42.37 km/h, dir=177.64°
2026-02-07 14:08:50,303 - INFO - Vehicle A updated: 13.015340, 77.594598, speed=38.06 km/h, dir=356.62°
2026-02-07 14:08:50,856 - INFO - Vehicle B updated: 12.924293, 77.594597, speed=44.23 km/h, dir=182.76°
2026-02-07 14:08:51,306 - INFO - Vehicle A updated: 13.015448, 77.594598, speed=42.96 km/h, dir=359.92°
2026-02-07 14:08:51,860 - INFO - Vehicle B updated: 12.924181, 77.594604, speed=44.48 km/h, dir=176.19°
2026-02-07 14:08:52,308 - INFO - Vehicle A updated: 13.015542, 77.594597, speed=37.56 km/h, dir=359.22°
2026-02-07 14:08:52,860 - INFO - Vehicle B updated: 12.924060, 77.594600, speed=48.66 km/h, dir=182.13°
2026-02-07 14:08:53,308 - INFO - Vehicle A updated: 13.015639, 77.594602, speed=38.97 km/h, dir=3.16°
2026-02-07 14:08:53,864 - INFO - Vehicle B updated: 12.923952, 77.594605, speed=42.96 km/h, dir=177.32°
2026-02-07 14:08:54,312 - INFO - Vehicle A updated: 13.015748, 77.594599, speed=43.54 km/h, dir=358.40°
2026-02-07 14:08:54,868 - INFO - Vehicle B updated: 12.923835, 77.594605, speed=46.91 km/h, dir=179.91°
2026-02-07 14:08:55,314 - INFO - Vehicle A updated: 13.015844, 77.594604, speed=38.19 km/h, dir=2.44°
2026-02-07 14:08:55,871 - INFO - Vehicle B updated: 12.923726, 77.594596, speed=43.55 km/h, dir=184.34°
2026-02-07 14:08:56,319 - INFO - Vehicle A updated: 13.015947, 77.594601, speed=41.09 km/h, dir=358.44°
2026-02-07 14:08:56,871 - INFO - Vehicle B updated: 12.923614, 77.594597, speed=44.70 km/h, dir=179.92°
2026-02-07 14:08:57,321 - INFO - Vehicle A updated: 13.016047, 77.594600, speed=39.94 km/h, dir=359.69°
2026-02-07 14:08:57,875 - INFO - Vehicle B updated: 12.923502, 77.594600, speed=44.86 km/h, dir=178.43°
2026-02-07 14:08:58,323 - INFO - Vehicle A updated: 13.016146, 77.594597, speed=39.74 km/h, dir=358.00°
2026-02-07 14:08:58,877 - INFO - Vehicle B updated: 12.923391, 77.594601, speed=44.40 km/h, dir=179.24°
2026-02-07 14:08:59,326 - INFO - Vehicle A updated: 13.016244, 77.594603, speed=39.17 km/h, dir=3.51°
2026-02-07 14:08:59,879 - INFO - Vehicle B updated: 12.923277, 77.594602, speed=45.30 km/h, dir=179.89°
2026-02-07 14:09:00,328 - INFO - Vehicle A updated: 13.016347, 77.594598, speed=40.99 km/h, dir=357.17°
2026-02-07 14:09:00,879 - INFO - Vehicle B updated: 12.923161, 77.594597, speed=46.55 km/h, dir=182.32°
2026-02-07 14:09:01,328 - INFO - Vehicle A updated: 13.016440, 77.594604, speed=37.52 km/h, dir=3.70°
2026-02-07 14:09:01,883 - INFO - Vehicle B updated: 12.923046, 77.594603, speed=46.01 km/h, dir=177.15°
2026-02-07 14:09:02,333 - INFO - Vehicle A updated: 13.016548, 77.594596, speed=42.92 km/h, dir=355.78°
2026-02-07 14:09:02,885 - INFO - Vehicle B updated: 12.922933, 77.594604, speed=45.08 km/h, dir=179.13°
2026-02-07 14:09:03,335 - INFO - Vehicle A updated: 13.016640, 77.594600, speed=37.07 km/h, dir=2.89°
2026-02-07 14:09:03,888 - INFO - Vehicle B updated: 12.922825, 77.594596, speed=43.16 km/h, dir=184.23°
2026-02-07 14:09:04,334 - INFO - Vehicle A updated: 13.016747, 77.594595, speed=42.74 km/h, dir=357.34°
2026-02-07 14:09:04,889 - INFO - Vehicle B updated: 12.922708, 77.594598, speed=46.71 km/h, dir=179.05°
2026-02-07 14:09:05,337 - INFO - Vehicle A updated: 13.016849, 77.594601, speed=41.00 km/h, dir=3.00°
2026-02-07 14:09:05,892 - INFO - Vehicle B updated: 12.922598, 77.594600, speed=44.11 km/h, dir=179.23°
2026-02-07 14:09:06,339 - INFO - Vehicle A updated: 13.016950, 77.594601, speed=40.22 km/h, dir=359.95°
2026-02-07 14:09:06,895 - INFO - Vehicle B updated: 12.922490, 77.594605, speed=43.10 km/h, dir=177.38°
2026-02-07 14:09:07,342 - INFO - Vehicle A updated: 13.017049, 77.594600, speed=39.63 km/h, dir=359.43°
2026-02-07 14:09:07,901 - INFO - Vehicle B updated: 12.922374, 77.594597, speed=46.12 km/h, dir=183.76°
2026-02-07 14:09:08,344 - INFO - Vehicle A updated: 13.017149, 77.594600, speed=39.94 km/h, dir=0.16°
2026-02-07 14:09:08,905 - INFO - Vehicle B updated: 12.922261, 77.594605, speed=45.16 km/h, dir=176.08°
2026-02-07 14:09:09,350 - INFO - Vehicle A updated: 13.017248, 77.594601, speed=39.32 km/h, dir=0.62°
2026-02-07 14:09:09,906 - INFO - Vehicle B updated: 12.922152, 77.594601, speed=43.68 km/h, dir=182.19°
2026-02-07 14:09:10,349 - INFO - Vehicle A updated: 13.017343, 77.594603, speed=37.88 km/h, dir=1.10°
2026-02-07 14:09:10,911 - INFO - Vehicle B updated: 12.922038, 77.594602, speed=45.46 km/h, dir=179.39°
2026-02-07 14:09:11,353 - INFO - Vehicle A updated: 13.017448, 77.594600, speed=42.11 km/h, dir=358.65°
2026-02-07 14:09:11,911 - INFO - Vehicle B updated: 12.921927, 77.594605, speed=44.50 km/h, dir=178.56°
2026-02-07 14:09:12,355 - INFO - Vehicle A updated: 13.017544, 77.594601, speed=38.35 km/h, dir=0.54°
2026-02-07 14:09:12,913 - INFO - Vehicle B updated: 12.921813, 77.594605, speed=45.35 km/h, dir=180.08°
2026-02-07 14:09:13,358 - INFO - Vehicle A updated: 13.017644, 77.594599, speed=39.73 km/h, dir=358.49°
2026-02-07 14:09:13,917 - INFO - Vehicle B updated: 12.921702, 77.594601, speed=44.35 km/h, dir=181.72°
2026-02-07 14:09:14,358 - INFO - Vehicle A updated: 13.017743, 77.594597, speed=39.87 km/h, dir=358.92°
2026-02-07 14:09:14,919 - INFO - Vehicle B updated: 12.921590, 77.594604, speed=44.72 km/h, dir=178.52°
2026-02-07 14:09:15,362 - INFO - Vehicle A updated: 13.017849, 77.594604, speed=42.24 km/h, dir=3.64°
2026-02-07 14:09:15,921 - INFO - Vehicle B updated: 12.921469, 77.594601, speed=48.34 km/h, dir=181.49°
2026-02-07 14:09:16,364 - INFO - Vehicle A updated: 13.017950, 77.594599, speed=40.50 km/h, dir=357.47°
2026-02-07 14:09:16,923 - INFO - Vehicle B updated: 12.921359, 77.594595, speed=44.33 km/h, dir=182.81°
2026-02-07 14:09:17,366 - INFO - Vehicle A updated: 13.018048, 77.594595, speed=38.87 km/h, dir=357.78°
2026-02-07 14:09:17,922 - INFO - Vehicle B updated: 12.921250, 77.594599, speed=43.51 km/h, dir=177.85°
2026-02-07 14:09:18,368 - INFO - Vehicle A updated: 13.018149, 77.594605, speed=40.70 km/h, dir=5.41°
2026-02-07 14:09:18,925 - INFO - Vehicle B updated: 12.921137, 77.594604, speed=44.92 km/h, dir=177.89°
2026-02-07 14:09:19,370 - INFO - Vehicle A updated: 13.018243, 77.594605, speed=37.66 km/h, dir=359.90°
2026-02-07 14:09:19,927 - INFO - Vehicle B updated: 12.921021, 77.594597, speed=46.69 km/h, dir=183.43°
2026-02-07 14:09:20,369 - INFO - Vehicle A updated: 13.018350, 77.594601, speed=42.86 km/h, dir=358.24°
2026-02-07 14:09:20,932 - INFO - Vehicle B updated: 12.920915, 77.594604, speed=42.34 km/h, dir=175.95°
2026-02-07 14:09:21,370 - INFO - Vehicle A updated: 13.018443, 77.594595, speed=37.28 km/h, dir=356.36°
2026-02-07 14:09:21,936 - INFO - Vehicle B updated: 12.920802, 77.594604, speed=44.96 km/h, dir=180.22°
2026-02-07 14:09:22,374 - INFO - Vehicle A updated: 13.018547, 77.594604, speed=41.62 km/h, dir=4.84°
2026-02-07 14:09:22,935 - INFO - Vehicle B updated: 12.920682, 77.594599, speed=48.01 km/h, dir=182.18°
2026-02-07 14:09:23,377 - INFO - Vehicle A updated: 13.018645, 77.594603, speed=38.88 km/h, dir=359.37°
2026-02-07 14:09:23,938 - INFO - Vehicle B updated: 12.920576, 77.594601, speed=42.56 km/h, dir=179.21°
2026-02-07 14:09:24,377 - INFO - Vehicle A updated: 13.018743, 77.594604, speed=39.31 km/h, dir=0.14°
2026-02-07 14:09:24,941 - INFO - Vehicle B updated: 12.920465, 77.594595, speed=44.24 km/h, dir=182.79°
2026-02-07 14:09:25,382 - INFO - Vehicle A updated: 13.018850, 77.594595, speed=42.81 km/h, dir=355.75°
2026-02-07 14:09:25,943 - INFO - Vehicle B updated: 12.920349, 77.594597, speed=46.18 km/h, dir=179.11°
2026-02-07 14:09:26,383 - INFO - Vehicle A updated: 13.018949, 77.594604, speed=39.74 km/h, dir=5.08°
2026-02-07 14:09:26,946 - INFO - Vehicle B updated: 12.920238, 77.594598, speed=44.30 km/h, dir=179.54°
2026-02-07 14:09:27,393 - INFO - Vehicle A updated: 13.019052, 77.594600, speed=41.02 km/h, dir=357.52°
2026-02-07 14:09:27,951 - INFO - Vehicle B updated: 12.920125, 77.594597, speed=45.32 km/h, dir=180.57°
2026-02-07 14:09:28,389 - INFO - Vehicle A updated: 13.019150, 77.594600, speed=39.19 km/h, dir=359.94°
2026-02-07 14:09:28,956 - INFO - Vehicle B updated: 12.920013, 77.594603, speed=44.64 km/h, dir=176.95°
2026-02-07 14:09:29,392 - INFO - Vehicle A updated: 13.019252, 77.594601, speed=40.54 km/h, dir=0.53°
2026-02-07 14:09:29,958 - INFO - Vehicle B updated: 12.919896, 77.594601, speed=46.66 km/h, dir=180.87°
2026-02-07 14:09:30,393 - INFO - Vehicle A updated: 13.019346, 77.594600, speed=37.61 km/h, dir=359.40°
2026-02-07 14:09:30,961 - INFO - Vehicle B updated: 12.919783, 77.594596, speed=45.12 km/h, dir=182.59°
2026-02-07 14:09:31,396 - INFO - Vehicle A updated: 13.019452, 77.594596, speed=42.44 km/h, dir=358.05°
2026-02-07 14:09:31,963 - INFO - Vehicle B updated: 12.919675, 77.594603, speed=43.17 km/h, dir=176.26°
2026-02-07 14:09:32,400 - INFO - Vehicle A updated: 13.019550, 77.594596, speed=39.17 km/h, dir=0.17°
2026-02-07 14:09:32,965 - INFO - Vehicle B updated: 12.919560, 77.594602, speed=46.04 km/h, dir=180.44°
2026-02-07 14:09:33,403 - INFO - Vehicle A updated: 13.019643, 77.594599, speed=37.25 km/h, dir=1.49°
2026-02-07 14:09:33,967 - INFO - Vehicle B updated: 12.919448, 77.594595, speed=44.73 km/h, dir=183.50°
2026-02-07 14:09:34,403 - INFO - Vehicle A updated: 13.019753, 77.594601, speed=43.69 km/h, dir=1.37°
2026-02-07 14:09:34,971 - INFO - Vehicle B updated: 12.919339, 77.594599, speed=43.68 km/h, dir=178.19°
2026-02-07 14:09:35,426 - INFO - Vehicle A updated: 13.019844, 77.594598, speed=35.84 km/h, dir=358.18°
2026-02-07 14:09:36,000 - INFO - Vehicle B updated: 12.919220, 77.594602, speed=46.36 km/h, dir=178.60°
2026-02-07 14:09:36,430 - INFO - Vehicle A updated: 13.019949, 77.594598, speed=41.77 km/h, dir=359.95°
2026-02-07 14:09:37,000 - INFO - Vehicle B updated: 12.919108, 77.594603, speed=44.56 km/h, dir=179.36°
2026-02-07 14:09:37,434 - INFO - Vehicle A updated: 13.020047, 77.594601, speed=39.30 km/h, dir=1.22°
2026-02-07 14:09:38,002 - INFO - Vehicle B updated: 12.918992, 77.594601, speed=46.49 km/h, dir=180.85°
2026-02-07 14:09:38,433 - INFO - Vehicle A updated: 13.020145, 77.594599, speed=38.90 km/h, dir=358.93°
2026-02-07 14:09:39,002 - INFO - Vehicle B updated: 12.918887, 77.594599, speed=42.04 km/h, dir=180.99°
2026-02-07 14:09:39,436 - INFO - Vehicle A updated: 13.020248, 77.594600, speed=41.30 km/h, dir=0.87°
2026-02-07 14:09:40,008 - INFO - Vehicle B updated: 12.918770, 77.594599, speed=46.60 km/h, dir=180.25°
2026-02-07 14:09:40,440 - INFO - Vehicle A updated: 13.020348, 77.594600, speed=39.94 km/h, dir=359.77°
2026-02-07 14:09:41,010 - INFO - Vehicle B updated: 12.918660, 77.594596, speed=44.03 km/h, dir=181.46°
2026-02-07 14:09:41,443 - INFO - Vehicle A updated: 13.020446, 77.594599, speed=39.29 km/h, dir=359.62°
2026-02-07 14:09:42,015 - INFO - Vehicle B updated: 12.918544, 77.594603, speed=46.11 km/h, dir=176.65°
2026-02-07 14:09:42,447 - INFO - Vehicle A updated: 13.020554, 77.594600, speed=42.72 km/h, dir=0.57°
2026-02-07 14:09:43,017 - INFO - Vehicle B updated: 12.918438, 77.594601, speed=42.30 km/h, dir=180.69°
2026-02-07 14:09:43,450 - INFO - Vehicle A updated: 13.020645, 77.594598, speed=36.48 km/h, dir=358.86°
2026-02-07 14:09:44,021 - INFO - Vehicle B updated: 12.918323, 77.594598, speed=46.09 km/h, dir=181.66°
2026-02-07 14:09:44,455 - INFO - Vehicle A updated: 13.020752, 77.594599, speed=42.42 km/h, dir=0.27°
2026-02-07 14:09:45,024 - INFO - Vehicle B updated: 12.918204, 77.594598, speed=47.18 km/h, dir=179.80°
2026-02-07 14:09:45,457 - INFO - Vehicle A updated: 13.020845, 77.594599, speed=37.51 km/h, dir=0.12°
2026-02-07 14:09:46,025 - INFO - Vehicle B updated: 12.918098, 77.594596, speed=42.44 km/h, dir=181.52°
2026-02-07 14:09:46,458 - INFO - Vehicle A updated: 13.020953, 77.594602, speed=43.06 km/h, dir=1.45°
2026-02-07 14:09:47,025 - INFO - Vehicle B updated: 12.917981, 77.594599, speed=47.09 km/h, dir=178.31°
2026-02-07 14:09:47,459 - INFO - Vehicle A updated: 13.021054, 77.594601, speed=40.31 km/h, dir=359.32°
2026-02-07 14:09:48,028 - INFO - Vehicle B updated: 12.917873, 77.594595, speed=42.87 km/h, dir=181.97°
2026-02-07 14:09:48,463 - INFO - Vehicle A updated: 13.021145, 77.594601, speed=36.36 km/h, dir=0.44°
2026-02-07 14:09:49,028 - INFO - Vehicle B updated: 12.917754, 77.594598, speed=47.81 km/h, dir=178.81°
2026-02-07 14:09:49,462 - INFO - Vehicle A updated: 13.021247, 77.594595, speed=40.96 km/h, dir=356.72°
2026-02-07 14:09:50,030 - INFO - Vehicle B updated: 12.917645, 77.594600, speed=43.48 km/h, dir=179.13°
2026-02-07 14:09:50,466 - INFO - Vehicle A updated: 13.021353, 77.594601, speed=42.41 km/h, dir=2.93°
2026-02-07 14:09:51,034 - INFO - Vehicle B updated: 12.917534, 77.594596, speed=44.36 km/h, dir=181.61°
2026-02-07 14:09:51,466 - INFO - Vehicle A updated: 13.021449, 77.594597, speed=38.21 km/h, dir=357.83°
2026-02-07 14:09:52,037 - INFO - Vehicle B updated: 12.917419, 77.594603, speed=45.78 km/h, dir=176.96°
2026-02-07 14:09:52,472 - INFO - Vehicle A updated: 13.021546, 77.594598, speed=38.52 km/h, dir=0.24°
2026-02-07 14:09:53,037 - INFO - Vehicle B updated: 12.917306, 77.594600, speed=45.44 km/h, dir=181.39°
2026-02-07 14:09:53,473 - INFO - Vehicle A updated: 13.021654, 77.594603, speed=43.46 km/h, dir=2.55°
2026-02-07 14:09:54,039 - INFO - Vehicle B updated: 12.917191, 77.594601, speed=45.95 km/h, dir=179.26°
2026-02-07 14:09:54,526 - INFO - Vehicle A updated: 13.021746, 77.594598, speed=34.99 km/h, dir=357.35°
2026-02-07 14:09:55,040 - INFO - Vehicle B updated: 12.917079, 77.594599, speed=44.73 km/h, dir=181.31°
2026-02-07 14:09:55,530 - INFO - Vehicle A updated: 13.021847, 77.594604, speed=40.13 km/h, dir=3.04°
2026-02-07 14:09:56,046 - INFO - Vehicle B updated: 12.916969, 77.594604, speed=43.69 km/h, dir=177.31°
2026-02-07 14:09:56,533 - INFO - Vehicle A updated: 13.021948, 77.594603, speed=40.48 km/h, dir=359.70°
2026-02-07 14:09:57,045 - INFO - Vehicle B updated: 12.916854, 77.594598, speed=46.41 km/h, dir=183.08°
2026-02-07 14:09:57,535 - INFO - Vehicle A updated: 13.022048, 77.594603, speed=39.79 km/h, dir=0.02°
2026-02-07 14:09:58,052 - INFO - Vehicle B updated: 12.916748, 77.594603, speed=42.03 km/h, dir=176.90°
2026-02-07 14:09:58,536 - INFO - Vehicle A updated: 13.022150, 77.594604, speed=40.74 km/h, dir=0.22°
2026-02-07 14:09:59,052 - INFO - Vehicle B updated: 12.916633, 77.594604, speed=46.08 km/h, dir=179.55°
2026-02-07 14:09:59,538 - INFO - Vehicle A updated: 13.022249, 77.594601, speed=39.94 km/h, dir=358.71°
2026-02-07 14:10:00,052 - INFO - Vehicle B updated: 12.916521, 77.594600, speed=44.81 km/h, dir=182.28°
2026-02-07 14:10:00,541 - INFO - Vehicle A updated: 13.022347, 77.594599, speed=38.75 km/h, dir=358.57°
2026-02-07 14:10:01,058 - INFO - Vehicle B updated: 12.916406, 77.594599, speed=45.78 km/h, dir=180.57°
2026-02-07 14:10:01,541 - INFO - Vehicle A updated: 13.022448, 77.594596, speed=40.63 km/h, dir=358.37°
2026-02-07 14:10:02,057 - INFO - Vehicle B updated: 12.916294, 77.594603, speed=45.02 km/h, dir=177.97°
2026-02-07 14:10:02,570 - INFO - Vehicle A updated: 13.022548, 77.594602, speed=38.84 km/h, dir=3.57°
2026-02-07 14:10:03,060 - INFO - Vehicle B updated: 12.916185, 77.594599, speed=43.45 km/h, dir=181.75°
2026-02-07 14:10:03,574 - INFO - Vehicle A updated: 13.022649, 77.594600, speed=40.58 km/h, dir=358.76°
2026-02-07 14:10:04,126 - INFO - Vehicle B updated: 12.916071, 77.594604, speed=42.72 km/h, dir=177.49°
2026-02-07 14:10:04,574 - INFO - Vehicle A updated: 13.022751, 77.594602, speed=40.67 km/h, dir=1.08°
2026-02-07 14:10:05,130 - INFO - Vehicle B updated: 12.915957, 77.594598, speed=45.73 km/h, dir=183.26°
2026-02-07 14:10:05,579 - INFO - Vehicle A updated: 13.022848, 77.594604, speed=38.86 km/h, dir=1.20°
2026-02-07 14:10:06,132 - INFO - Vehicle B updated: 12.915845, 77.594604, speed=44.93 km/h, dir=176.94°
2026-02-07 14:10:06,597 - INFO - Vehicle A updated: 13.022955, 77.594599, speed=41.82 km/h, dir=357.53°
2026-02-07 14:10:07,141 - INFO - Vehicle B updated: 12.915730, 77.594602, speed=45.58 km/h, dir=180.69°
2026-02-07 14:10:07,612 - INFO - Vehicle A updated: 13.023049, 77.594601, speed=37.13 km/h, dir=1.01°
2026-02-07 14:10:08,141 - INFO - Vehicle B updated: 12.915616, 77.594601, speed=45.33 km/h, dir=180.93°
2026-02-07 14:10:08,613 - INFO - Vehicle A updated: 13.023150, 77.594596, speed=40.58 km/h, dir=357.07°
2026-02-07 14:10:09,145 - INFO - Vehicle B updated: 12.915504, 77.594603, speed=44.73 km/h, dir=178.86°
2026-02-07 14:10:09,618 - INFO - Vehicle A updated: 13.023247, 77.594600, speed=38.57 km/h, dir=2.13°
2026-02-07 14:10:10,147 - INFO - Vehicle B updated: 12.915388, 77.594600, speed=46.35 km/h, dir=181.33°
2026-02-07 14:10:10,618 - INFO - Vehicle A updated: 13.023354, 77.594599, speed=42.90 km/h, dir=359.57°
2026-02-07 14:10:11,150 - INFO - Vehicle B updated: 12.915281, 77.594601, speed=42.97 km/h, dir=179.63°
2026-02-07 14:10:11,620 - INFO - Vehicle A updated: 13.023453, 77.594602, speed=39.59 km/h, dir=1.95°
2026-02-07 14:10:12,154 - INFO - Vehicle B updated: 12.915167, 77.594599, speed=45.38 km/h, dir=181.08°
2026-02-07 14:10:12,629 - INFO - Vehicle A updated: 13.023554, 77.594601, speed=40.11 km/h, dir=359.58°
2026-02-07 14:10:13,154 - INFO - Vehicle B updated: 12.915051, 77.594604, speed=46.28 km/h, dir=177.56°
2026-02-07 14:10:13,662 - INFO - Vehicle A updated: 13.023653, 77.594597, speed=38.42 km/h, dir=357.31°
2026-02-07 14:10:14,299 - INFO - Vehicle B updated: 12.914938, 77.594603, speed=39.72 km/h, dir=180.12°
2026-02-07 14:10:14,780 - INFO - Vehicle A updated: 13.023748, 77.594604, speed=33.81 km/h, dir=4.22°
2026-02-07 14:10:15,418 - INFO - Vehicle B updated: 12.914832, 77.594597, speed=37.85 km/h, dir=183.18°
2026-02-07 14:10:15,774 - INFO - Vehicle A updated: 13.023856, 77.594597, speed=43.94 km/h, dir=356.65°
2026-02-07 14:10:16,377 - INFO - Vehicle B updated: 12.914712, 77.594595, speed=49.95 km/h, dir=180.97°
2026-02-07 14:10:16,773 - INFO - Vehicle A updated: 13.023950, 77.594596, speed=37.38 km/h, dir=359.19°
2026-02-07 14:10:17,380 - INFO - Vehicle B updated: 12.914609, 77.594601, speed=41.17 km/h, dir=177.03°
2026-02-07 14:10:17,776 - INFO - Vehicle A updated: 13.024053, 77.594597, speed=41.07 km/h, dir=0.46°
2026-02-07 14:10:18,383 - INFO - Vehicle B updated: 12.914489, 77.594600, speed=48.11 km/h, dir=180.25°
2026-02-07 14:10:18,780 - INFO - Vehicle A updated: 13.024156, 77.594604, speed=41.27 km/h, dir=4.11°
2026-02-07 14:10:19,397 - INFO - Vehicle B updated: 12.914377, 77.594596, speed=44.14 km/h, dir=182.17°
2026-02-07 14:10:19,788 - INFO - Vehicle A updated: 13.024257, 77.594597, speed=40.29 km/h, dir=356.21°
2026-02-07 14:10:20,544 - INFO - Vehicle B updated: 12.914263, 77.594600, speed=39.70 km/h, dir=177.97°
2026-02-07 14:10:20,860 - INFO - Vehicle A updated: 13.024348, 77.594604, speed=34.05 km/h, dir=4.03°
2026-02-07 14:10:21,490 - INFO - Vehicle B updated: 12.914159, 77.594599, speed=44.20 km/h, dir=180.31°
2026-02-07 14:10:21,856 - INFO - Vehicle A updated: 13.024453, 77.594604, speed=42.17 km/h, dir=0.20°
2026-02-07 14:10:22,491 - INFO - Vehicle B updated: 12.914042, 77.594605, speed=46.73 km/h, dir=177.52°
2026-02-07 14:10:22,860 - INFO - Vehicle A updated: 13.024555, 77.594603, speed=40.71 km/h, dir=359.35°
2026-02-07 14:10:23,497 - INFO - Vehicle B updated: 12.913929, 77.594604, speed=44.85 km/h, dir=180.13°
2026-02-07 14:10:23,860 - INFO - Vehicle A updated: 13.024656, 77.594602, speed=40.59 km/h, dir=359.33°
2026-02-07 14:10:24,499 - INFO - Vehicle B updated: 12.913814, 77.594602, speed=46.08 km/h, dir=181.30°
2026-02-07 14:10:24,864 - INFO - Vehicle A updated: 13.024749, 77.594602, speed=36.96 km/h, dir=0.12°
2026-02-07 14:10:25,504 - INFO - Vehicle B updated: 12.913702, 77.594604, speed=44.82 km/h, dir=178.76°
2026-02-07 14:10:25,875 - INFO - Vehicle A updated: 13.024850, 77.594603, speed=39.91 km/h, dir=0.71°
2026-02-07 14:10:26,504 - INFO - Vehicle B updated: 12.913588, 77.594601, speed=45.47 km/h, dir=181.60°
2026-02-07 14:10:26,869 - INFO - Vehicle A updated: 13.024957, 77.594598, speed=43.23 km/h, dir=357.06°
2026-02-07 14:10:27,507 - INFO - Vehicle B updated: 12.913475, 77.594597, speed=45.35 km/h, dir=182.01°
2026-02-07 14:10:27,869 - INFO - Vehicle A updated: 13.025058, 77.594601, speed=40.55 km/h, dir=1.64°
2026-02-07 14:10:28,512 - INFO - Vehicle B updated: 12.913370, 77.594600, speed=41.54 km/h, dir=178.31°
2026-02-07 14:10:28,872 - INFO - Vehicle A updated: 13.025158, 77.594598, speed=39.89 km/h, dir=358.21°
2026-02-07 14:10:29,549 - INFO - Vehicle B updated: 12.913254, 77.594600, speed=45.02 km/h, dir=180.15°
2026-02-07 14:10:29,874 - INFO - Vehicle A updated: 13.025251, 77.594597, speed=37.05 km/h, dir=359.58°
2026-02-07 14:10:30,555 - INFO - Vehicle B updated: 12.913139, 77.594601, speed=45.73 km/h, dir=179.38°
2026-02-07 14:10:30,877 - INFO - Vehicle A updated: 13.025349, 77.594599, speed=39.15 km/h, dir=1.45°
2026-02-07 14:10:31,555 - INFO - Vehicle B updated: 12.913026, 77.594603, speed=45.07 km/h, dir=179.12°
2026-02-07 14:10:31,880 - INFO - Vehicle A updated: 13.025456, 77.594598, speed=42.51 km/h, dir=359.41°
2026-02-07 14:10:32,558 - INFO - Vehicle B updated: 12.912916, 77.594603, speed=44.13 km/h, dir=179.68°
2026-02-07 14:10:32,885 - INFO - Vehicle A updated: 13.025554, 77.594603, speed=39.10 km/h, dir=2.79°
2026-02-07 14:10:33,603 - INFO - Vehicle B updated: 12.912804, 77.594600, speed=42.91 km/h, dir=181.65°
2026-02-07 14:10:33,886 - INFO - Vehicle A updated: 13.025654, 77.594598, speed=40.23 km/h, dir=357.15°
2026-02-07 14:10:34,605 - INFO - Vehicle B updated: 12.912690, 77.594602, speed=45.52 km/h, dir=179.23°
2026-02-07 14:10:34,886 - INFO - Vehicle A updated: 13.025752, 77.594596, speed=39.14 km/h, dir=358.64°
2026-02-07 14:10:35,606 - INFO - Vehicle B updated: 12.912577, 77.594597, speed=45.30 km/h, dir=182.03°
2026-02-07 14:10:35,893 - INFO - Vehicle A updated: 13.025859, 77.594601, speed=42.48 km/h, dir=2.74°
2026-02-07 14:10:36,611 - INFO - Vehicle B updated: 12.912469, 77.594596, speed=42.91 km/h, dir=180.67°
2026-02-07 14:10:36,895 - INFO - Vehicle A updated: 13.025950, 77.594597, speed=36.54 km/h, dir=357.90°
2026-02-07 14:10:37,612 - INFO - Vehicle B updated: 12.912355, 77.594597, speed=45.35 km/h, dir=179.74°
2026-02-07 14:10:37,899 - INFO - Vehicle A updated: 13.026056, 77.594605, speed=42.18 km/h, dir=3.86°
2026-02-07 14:10:38,614 - INFO - Vehicle B updated: 12.912239, 77.594602, speed=46.71 km/h, dir=177.35°
2026-02-07 14:10:38,900 - INFO - Vehicle A updated: 13.026156, 77.594598, speed=40.13 km/h, dir=356.41°
2026-02-07 14:10:39,616 - INFO - Vehicle B updated: 12.912124, 77.594603, speed=45.75 km/h, dir=179.77°
2026-02-07 14:10:39,901 - INFO - Vehicle A updated: 13.026257, 77.594595, speed=40.55 km/h, dir=358.19°
2026-02-07 14:10:40,621 - INFO - Vehicle B updated: 12.912017, 77.594603, speed=42.53 km/h, dir=179.76°
2026-02-07 14:10:40,902 - INFO - Vehicle A updated: 13.026351, 77.594598, speed=37.43 km/h, dir=1.93°
2026-02-07 14:10:41,623 - INFO - Vehicle B updated: 12.911902, 77.594596, speed=46.16 km/h, dir=183.46°
2026-02-07 14:10:41,906 - INFO - Vehicle A updated: 13.026452, 77.594599, speed=40.33 km/h, dir=0.57°
2026-02-07 14:10:42,627 - INFO - Vehicle B updated: 12.911793, 77.594600, speed=43.53 km/h, dir=177.80°
2026-02-07 14:10:42,907 - INFO - Vehicle A updated: 13.026554, 77.594600, speed=40.65 km/h, dir=0.39°
2026-02-07 14:10:43,627 - INFO - Vehicle B updated: 12.911678, 77.594598, speed=45.82 km/h, dir=181.26°
2026-02-07 14:10:43,908 - INFO - Vehicle A updated: 13.026658, 77.594600, speed=41.96 km/h, dir=359.94°
2026-02-07 14:10:44,182 - INFO - Starting Vehicle Detection Server...
2026-02-07 14:10:44,182 - INFO - Server running on 0.0.0.0:5000
2026-02-07 14:10:44,215 - INFO - [31m[1mWARNING: This is a development server. Do not use it in a production deployment. Use a production WSGI server instead.[0m
 * Running on all addresses (0.0.0.0)
 * Running on http://127.0.0.1:5000
 * Running on http://172.16.64.200:5000
2026-02-07 14:10:44,215 - INFO - [33mPress CTRL+C to quit[0m
2026-02-07 14:10:44,215 - INFO -  * Restarting with watchdog (windowsapi)
2026-02-07 14:10:44,629 - INFO - Vehicle B updated: 12.911569, 77.594602, speed=43.82 km/h, dir=177.74°
2026-02-07 14:10:44,845 - INFO - Starting Vehicle Detection Server...
2026-02-07 14:10:44,845 - INFO - Server running on 0.0.0.0:5000
2026-02-07 14:10:44,856 - WARNING -  * Debugger is active!
2026-02-07 14:10:44,861 - INFO -  * Debugger PIN: 984-781-166
2026-02-07 14:10:44,913 - INFO - Vehicle A updated: 13.026751, 77.594604, speed=36.98 km/h, dir=2.48°
2026-02-07 14:10:45,632 - INFO - Vehicle B updated: 12.911456, 77.594601, speed=45.14 km/h, dir=180.47°
2026-02-07 14:10:45,919 - INFO - Vehicle A updated: 13.026860, 77.594598, speed=43.26 km/h, dir=356.64°
2026-02-07 14:10:46,655 - INFO - Vehicle B updated: 12.911340, 77.594599, speed=45.44 km/h, dir=181.12°
2026-02-07 14:10:46,921 - INFO - Vehicle A updated: 13.026951, 77.594597, speed=36.47 km/h, dir=359.73°
2026-02-07 14:10:47,657 - INFO - Vehicle B updated: 12.911224, 77.594599, speed=46.29 km/h, dir=179.77°
2026-02-07 14:10:47,924 - INFO - Vehicle A updated: 13.027054, 77.594596, speed=41.06 km/h, dir=359.31°
2026-02-07 14:10:48,659 - INFO - Vehicle B updated: 12.911118, 77.594605, speed=42.31 km/h, dir=177.07°
2026-02-07 14:10:48,929 - INFO - Vehicle A updated: 13.027156, 77.594605, speed=40.94 km/h, dir=4.84°
2026-02-07 14:10:49,660 - INFO - Vehicle B updated: 12.911001, 77.594602, speed=46.93 km/h, dir=181.55°
2026-02-07 14:10:49,927 - INFO - Vehicle A updated: 13.027258, 77.594603, speed=40.68 km/h, dir=359.22°
2026-02-07 14:10:50,664 - INFO - Vehicle B updated: 12.910885, 77.594598, speed=46.33 km/h, dir=181.58°
2026-02-07 14:10:50,931 - INFO - Vehicle A updated: 13.027351, 77.594599, speed=37.40 km/h, dir=357.55°
2026-02-07 14:10:51,668 - INFO - Vehicle B updated: 12.910774, 77.594604, speed=44.10 km/h, dir=176.95°
2026-02-07 14:10:51,934 - INFO - Vehicle A updated: 13.027458, 77.594600, speed=42.49 km/h, dir=0.35°
2026-02-07 14:10:52,673 - INFO - Vehicle B updated: 12.910659, 77.594597, speed=45.85 km/h, dir=183.64°
2026-02-07 14:10:52,933 - INFO - Vehicle A updated: 13.027558, 77.594603, speed=40.08 km/h, dir=1.96°
2026-02-07 14:10:53,674 - INFO - Vehicle B updated: 12.910549, 77.594595, speed=44.04 km/h, dir=180.96°
2026-02-07 14:10:53,934 - INFO - Vehicle A updated: 13.027658, 77.594596, speed=40.22 km/h, dir=355.89°
2026-02-07 14:10:54,673 - INFO - Vehicle B updated: 12.910435, 77.594603, speed=45.78 km/h, dir=176.07°
2026-02-07 14:10:54,938 - INFO - Vehicle A updated: 13.027755, 77.594596, speed=38.78 km/h, dir=359.89°
2026-02-07 14:10:55,678 - INFO - Vehicle B updated: 12.910327, 77.594601, speed=42.93 km/h, dir=181.20°
2026-02-07 14:10:55,939 - INFO - Vehicle A updated: 13.027852, 77.594601, speed=38.76 km/h, dir=2.87°
2026-02-07 14:10:56,681 - INFO - Vehicle B updated: 12.910213, 77.594595, speed=45.73 km/h, dir=182.65°
2026-02-07 14:10:56,941 - INFO - Vehicle A updated: 13.027953, 77.594600, speed=40.20 km/h, dir=359.83°
2026-02-07 14:10:57,682 - INFO - Vehicle B updated: 12.910099, 77.594598, speed=45.61 km/h, dir=178.88°
2026-02-07 14:10:57,943 - INFO - Vehicle A updated: 13.028061, 77.594599, speed=43.08 km/h, dir=359.05°
2026-02-07 14:10:58,689 - INFO - Vehicle B updated: 12.909989, 77.594601, speed=43.58 km/h, dir=178.28°
2026-02-07 14:10:58,956 - INFO - Vehicle A updated: 13.028153, 77.594596, speed=36.67 km/h, dir=358.19°
2026-02-07 14:10:59,691 - INFO - Vehicle B updated: 12.909879, 77.594596, speed=43.97 km/h, dir=182.65°
2026-02-07 14:10:59,957 - INFO - Vehicle A updated: 13.028252, 77.594596, speed=39.39 km/h, dir=359.94°
2026-02-07 14:11:00,695 - INFO - Vehicle B updated: 12.909763, 77.594600, speed=46.47 km/h, dir=177.79°
2026-02-07 14:11:00,960 - INFO - Vehicle A updated: 13.028356, 77.594598, speed=41.67 km/h, dir=1.31°
2026-02-07 14:11:01,695 - INFO - Vehicle B updated: 12.909650, 77.594605, speed=45.31 km/h, dir=177.73°
2026-02-07 14:11:01,987 - INFO - Vehicle A updated: 13.028452, 77.594599, speed=37.38 km/h, dir=0.62°
2026-02-07 14:11:02,699 - INFO - Vehicle B updated: 12.909542, 77.594600, speed=43.18 km/h, dir=182.59°
2026-02-07 14:11:02,988 - INFO - Vehicle A updated: 13.028555, 77.594604, speed=41.07 km/h, dir=2.75°
2026-02-07 14:11:03,701 - INFO - Vehicle B updated: 12.909424, 77.594604, speed=46.92 km/h, dir=178.10°
2026-02-07 14:11:03,989 - INFO - Vehicle A updated: 13.028660, 77.594599, speed=42.20 km/h, dir=357.34°
2026-02-07 14:11:04,703 - INFO - Vehicle B updated: 12.909316, 77.594596, speed=43.29 km/h, dir=184.11°
2026-02-07 14:11:04,994 - INFO - Vehicle A updated: 13.028761, 77.594604, speed=40.33 km/h, dir=2.59°
2026-02-07 14:11:05,705 - INFO - Vehicle B updated: 12.909201, 77.594599, speed=46.16 km/h, dir=178.65°
2026-02-07 14:11:05,995 - INFO - Vehicle A updated: 13.028861, 77.594601, speed=39.97 km/h, dir=358.42°
2026-02-07 14:11:06,415 - INFO - 127.0.0.1 - - [07/Feb/2026 14:11:06] "GET /socket.io/?transport=polling&EIO=4&t=1770453664.377146 HTTP/1.1" 200 -
2026-02-07 14:11:06,705 - INFO - Vehicle B updated: 12.909083, 77.594600, speed=46.97 km/h, dir=179.19°
2026-02-07 14:11:06,996 - INFO - Vehicle A updated: 13.028960, 77.594605, speed=39.65 km/h, dir=2.19°
2026-02-07 14:11:07,707 - INFO - Vehicle B updated: 12.908972, 77.594602, speed=44.33 km/h, dir=179.47°
2026-02-07 14:11:08,001 - INFO - Vehicle A updated: 13.029059, 77.594601, speed=39.18 km/h, dir=357.90°
2026-02-07 14:11:08,476 - INFO - Client connected: <built-in function id>
2026-02-07 14:11:08,479 - INFO - Vehicle A updated: 12.971705, 77.594600, speed=48076.24 km/h, dir=180.00°
2026-02-07 14:11:08,708 - INFO - Vehicle B updated: 12.908864, 77.594597, speed=43.53 km/h, dir=182.25°
2026-02-07 14:11:09,005 - INFO - Vehicle A updated: 13.029154, 77.594601, speed=43719.77 km/h, dir=0.00°
2026-02-07 14:11:09,480 - INFO - Vehicle A updated: 12.971799, 77.594605, speed=48299.35 km/h, dir=180.00°
2026-02-07 14:11:09,709 - INFO - Vehicle B updated: 12.908751, 77.594596, speed=45.11 km/h, dir=180.52°
2026-02-07 14:11:10,006 - INFO - Vehicle A updated: 13.029259, 77.594598, speed=43752.16 km/h, dir=359.99°
2026-02-07 14:11:10,486 - INFO - Vehicle A updated: 12.971903, 77.594596, speed=47760.54 km/h, dir=180.00°
2026-02-07 14:11:10,711 - INFO - Vehicle B updated: 12.908638, 77.594595, speed=45.15 km/h, dir=180.48°
2026-02-07 14:11:11,008 - INFO - Vehicle A updated: 13.029358, 77.594604, speed=44085.11 km/h, dir=0.01°
2026-02-07 14:11:11,488 - INFO - Vehicle A updated: 12.972001, 77.594603, speed=48036.49 km/h, dir=180.00°
2026-02-07 14:11:11,714 - INFO - Vehicle B updated: 12.908522, 77.594604, speed=46.18 km/h, dir=175.94°
2026-02-07 14:11:12,011 - INFO - Vehicle A updated: 13.029463, 77.594603, speed=43827.32 km/h, dir=360.00°
2026-02-07 14:11:12,493 - INFO - Vehicle A updated: 12.972098, 77.594603, speed=47641.82 km/h, dir=180.00°
2026-02-07 14:11:12,718 - INFO - Vehicle B updated: 12.908407, 77.594601, speed=45.97 km/h, dir=181.10°
2026-02-07 14:11:13,012 - INFO - Vehicle A updated: 13.029562, 77.594596, speed=44299.18 km/h, dir=359.99°
2026-02-07 14:11:13,493 - INFO - Vehicle A updated: 12.972202, 77.594597, speed=47772.78 km/h, dir=180.00°
2026-02-07 14:11:13,722 - INFO - Vehicle B updated: 12.908303, 77.594602, speed=41.54 km/h, dir=179.78°
2026-02-07 14:11:14,013 - INFO - Vehicle A updated: 13.029662, 77.594602, speed=44184.92 km/h, dir=0.00°
2026-02-07 14:11:14,498 - INFO - Vehicle A updated: 12.972305, 77.594603, speed=47394.62 km/h, dir=180.00°
2026-02-07 14:11:14,723 - INFO - Vehicle B updated: 12.908190, 77.594602, speed=45.32 km/h, dir=180.06°
2026-02-07 14:11:15,016 - INFO - Vehicle A updated: 13.029762, 77.594604, speed=44420.47 km/h, dir=0.00°
2026-02-07 14:11:15,503 - INFO - Vehicle A updated: 12.972405, 77.594596, speed=47420.31 km/h, dir=180.01°
2026-02-07 14:11:15,723 - INFO - Vehicle B updated: 12.908076, 77.594600, speed=45.62 km/h, dir=180.63°
2026-02-07 14:11:16,018 - INFO - Vehicle A updated: 13.029863, 77.594599, speed=44356.15 km/h, dir=0.00°
2026-02-07 14:11:16,503 - INFO - Vehicle A updated: 12.972506, 77.594596, speed=47375.07 km/h, dir=180.00°
2026-02-07 14:11:16,727 - INFO - Vehicle B updated: 12.907959, 77.594601, speed=46.35 km/h, dir=179.86°
2026-02-07 14:11:17,020 - INFO - Vehicle A updated: 13.029958, 77.594598, speed=44466.74 km/h, dir=0.00°
2026-02-07 14:11:17,503 - INFO - Vehicle A updated: 12.972598, 77.594601, speed=47529.93 km/h, dir=180.00°
2026-02-07 14:11:17,729 - INFO - Vehicle B updated: 12.907844, 77.594603, speed=46.16 km/h, dir=178.65°
2026-02-07 14:11:18,024 - INFO - Vehicle A updated: 13.030059, 77.594603, speed=44201.07 km/h, dir=0.00°
2026-02-07 14:11:18,117 - INFO - 127.0.0.1 - - [07/Feb/2026 14:11:18] "GET /socket.io/?transport=polling&EIO=4&t=1770453676.0664017 HTTP/1.1" 200 -
2026-02-07 14:11:18,506 - INFO - Vehicle A updated: 12.972703, 77.594597, speed=47633.16 km/h, dir=180.01°
2026-02-07 14:11:18,733 - INFO - Vehicle B updated: 12.907740, 77.594601, speed=41.53 km/h, dir=181.44°
2026-02-07 14:11:19,025 - INFO - Vehicle A updated: 13.030154, 77.594600, speed=44308.84 km/h, dir=0.00°
2026-02-07 14:11:19,505 - INFO - Vehicle A updated: 12.972797, 77.594597, speed=47772.86 km/h, dir=180.00°
2026-02-07 14:11:19,735 - INFO - Vehicle B updated: 12.907626, 77.594596, speed=45.37 km/h, dir=182.30°
2026-02-07 14:11:20,025 - INFO - Vehicle A updated: 13.030258, 77.594600, speed=44249.05 km/h, dir=0.00°
2026-02-07 14:11:20,184 - INFO - Client connected: <built-in function id>
2026-02-07 14:11:20,192 - INFO - Vehicle B updated: 12.972483, 77.594601, speed=56801.58 km/h, dir=0.00°
2026-02-07 14:11:20,506 - INFO - Vehicle A updated: 12.972899, 77.594603, speed=47705.22 km/h, dir=180.00°
2026-02-07 14:11:20,737 - INFO - Vehicle B updated: 12.907511, 77.594596, speed=47726.08 km/h, dir=180.00°
2026-02-07 14:11:21,029 - INFO - Vehicle A updated: 13.030358, 77.594604, speed=44023.43 km/h, dir=0.00°
2026-02-07 14:11:21,192 - INFO - Vehicle B updated: 12.972374, 77.594597, speed=57082.13 km/h, dir=0.00°
2026-02-07 14:11:21,509 - INFO - Vehicle A updated: 12.973006, 77.594604, speed=47785.26 km/h, dir=180.00°
2026-02-07 14:11:21,737 - INFO - Vehicle B updated: 12.907402, 77.594596, speed=47682.82 km/h, dir=180.00°
2026-02-07 14:11:22,033 - INFO - Vehicle A updated: 13.030461, 77.594596, speed=43926.76 km/h, dir=359.99°
2026-02-07 14:11:22,195 - INFO - Vehicle B updated: 12.972260, 77.594599, speed=56705.44 km/h, dir=0.00°
2026-02-07 14:11:22,510 - INFO - Vehicle A updated: 12.973104, 77.594598, speed=48150.01 km/h, dir=180.00°
2026-02-07 14:11:22,741 - INFO - Vehicle B updated: 12.907281, 77.594596, speed=47704.08 km/h, dir=180.00°
2026-02-07 14:11:23,035 - INFO - Vehicle A updated: 13.030557, 77.594600, speed=43812.37 km/h, dir=0.00°
2026-02-07 14:11:23,202 - INFO - Vehicle B updated: 12.972150, 77.594603, speed=56271.69 km/h, dir=0.01°
2026-02-07 14:11:23,511 - INFO - Vehicle A updated: 12.973203, 77.594601, speed=48230.62 km/h, dir=180.00°
2026-02-07 14:11:23,742 - INFO - Vehicle B updated: 12.907168, 77.594603, speed=48204.45 km/h, dir=180.00°
2026-02-07 14:11:24,038 - INFO - Vehicle A updated: 13.030662, 77.594597, speed=43610.52 km/h, dir=360.00°
2026-02-07 14:11:24,204 - INFO - Vehicle B updated: 12.972039, 77.594605, speed=56209.82 km/h, dir=0.00°
2026-02-07 14:11:24,519 - INFO - Vehicle A updated: 12.973303, 77.594603, speed=47787.07 km/h, dir=179.99°
2026-02-07 14:11:24,742 - INFO - Vehicle B updated: 12.907055, 77.594604, speed=48286.71 km/h, dir=180.00°
2026-02-07 14:11:25,041 - INFO - Vehicle A updated: 13.030756, 77.594603, speed=44021.22 km/h, dir=360.00°
2026-02-07 14:11:25,204 - INFO - Vehicle B updated: 12.971922, 77.594598, speed=56258.25 km/h, dir=359.99°
2026-02-07 14:11:25,522 - INFO - Vehicle A updated: 12.973405, 77.594598, speed=47771.38 km/h, dir=180.00°
2026-02-07 14:11:25,747 - INFO - Vehicle B updated: 12.906949, 77.594605, speed=48062.69 km/h, dir=179.99°
2026-02-07 14:11:26,043 - INFO - Vehicle A updated: 13.030857, 77.594602, speed=44120.02 km/h, dir=0.00°
2026-02-07 14:11:26,207 - INFO - Vehicle B updated: 12.971814, 77.594602, speed=56193.20 km/h, dir=360.00°
2026-02-07 14:11:26,528 - INFO - Vehicle A updated: 12.973500, 77.594597, speed=47364.34 km/h, dir=180.00°
2026-02-07 14:11:26,776 - INFO - Vehicle B updated: 12.906836, 77.594599, speed=45745.50 km/h, dir=180.00°
2026-02-07 14:11:27,045 - INFO - Vehicle A updated: 13.030955, 77.594601, speed=44494.09 km/h, dir=0.00°
2026-02-07 14:11:27,212 - INFO - Vehicle B updated: 12.971701, 77.594603, speed=59830.77 km/h, dir=0.00°
2026-02-07 14:11:27,530 - INFO - Vehicle A updated: 12.973604, 77.594597, speed=47315.51 km/h, dir=180.00°
2026-02-07 14:11:27,777 - INFO - Vehicle B updated: 12.906724, 77.594605, speed=45869.89 km/h, dir=180.00°
2026-02-07 14:11:28,049 - INFO - Vehicle A updated: 13.031062, 77.594600, speed=44252.99 km/h, dir=0.00°
2026-02-07 14:11:28,213 - INFO - Vehicle B updated: 12.971584, 77.594605, speed=59518.50 km/h, dir=360.00°
2026-02-07 14:11:28,532 - INFO - Vehicle A updated: 12.973698, 77.594601, speed=47564.35 km/h, dir=180.00°
2026-02-07 14:11:28,780 - INFO - Vehicle B updated: 12.906613, 77.594604, speed=46041.78 km/h, dir=180.00°
2026-02-07 14:11:29,052 - INFO - Vehicle A updated: 13.031161, 77.594596, speed=44253.39 km/h, dir=360.00°
2026-02-07 14:11:29,214 - INFO - Vehicle B updated: 12.971478, 77.594604, speed=59526.90 km/h, dir=360.00°
2026-02-07 14:11:29,536 - INFO - Vehicle A updated: 12.973806, 77.594596, speed=47409.19 km/h, dir=180.00°
2026-02-07 14:11:29,782 - INFO - Vehicle B updated: 12.906499, 77.594603, speed=45782.54 km/h, dir=180.00°
2026-02-07 14:11:30,053 - INFO - Vehicle A updated: 13.031255, 77.594598, speed=44496.44 km/h, dir=0.00°
2026-02-07 14:11:30,216 - INFO - Vehicle B updated: 12.971358, 77.594602, speed=59788.37 km/h, dir=360.00°
2026-02-07 14:11:30,538 - INFO - Vehicle A updated: 12.973900, 77.594602, speed=47354.24 km/h, dir=180.00°
2026-02-07 14:11:30,785 - INFO - Vehicle B updated: 12.906382, 77.594603, speed=45742.35 km/h, dir=180.00°
2026-02-07 14:11:31,056 - INFO - Vehicle A updated: 13.031359, 77.594601, speed=44404.77 km/h, dir=360.00°
2026-02-07 14:11:31,219 - INFO - Vehicle B updated: 12.971246, 77.594598, speed=59832.78 km/h, dir=360.00°
2026-02-07 14:11:31,539 - INFO - Vehicle A updated: 12.973998, 77.594604, speed=47537.74 km/h, dir=180.00°
2026-02-07 14:11:31,790 - INFO - Vehicle B updated: 12.906274, 77.594600, speed=45901.70 km/h, dir=180.00°
2026-02-07 14:11:32,056 - INFO - Vehicle A updated: 13.031458, 77.594602, speed=44486.43 km/h, dir=360.00°
2026-02-07 14:11:32,217 - INFO - Vehicle B updated: 12.971137, 77.594605, speed=60167.17 km/h, dir=0.00°
2026-02-07 14:11:32,539 - INFO - Vehicle A updated: 12.974102, 77.594599, speed=47534.89 km/h, dir=180.00°
2026-02-07 14:11:32,789 - INFO - Vehicle B updated: 12.906162, 77.594601, speed=45458.51 km/h, dir=180.00°
2026-02-07 14:11:33,062 - INFO - Vehicle A updated: 13.031557, 77.594603, speed=43964.76 km/h, dir=0.00°
2026-02-07 14:11:33,221 - INFO - Vehicle B updated: 12.971019, 77.594604, speed=60103.58 km/h, dir=0.00°
2026-02-07 14:11:33,542 - INFO - Vehicle A updated: 12.974204, 77.594601, speed=47845.29 km/h, dir=180.00°
2026-02-07 14:11:33,789 - INFO - Vehicle B updated: 12.906049, 77.594601, speed=45778.38 km/h, dir=180.00°
2026-02-07 14:11:34,061 - INFO - Vehicle A updated: 13.031663, 77.594600, speed=44354.40 km/h, dir=360.00°
2026-02-07 14:11:34,224 - INFO - Vehicle B updated: 12.970906, 77.594600, speed=59780.06 km/h, dir=360.00°
2026-02-07 14:11:34,542 - INFO - Vehicle A updated: 12.974302, 77.594600, speed=47740.70 km/h, dir=180.00°
2026-02-07 14:11:34,790 - INFO - Vehicle B updated: 12.905932, 77.594602, speed=45892.67 km/h, dir=180.00°
2026-02-07 14:11:35,062 - INFO - Vehicle A updated: 13.031760, 77.594599, speed=44189.26 km/h, dir=360.00°
2026-02-07 14:11:35,226 - INFO - Vehicle B updated: 12.970794, 77.594597, speed=59741.64 km/h, dir=360.00°
2026-02-07 14:11:35,545 - INFO - Vehicle A updated: 12.974399, 77.594598, speed=47530.91 km/h, dir=180.00°
2026-02-07 14:11:35,794 - INFO - Vehicle B updated: 12.905821, 77.594605, speed=45744.97 km/h, dir=179.99°
2026-02-07 14:11:36,065 - INFO - Vehicle A updated: 13.031865, 77.594597, speed=44212.77 km/h, dir=360.00°
2026-02-07 14:11:36,228 - INFO - Vehicle B updated: 12.970682, 77.594597, speed=59875.46 km/h, dir=359.99°
2026-02-07 14:11:36,550 - INFO - Vehicle A updated: 12.974499, 77.594601, speed=47397.19 km/h, dir=180.00°
2026-02-07 14:11:36,795 - INFO - Vehicle B updated: 12.905706, 77.594596, speed=45790.76 km/h, dir=180.00°
2026-02-07 14:11:37,073 - INFO - Vehicle A updated: 13.031958, 77.594597, speed=43948.11 km/h, dir=360.00°
2026-02-07 14:11:37,230 - INFO - Vehicle B updated: 12.970571, 77.594601, speed=59681.59 km/h, dir=0.00°
2026-02-07 14:11:37,575 - INFO - Vehicle A updated: 12.974602, 77.594600, speed=45931.93 km/h, dir=180.00°
2026-02-07 14:11:37,804 - INFO - Vehicle B updated: 12.905597, 77.594596, speed=45345.88 km/h, dir=180.00°
2026-02-07 14:11:38,072 - INFO - Vehicle A updated: 13.032061, 77.594601, speed=46104.43 km/h, dir=0.00°
2026-02-07 14:11:38,234 - INFO - Vehicle B updated: 12.970465, 77.594602, speed=60367.63 km/h, dir=0.01°
2026-02-07 14:11:38,575 - INFO - Vehicle A updated: 12.974702, 77.594605, speed=45647.10 km/h, dir=180.00°
2026-02-07 14:11:38,801 - INFO - Vehicle B updated: 12.905486, 77.594605, speed=45902.86 km/h, dir=180.00°
2026-02-07 14:11:39,074 - INFO - Vehicle A updated: 13.032159, 77.594600, speed=46077.24 km/h, dir=360.00°
2026-02-07 14:11:39,242 - INFO - Vehicle B updated: 12.970344, 77.594601, speed=58777.65 km/h, dir=360.00°
2026-02-07 14:11:39,577 - INFO - Vehicle A updated: 12.974806, 77.594596, speed=45649.81 km/h, dir=180.00°
2026-02-07 14:11:39,910 - INFO - Vehicle B updated: 12.905373, 77.594601, speed=38978.17 km/h, dir=180.00°
2026-02-07 14:11:40,077 - INFO - Vehicle A updated: 13.032256, 77.594604, speed=46016.33 km/h, dir=0.01°
2026-02-07 14:11:40,241 - INFO - Vehicle B updated: 12.970234, 77.594605, speed=78363.89 km/h, dir=0.00°
2026-02-07 14:11:40,582 - INFO - Vehicle A updated: 12.974907, 77.594603, speed=45429.83 km/h, dir=180.00°
2026-02-07 14:11:40,901 - INFO - Vehicle B updated: 12.905258, 77.594597, speed=39424.54 km/h, dir=180.01°
2026-02-07 14:11:41,084 - INFO - Vehicle A updated: 13.032360, 77.594599, speed=45937.93 km/h, dir=360.00°
2026-02-07 14:11:41,244 - INFO - Vehicle B updated: 12.970120, 77.594599, speed=75665.50 km/h, dir=0.00°
2026-02-07 14:11:41,585 - INFO - Vehicle A updated: 12.975003, 77.594598, speed=45722.53 km/h, dir=180.00°
2026-02-07 14:11:41,904 - INFO - Vehicle B updated: 12.905148, 77.594598, speed=39425.48 km/h, dir=180.00°
2026-02-07 14:11:42,083 - INFO - Vehicle A updated: 13.032458, 77.594599, speed=46189.01 km/h, dir=0.00°
2026-02-07 14:11:42,247 - INFO - Vehicle B updated: 12.970010, 77.594597, speed=76064.97 km/h, dir=360.00°
2026-02-07 14:11:42,589 - INFO - Vehicle A updated: 12.975102, 77.594600, speed=45408.55 km/h, dir=180.00°
2026-02-07 14:11:43,010 - INFO - Vehicle B updated: 12.905033, 77.594598, speed=33990.35 km/h, dir=180.00°
2026-02-07 14:11:43,283 - INFO - Vehicle A updated: 13.032559, 77.594600, speed=33108.18 km/h, dir=0.00°
2026-02-07 14:11:43,306 - INFO - Vehicle B updated: 12.969895, 77.594597, speed=87673.74 km/h, dir=360.00°
2026-02-07 14:11:43,641 - INFO - Vehicle A updated: 12.975206, 77.594595, speed=64191.14 km/h, dir=180.00°
2026-02-07 14:11:44,014 - INFO - Vehicle B updated: 12.904923, 77.594596, speed=36772.87 km/h, dir=180.00°
2026-02-07 14:11:44,176 - INFO - Vehicle A updated: 13.032659, 77.594598, speed=43015.32 km/h, dir=0.00°
2026-02-07 14:11:44,297 - INFO - Vehicle B updated: 12.969785, 77.594600, speed=91650.83 km/h, dir=0.00°
2026-02-07 14:11:44,640 - INFO - Vehicle A updated: 12.975302, 77.594600, speed=49429.47 km/h, dir=180.00°
2026-02-07 14:11:45,014 - INFO - Vehicle B updated: 12.904805, 77.594603, speed=36252.72 km/h, dir=180.00°
2026-02-07 14:11:45,204 - INFO - Vehicle A updated: 13.032758, 77.594598, speed=40810.18 km/h, dir=360.00°
2026-02-07 14:11:45,314 - INFO - Vehicle B updated: 12.969677, 77.594602, speed=86547.09 km/h, dir=360.00°
2026-02-07 14:11:45,648 - INFO - Vehicle A updated: 12.975402, 77.594603, speed=51674.24 km/h, dir=179.99°
2026-02-07 14:11:46,075 - INFO - Vehicle B updated: 12.904698, 77.594602, speed=34181.64 km/h, dir=180.00°
2026-02-07 14:11:46,223 - INFO - Vehicle A updated: 13.032866, 77.594602, speed=40034.42 km/h, dir=360.00°
2026-02-07 14:11:46,423 - INFO - Vehicle B updated: 12.969557, 77.594602, speed=74662.53 km/h, dir=360.00°
2026-02-07 14:11:46,647 - INFO - Vehicle A updated: 12.975504, 77.594604, speed=54048.56 km/h, dir=180.00°
2026-02-07 14:11:47,159 - INFO - Vehicle B updated: 12.904586, 77.594603, speed=35360.35 km/h, dir=180.00°
2026-02-07 14:11:47,228 - INFO - Vehicle A updated: 13.032958, 77.594604, speed=39606.64 km/h, dir=0.00°
2026-02-07 14:11:47,421 - INFO - Vehicle B updated: 12.969447, 77.594603, speed=99091.47 km/h, dir=360.00°
2026-02-07 14:11:47,467 - INFO - 127.0.0.1 - - [07/Feb/2026 14:11:47] "GET /socket.io/?EIO=4&transport=polling&t=PmtGwcG HTTP/1.1" 200 -
2026-02-07 14:11:47,651 - INFO - Vehicle A updated: 12.975606, 77.594596, speed=54341.34 km/h, dir=180.01°
2026-02-07 14:11:47,799 - INFO - Client connected: <built-in function id>
2026-02-07 14:11:47,829 - INFO - 127.0.0.1 - - [07/Feb/2026 14:11:47] "POST /socket.io/?EIO=4&transport=polling&t=PmtGwhH&sid=LJlArgDOtTqnnFaJAAAK HTTP/1.1" 200 -
2026-02-07 14:11:47,833 - INFO - 127.0.0.1 - - [07/Feb/2026 14:11:47] "GET /socket.io/?EIO=4&transport=polling&t=PmtGwhI&sid=LJlArgDOtTqnnFaJAAAK HTTP/1.1" 200 -
2026-02-07 14:11:47,849 - INFO - 127.0.0.1 - - [07/Feb/2026 14:11:47] "GET /socket.io/?EIO=4&transport=polling&t=PmtGwm-&sid=LJlArgDOtTqnnFaJAAAK HTTP/1.1" 200 -
2026-02-07 14:11:48,152 - INFO - Vehicle B updated: 12.904473, 77.594599, speed=35558.73 km/h, dir=180.00°
2026-02-07 14:11:48,227 - INFO - Vehicle A updated: 13.033058, 77.594604, speed=39925.96 km/h, dir=0.01°
2026-02-07 14:11:48,421 - INFO - Vehicle B updated: 12.969332, 77.594602, speed=96632.12 km/h, dir=0.00°
2026-02-07 14:11:48,656 - INFO - Vehicle A updated: 12.975709, 77.594598, speed=53486.07 km/h, dir=180.01°
2026-02-07 14:11:49,153 - INFO - Vehicle B updated: 12.904355, 77.594604, speed=35535.49 km/h, dir=180.00°
2026-02-07 14:11:49,228 - INFO - Vehicle A updated: 13.033161, 77.594604, speed=40182.53 km/h, dir=0.01°
2026-02-07 14:11:49,422 - INFO - Vehicle B updated: 12.969226, 77.594605, speed=96356.74 km/h, dir=0.00°
2026-02-07 14:11:49,654 - INFO - Vehicle A updated: 12.975801, 77.594602, speed=53959.42 km/h, dir=180.00°
2026-02-07 14:11:50,162 - INFO - Vehicle B updated: 12.904244, 77.594604, speed=35242.10 km/h, dir=180.00°
2026-02-07 14:11:50,235 - INFO - Vehicle A updated: 13.033262, 77.594595, speed=39594.33 km/h, dir=359.99°
2026-02-07 14:11:50,433 - INFO - Vehicle B updated: 12.969111, 77.594599, speed=95197.04 km/h, dir=360.00°
2026-02-07 14:11:50,700 - INFO - Vehicle A updated: 12.975908, 77.594600, speed=49313.00 km/h, dir=180.00°
2026-02-07 14:11:51,166 - INFO - Vehicle B updated: 12.904132, 77.594599, speed=35505.21 km/h, dir=180.00°
2026-02-07 14:11:51,238 - INFO - Vehicle A updated: 13.033365, 77.594597, speed=42792.43 km/h, dir=360.00°
2026-02-07 14:11:51,438 - INFO - Vehicle B updated: 12.969000, 77.594598, speed=95241.80 km/h, dir=360.00°
2026-02-07 14:11:51,692 - INFO - Vehicle A updated: 12.976003, 77.594601, speed=50750.69 km/h, dir=180.00°
2026-02-07 14:11:52,168 - INFO - Vehicle B updated: 12.904016, 77.594602, speed=35636.61 km/h, dir=180.00°
2026-02-07 14:11:52,238 - INFO - Vehicle A updated: 13.033459, 77.594596, speed=41953.20 km/h, dir=360.00°
2026-02-07 14:11:52,439 - INFO - Vehicle B updated: 12.968884, 77.594599, speed=95823.30 km/h, dir=360.00°
2026-02-07 14:11:52,693 - INFO - Vehicle A updated: 12.976102, 77.594604, speed=50474.49 km/h, dir=179.99°
2026-02-07 14:11:53,178 - INFO - Vehicle B updated: 12.903905, 77.594598, speed=35228.75 km/h, dir=180.00°
2026-02-07 14:11:53,239 - INFO - Vehicle A updated: 13.033558, 77.594601, speed=42167.51 km/h, dir=360.00°
2026-02-07 14:11:53,440 - INFO - Vehicle B updated: 12.968772, 77.594599, speed=98926.40 km/h, dir=0.00°
2026-02-07 14:11:53,694 - INFO - Vehicle A updated: 12.976203, 77.594602, speed=50405.45 km/h, dir=180.00°
2026-02-07 14:11:54,173 - INFO - Vehicle B updated: 12.903795, 77.594603, speed=35476.32 km/h, dir=180.00°
2026-02-07 14:11:54,240 - INFO - Vehicle A updated: 13.033662, 77.594598, speed=42181.25 km/h, dir=360.00°
2026-02-07 14:11:54,443 - INFO - Vehicle B updated: 12.968663, 77.594597, speed=96265.48 km/h, dir=359.99°
2026-02-07 14:11:54,694 - INFO - Vehicle A updated: 12.976305, 77.594598, speed=50475.77 km/h, dir=180.00°
2026-02-07 14:11:55,176 - INFO - Vehicle B updated: 12.903680, 77.594603, speed=35471.54 km/h, dir=180.00°
2026-02-07 14:11:55,243 - INFO - Vehicle A updated: 13.033767, 77.594602, speed=41915.58 km/h, dir=0.00°
2026-02-07 14:11:55,444 - INFO - Vehicle B updated: 12.968549, 77.594600, speed=97007.17 km/h, dir=360.00°
2026-02-07 14:11:55,699 - INFO - Vehicle A updated: 12.976402, 77.594600, speed=50732.92 km/h, dir=180.00°
2026-02-07 14:11:56,177 - INFO - Vehicle B updated: 12.903568, 77.594601, speed=35507.40 km/h, dir=180.00°
2026-02-07 14:11:56,242 - INFO - Vehicle A updated: 13.033859, 77.594604, speed=42106.97 km/h, dir=0.00°
2026-02-07 14:11:56,450 - INFO - Vehicle B updated: 12.968435, 77.594600, speed=95002.57 km/h, dir=360.00°
2026-02-07 14:11:56,697 - INFO - Vehicle A updated: 12.976502, 77.594602, speed=50427.21 km/h, dir=180.00°
2026-02-07 14:11:57,180 - INFO - Vehicle B updated: 12.903456, 77.594597, speed=35637.90 km/h, dir=180.00°
2026-02-07 14:11:57,243 - INFO - Vehicle A updated: 13.033961, 77.594599, speed=42142.86 km/h, dir=360.00°
2026-02-07 14:11:57,454 - INFO - Vehicle B updated: 12.968326, 77.594597, speed=94861.56 km/h, dir=0.00°
2026-02-07 14:11:57,703 - INFO - Vehicle A updated: 12.976600, 77.594604, speed=49892.34 km/h, dir=179.99°
2026-02-07 14:11:58,182 - INFO - Vehicle B updated: 12.903344, 77.594601, speed=35783.58 km/h, dir=180.00°
2026-02-07 14:11:58,245 - INFO - Vehicle A updated: 13.034063, 77.594603, speed=42503.73 km/h, dir=360.00°
2026-02-07 14:11:58,455 - INFO - Vehicle B updated: 12.968210, 77.594602, speed=94508.69 km/h, dir=0.00°
2026-02-07 14:11:58,703 - INFO - Vehicle A updated: 12.976703, 77.594600, speed=50049.38 km/h, dir=180.00°
2026-02-07 14:11:59,181 - INFO - Vehicle B updated: 12.903227, 77.594598, speed=35860.27 km/h, dir=180.00°
2026-02-07 14:11:59,246 - INFO - Vehicle A updated: 13.034161, 77.594595, speed=42409.40 km/h, dir=360.00°
2026-02-07 14:11:59,455 - INFO - Vehicle B updated: 12.968100, 77.594603, speed=94580.61 km/h, dir=0.00°
2026-02-07 14:11:59,705 - INFO - Vehicle A updated: 12.976802, 77.594604, speed=50028.17 km/h, dir=179.99°
2026-02-07 14:12:00,187 - INFO - Vehicle B updated: 12.903120, 77.594601, speed=35557.03 km/h, dir=180.00°
2026-02-07 14:12:00,251 - INFO - Vehicle A updated: 13.034259, 77.594598, speed=42295.43 km/h, dir=359.99°
2026-02-07 14:12:00,456 - INFO - Vehicle B updated: 12.967980, 77.594602, speed=96317.28 km/h, dir=0.00°
2026-02-07 14:12:00,706 - INFO - Vehicle A updated: 12.976908, 77.594601, speed=50199.16 km/h, dir=180.00°
2026-02-07 14:12:01,188 - INFO - Vehicle B updated: 12.903007, 77.594603, speed=35543.73 km/h, dir=180.00°
2026-02-07 14:12:01,251 - INFO - Vehicle A updated: 13.034360, 77.594603, speed=42166.61 km/h, dir=0.00°
2026-02-07 14:12:01,458 - INFO - Vehicle B updated: 12.967867, 77.594604, speed=96172.93 km/h, dir=0.00°
2026-02-07 14:12:01,707 - INFO - Vehicle A updated: 12.977008, 77.594605, speed=50404.41 km/h, dir=180.00°
2026-02-07 14:12:02,190 - INFO - Vehicle B updated: 12.902896, 77.594605, speed=35534.13 km/h, dir=180.00°
2026-02-07 14:12:02,255 - INFO - Vehicle A updated: 13.034460, 77.594596, speed=41941.79 km/h, dir=359.99°
2026-02-07 14:12:02,459 - INFO - Vehicle B updated: 12.967754, 77.594602, speed=96503.19 km/h, dir=360.00°
2026-02-07 14:12:02,709 - INFO - Vehicle A updated: 12.977101, 77.594597, speed=50565.10 km/h, dir=180.00°
2026-02-07 14:12:03,194 - INFO - Vehicle B updated: 12.902785, 77.594605, speed=35448.75 km/h, dir=180.00°
2026-02-07 14:12:03,258 - INFO - Vehicle A updated: 13.034563, 77.594596, speed=41873.86 km/h, dir=360.00°
2026-02-07 14:12:03,462 - INFO - Vehicle B updated: 12.967645, 77.594598, speed=96469.64 km/h, dir=359.99°
2026-02-07 14:12:03,710 - INFO - Vehicle A updated: 12.977201, 77.594601, speed=50870.62 km/h, dir=180.00°
2026-02-07 14:12:04,195 - INFO - Vehicle B updated: 12.902668, 77.594605, speed=35455.87 km/h, dir=179.99°
2026-02-07 14:12:04,260 - INFO - Vehicle A updated: 13.034660, 77.594595, speed=41776.10 km/h, dir=359.99°
2026-02-07 14:12:04,463 - INFO - Vehicle B updated: 12.967537, 77.594597, speed=97150.49 km/h, dir=359.99°
2026-02-07 14:12:04,710 - INFO - Vehicle A updated: 12.977303, 77.594600, speed=51024.69 km/h, dir=179.99°
2026-02-07 14:12:05,201 - INFO - Vehicle B updated: 12.902552, 77.594599, speed=35226.20 km/h, dir=180.00°
2026-02-07 14:12:05,260 - INFO - Vehicle A updated: 13.034759, 77.594596, speed=41874.21 km/h, dir=360.00°
2026-02-07 14:12:05,467 - INFO - Vehicle B updated: 12.967423, 77.594605, speed=97684.30 km/h, dir=0.00°
2026-02-07 14:12:05,720 - INFO - Vehicle A updated: 12.977408, 77.594602, speed=50307.24 km/h, dir=179.99°
2026-02-07 14:12:06,202 - INFO - Vehicle B updated: 12.902442, 77.594596, speed=35370.35 km/h, dir=180.01°
2026-02-07 14:12:06,263 - INFO - Vehicle A updated: 13.034863, 77.594599, speed=42043.45 km/h, dir=360.00°
2026-02-07 14:12:06,468 - INFO - Vehicle B updated: 12.967308, 77.594596, speed=97640.66 km/h, dir=0.00°
2026-02-07 14:12:06,716 - INFO - Vehicle A updated: 12.977502, 77.594599, speed=50628.74 km/h, dir=180.00°
2026-02-07 14:12:07,206 - INFO - Vehicle B updated: 12.902332, 77.594602, speed=35278.32 km/h, dir=180.00°
2026-02-07 14:12:07,262 - INFO - Vehicle A updated: 13.034963, 77.594599, speed=42139.76 km/h, dir=360.00°
2026-02-07 14:12:07,471 - INFO - Vehicle B updated: 12.967193, 77.594601, speed=98823.10 km/h, dir=360.00°
2026-02-07 14:12:07,722 - INFO - Vehicle A updated: 12.977609, 77.594597, speed=49988.98 km/h, dir=180.00°
2026-02-07 14:12:08,236 - INFO - Vehicle B updated: 12.902214, 77.594597, speed=33885.85 km/h, dir=180.00°
2026-02-07 14:12:08,269 - INFO - Vehicle A updated: 13.035060, 77.594599, speed=42000.75 km/h, dir=0.00°
2026-02-07 14:12:08,470 - INFO - Vehicle B updated: 12.967078, 77.594595, speed=111017.46 km/h, dir=360.00°
2026-02-07 14:12:08,723 - INFO - Vehicle A updated: 12.977703, 77.594600, speed=50849.86 km/h, dir=180.00°
2026-02-07 14:12:09,226 - INFO - Vehicle B updated: 12.902109, 77.594601, speed=34396.12 km/h, dir=180.00°
2026-02-07 14:12:09,271 - INFO - Vehicle A updated: 13.035159, 77.594595, speed=41796.78 km/h, dir=359.99°
2026-02-07 14:12:09,473 - INFO - Vehicle B updated: 12.966968, 77.594603, speed=105039.93 km/h, dir=0.00°
2026-02-07 14:12:09,735 - INFO - Vehicle A updated: 12.977806, 77.594602, speed=49492.09 km/h, dir=179.99°
2026-02-07 14:12:10,227 - INFO - Vehicle B updated: 12.901997, 77.594603, speed=34481.75 km/h, dir=180.00°
2026-02-07 14:12:10,274 - INFO - Vehicle A updated: 13.035259, 77.594597, speed=42682.68 km/h, dir=360.00°
2026-02-07 14:12:10,480 - INFO - Vehicle B updated: 12.966852, 77.594598, speed=102693.63 km/h, dir=360.00°
2026-02-07 14:12:10,744 - INFO - Vehicle A updated: 12.977902, 77.594603, speed=49009.36 km/h, dir=179.99°
2026-02-07 14:12:11,236 - INFO - Vehicle B updated: 12.901881, 77.594600, speed=34419.19 km/h, dir=180.00°
2026-02-07 14:12:11,277 - INFO - Vehicle A updated: 13.035366, 77.594600, speed=43032.94 km/h, dir=360.00°
2026-02-07 14:12:11,479 - INFO - Vehicle B updated: 12.966741, 77.594599, speed=106936.41 km/h, dir=360.00°
2026-02-07 14:12:11,747 - INFO - Vehicle A updated: 12.978010, 77.594600, speed=48802.11 km/h, dir=180.00°
2026-02-07 14:12:12,243 - INFO - Vehicle B updated: 12.901767, 77.594601, speed=34028.02 km/h, dir=180.00°
2026-02-07 14:12:12,278 - INFO - Vehicle A updated: 13.035465, 77.594601, speed=43342.13 km/h, dir=0.00°
2026-02-07 14:12:12,483 - INFO - Vehicle B updated: 12.966635, 77.594595, speed=108383.70 km/h, dir=360.00°
2026-02-07 14:12:12,750 - INFO - Vehicle A updated: 12.978105, 77.594598, speed=48622.92 km/h, dir=180.00°
2026-02-07 14:12:13,241 - INFO - Vehicle B updated: 12.901653, 77.594601, speed=34299.14 km/h, dir=179.99°
2026-02-07 14:12:13,280 - INFO - Vehicle A updated: 13.035566, 77.594601, speed=43421.97 km/h, dir=0.00°
2026-02-07 14:12:13,484 - INFO - Vehicle B updated: 12.966519, 77.594605, speed=106952.12 km/h, dir=0.00°
2026-02-07 14:12:13,753 - INFO - Vehicle A updated: 12.978209, 77.594599, speed=48546.05 km/h, dir=180.00°
2026-02-07 14:12:14,248 - INFO - Vehicle B updated: 12.901544, 77.594602, speed=34073.56 km/h, dir=180.00°
2026-02-07 14:12:14,308 - INFO - Vehicle A updated: 13.035664, 77.594598, speed=41383.79 km/h, dir=360.00°
2026-02-07 14:12:14,487 - INFO - Vehicle B updated: 12.966402, 77.594602, speed=108201.88 km/h, dir=0.00°
2026-02-07 14:12:14,752 - INFO - Vehicle A updated: 12.978303, 77.594595, speed=51722.15 km/h, dir=180.00°
2026-02-07 14:12:15,254 - INFO - Vehicle B updated: 12.901424, 77.594602, speed=33948.00 km/h, dir=180.00°
2026-02-07 14:12:15,309 - INFO - Vehicle A updated: 13.035768, 77.594601, speed=41314.63 km/h, dir=0.01°
2026-02-07 14:12:15,489 - INFO - Vehicle B updated: 12.966289, 77.594602, speed=109975.70 km/h, dir=360.00°
2026-02-07 14:12:15,756 - INFO - Vehicle A updated: 12.978410, 77.594600, speed=51429.37 km/h, dir=180.00°
2026-02-07 14:12:16,254 - INFO - Vehicle B updated: 12.901320, 77.594597, speed=34004.08 km/h, dir=180.00°
2026-02-07 14:12:16,310 - INFO - Vehicle A updated: 13.035866, 77.594604, speed=41503.78 km/h, dir=0.00°
2026-02-07 14:12:16,493 - INFO - Vehicle B updated: 12.966185, 77.594595, speed=108530.25 km/h, dir=360.00°
2026-02-07 14:12:16,757 - INFO - Vehicle A updated: 12.978507, 77.594595, speed=51373.67 km/h, dir=180.01°
2026-02-07 14:12:17,257 - INFO - Vehicle B updated: 12.901205, 77.594603, speed=34081.32 km/h, dir=179.99°
2026-02-07 14:12:17,311 - INFO - Vehicle A updated: 13.035963, 77.594602, speed=41500.35 km/h, dir=0.01°
2026-02-07 14:12:17,496 - INFO - Vehicle B updated: 12.966071, 77.594605, speed=108513.13 km/h, dir=0.00°
2026-02-07 14:12:17,762 - INFO - Vehicle A updated: 12.978605, 77.594601, speed=50849.07 km/h, dir=180.00°
2026-02-07 14:12:18,256 - INFO - Vehicle B updated: 12.901091, 77.594595, speed=34217.98 km/h, dir=180.01°
2026-02-07 14:12:18,314 - INFO - Vehicle A updated: 13.036068, 77.594598, speed=41672.34 km/h, dir=360.00°
2026-02-07 14:12:18,503 - INFO - Vehicle B updated: 12.965954, 77.594602, speed=105200.91 km/h, dir=0.01°
2026-02-07 14:12:18,767 - INFO - Vehicle A updated: 12.978703, 77.594597, speed=50795.26 km/h, dir=180.00°
2026-02-07 14:12:19,271 - INFO - Vehicle B updated: 12.900976, 77.594601, speed=33878.05 km/h, dir=180.00°
2026-02-07 14:12:19,316 - INFO - Vehicle A updated: 13.036161, 77.594601, speed=41887.71 km/h, dir=0.00°
2026-02-07 14:12:19,505 - INFO - Vehicle B updated: 12.965844, 77.594601, speed=110731.20 km/h, dir=0.00°
2026-02-07 14:12:19,767 - INFO - Vehicle A updated: 12.978806, 77.594600, speed=50860.88 km/h, dir=180.00°
2026-02-07 14:12:20,273 - INFO - Vehicle B updated: 12.900864, 77.594595, speed=33907.21 km/h, dir=180.01°
2026-02-07 14:12:20,333 - INFO - Vehicle A updated: 13.036263, 77.594597, speed=40614.85 km/h, dir=360.00°
2026-02-07 14:12:20,507 - INFO - Vehicle B updated: 12.965734, 77.594596, speed=110470.61 km/h, dir=0.00°
2026-02-07 14:12:20,769 - INFO - Vehicle A updated: 12.978912, 77.594603, speed=52699.87 km/h, dir=179.99°
2026-02-07 14:12:21,276 - INFO - Vehicle B updated: 12.900753, 77.594598, speed=33826.37 km/h, dir=180.00°
2026-02-07 14:12:21,351 - INFO - Vehicle A updated: 13.036364, 77.594603, speed=39545.09 km/h, dir=0.00°
2026-02-07 14:12:21,510 - INFO - Vehicle B updated: 12.965615, 77.594602, speed=111161.02 km/h, dir=0.00°
2026-02-07 14:12:21,772 - INFO - Vehicle A updated: 12.979009, 77.594596, speed=54506.93 km/h, dir=180.01°
2026-02-07 14:12:22,280 - INFO - Vehicle B updated: 12.900639, 77.594601, speed=33792.69 km/h, dir=180.00°
2026-02-07 14:12:22,355 - INFO - Vehicle A updated: 13.036468, 77.594600, speed=39560.67 km/h, dir=0.00°
2026-02-07 14:12:22,513 - INFO - Vehicle B updated: 12.965510, 77.594596, speed=111499.69 km/h, dir=360.00°
2026-02-07 14:12:22,775 - INFO - Vehicle A updated: 12.979112, 77.594605, speed=54457.72 km/h, dir=179.99°
2026-02-07 14:12:23,280 - INFO - Vehicle B updated: 12.900527, 77.594604, speed=33917.14 km/h, dir=179.99°
2026-02-07 14:12:23,353 - INFO - Vehicle A updated: 13.036563, 77.594595, speed=39744.11 km/h, dir=359.99°
2026-02-07 14:12:23,517 - INFO - Vehicle B updated: 12.965396, 77.594604, speed=109291.94 km/h, dir=0.00°
2026-02-07 14:12:23,775 - INFO - Vehicle A updated: 12.979205, 77.594600, speed=54425.82 km/h, dir=180.00°
2026-02-07 14:12:24,285 - INFO - Vehicle B updated: 12.900419, 77.594604, speed=33942.84 km/h, dir=180.00°
2026-02-07 14:12:24,357 - INFO - Vehicle A updated: 13.036661, 77.594596, speed=39509.91 km/h, dir=360.00°
2026-02-07 14:12:24,516 - INFO - Vehicle B updated: 12.965280, 77.594603, speed=111582.00 km/h, dir=360.00°
2026-02-07 14:12:24,777 - INFO - Vehicle A updated: 12.979304, 77.594596, speed=54662.93 km/h, dir=180.00°
2026-02-07 14:12:25,288 - INFO - Vehicle B updated: 12.900306, 77.594601, speed=33707.04 km/h, dir=180.00°
2026-02-07 14:12:25,364 - INFO - Vehicle A updated: 13.036762, 77.594598, speed=39269.31 km/h, dir=0.00°
2026-02-07 14:12:25,519 - INFO - Vehicle B updated: 12.965165, 77.594599, speed=112294.60 km/h, dir=360.00°
2026-02-07 14:12:25,784 - INFO - Vehicle A updated: 12.979409, 77.594605, speed=54564.86 km/h, dir=179.99°
2026-02-07 14:12:26,291 - INFO - Vehicle B updated: 12.900188, 77.594596, speed=33710.87 km/h, dir=180.00°
2026-02-07 14:12:26,364 - INFO - Vehicle A updated: 13.036864, 77.594596, speed=39668.75 km/h, dir=359.99°
2026-02-07 14:12:26,525 - INFO - Vehicle B updated: 12.965056, 77.594600, speed=110919.75 km/h, dir=0.00°
2026-02-07 14:12:26,786 - INFO - Vehicle A updated: 12.979508, 77.594599, speed=54663.37 km/h, dir=180.00°
2026-02-07 14:12:27,302 - INFO - Vehicle B updated: 12.900081, 77.594595, speed=33507.89 km/h, dir=180.00°
2026-02-07 14:12:27,368 - INFO - Vehicle A updated: 13.036968, 77.594600, speed=39359.62 km/h, dir=0.00°
2026-02-07 14:12:27,527 - INFO - Vehicle B updated: 12.964946, 77.594600, speed=114579.63 km/h, dir=0.00°
2026-02-07 14:12:27,791 - INFO - Vehicle A updated: 12.979609, 77.594603, speed=54285.79 km/h, dir=180.00°
2026-02-07 14:12:28,306 - INFO - Vehicle B updated: 12.899966, 77.594596, speed=33424.04 km/h, dir=180.00°
2026-02-07 14:12:28,371 - INFO - Vehicle A updated: 13.037066, 77.594599, speed=39680.74 km/h, dir=360.00°
2026-02-07 14:12:28,529 - INFO - Vehicle B updated: 12.964826, 77.594603, speed=116458.47 km/h, dir=0.01°
2026-02-07 14:12:28,793 - INFO - Vehicle A updated: 12.979709, 77.594598, speed=54619.23 km/h, dir=180.00°
2026-02-07 14:12:29,309 - INFO - Vehicle B updated: 12.899851, 77.594605, speed=33344.66 km/h, dir=180.00°
2026-02-07 14:12:29,392 - INFO - Vehicle A updated: 13.037161, 77.594596, speed=38283.19 km/h, dir=360.00°
2026-02-07 14:12:29,533 - INFO - Vehicle B updated: 12.964718, 77.594600, speed=115636.05 km/h, dir=360.00°
2026-02-07 14:12:29,812 - INFO - Vehicle A updated: 12.979805, 77.594596, speed=54656.81 km/h, dir=180.00°
2026-02-07 14:12:30,312 - INFO - Vehicle B updated: 12.899740, 77.594603, speed=33419.69 km/h, dir=180.00°
2026-02-07 14:12:30,391 - INFO - Vehicle A updated: 13.037268, 77.594603, speed=39711.97 km/h, dir=0.01°
2026-02-07 14:12:30,536 - INFO - Vehicle B updated: 12.964600, 77.594601, speed=116826.52 km/h, dir=360.00°
2026-02-07 14:12:30,818 - INFO - Vehicle A updated: 12.979911, 77.594605, speed=53872.12 km/h, dir=180.00°
2026-02-07 14:12:31,315 - INFO - Vehicle B updated: 12.899623, 77.594604, speed=33334.64 km/h, dir=180.00°
2026-02-07 14:12:31,396 - INFO - Vehicle A updated: 13.037361, 77.594598, speed=39765.29 km/h, dir=359.99°
2026-02-07 14:12:31,542 - INFO - Vehicle B updated: 12.964495, 77.594602, speed=113804.12 km/h, dir=360.00°
2026-02-07 14:12:31,821 - INFO - Vehicle A updated: 12.980005, 77.594598, speed=53999.43 km/h, dir=180.00°
2026-02-07 14:12:32,318 - INFO - Vehicle B updated: 12.899518, 77.594596, speed=33544.21 km/h, dir=180.00°
2026-02-07 14:12:32,402 - INFO - Vehicle A updated: 13.037466, 77.594602, speed=39600.57 km/h, dir=0.00°
2026-02-07 14:12:32,546 - INFO - Vehicle B updated: 12.964383, 77.594597, speed=113838.16 km/h, dir=0.00°
2026-02-07 14:12:32,823 - INFO - Vehicle A updated: 12.980108, 77.594598, speed=54473.40 km/h, dir=180.00°
2026-02-07 14:12:33,321 - INFO - Vehicle B updated: 12.899400, 77.594597, speed=33571.27 km/h, dir=180.00°
2026-02-07 14:12:33,401 - INFO - Vehicle A updated: 13.037561, 77.594595, speed=39807.18 km/h, dir=360.00°
2026-02-07 14:12:33,550 - INFO - Vehicle B updated: 12.964263, 77.594595, speed=113238.99 km/h, dir=360.00°
2026-02-07 14:12:33,826 - INFO - Vehicle A updated: 12.980214, 77.594604, speed=53971.99 km/h, dir=179.99°
2026-02-07 14:12:34,323 - INFO - Vehicle B updated: 12.899285, 77.594605, speed=33624.48 km/h, dir=179.99°
2026-02-07 14:12:34,403 - INFO - Vehicle A updated: 13.037671, 77.594604, speed=39863.25 km/h, dir=0.00°
2026-02-07 14:12:34,550 - INFO - Vehicle B updated: 12.964159, 77.594597, speed=114508.71 km/h, dir=359.99°
2026-02-07 14:12:34,829 - INFO - Vehicle A updated: 12.980304, 77.594602, speed=53901.67 km/h, dir=180.00°
2026-02-07 14:12:35,326 - INFO - Vehicle B updated: 12.899176, 77.594599, speed=33522.61 km/h, dir=180.00°
2026-02-07 14:12:35,405 - INFO - Vehicle A updated: 13.037769, 77.594599, speed=39925.51 km/h, dir=360.00°
2026-02-07 14:12:35,552 - INFO - Vehicle B updated: 12.964037, 77.594602, speed=114994.30 km/h, dir=0.00°
2026-02-07 14:12:35,833 - INFO - Vehicle A updated: 12.980411, 77.594600, speed=53748.64 km/h, dir=180.00°
2026-02-07 14:12:36,331 - INFO - Vehicle B updated: 12.899064, 77.594601, speed=33394.76 km/h, dir=180.00°
2026-02-07 14:12:36,412 - INFO - Vehicle A updated: 13.037871, 77.594598, speed=39819.33 km/h, dir=360.00°
2026-02-07 14:12:36,555 - INFO - Vehicle B updated: 12.963933, 77.594595, speed=116087.46 km/h, dir=359.99°
2026-02-07 14:12:36,839 - INFO - Vehicle A updated: 12.980507, 77.594601, speed=53555.86 km/h, dir=180.00°
2026-02-07 14:12:37,334 - INFO - Vehicle B updated: 12.898947, 77.594599, speed=33357.34 km/h, dir=180.00°
2026-02-07 14:12:37,414 - INFO - Vehicle A updated: 13.037970, 77.594603, speed=39984.14 km/h, dir=0.00°
2026-02-07 14:12:37,559 - INFO - Vehicle B updated: 12.963815, 77.594597, speed=115617.92 km/h, dir=360.00°
2026-02-07 14:12:37,843 - INFO - Vehicle A updated: 12.980611, 77.594603, speed=53573.78 km/h, dir=180.00°
2026-02-07 14:12:38,338 - INFO - Vehicle B updated: 12.898842, 77.594603, speed=33400.67 km/h, dir=179.99°
2026-02-07 14:12:38,415 - INFO - Vehicle A updated: 13.038063, 77.594603, speed=40212.00 km/h, dir=0.00°
2026-02-07 14:12:38,559 - INFO - Vehicle B updated: 12.963703, 77.594601, speed=117300.15 km/h, dir=360.00°
2026-02-07 14:12:38,846 - INFO - Vehicle A updated: 12.980705, 77.594601, speed=53237.37 km/h, dir=180.00°
2026-02-07 14:12:39,348 - INFO - Vehicle B updated: 12.898727, 77.594597, speed=32958.45 km/h, dir=180.00°
2026-02-07 14:12:39,420 - INFO - Vehicle A updated: 13.038167, 77.594600, speed=40080.43 km/h, dir=360.00°
2026-02-07 14:12:39,564 - INFO - Vehicle B updated: 12.963586, 77.594599, speed=120557.68 km/h, dir=0.00°
2026-02-07 14:12:39,850 - INFO - Vehicle A updated: 12.980812, 77.594600, speed=53411.85 km/h, dir=180.00°
2026-02-07 14:12:40,352 - INFO - Vehicle B updated: 12.898609, 77.594602, speed=33002.87 km/h, dir=180.00°
2026-02-07 14:12:40,421 - INFO - Vehicle A updated: 13.038263, 77.594599, speed=40282.71 km/h, dir=360.00°
2026-02-07 14:12:40,566 - INFO - Vehicle B updated: 12.963481, 77.594601, speed=121348.59 km/h, dir=360.00°
2026-02-07 14:12:40,848 - INFO - Vehicle A updated: 12.980907, 77.594602, speed=53745.06 km/h, dir=180.00°
2026-02-07 14:12:41,352 - INFO - Vehicle B updated: 12.898504, 77.594599, speed=33080.41 km/h, dir=180.00°
2026-02-07 14:12:41,424 - INFO - Vehicle A updated: 13.038365, 77.594598, speed=39953.02 km/h, dir=360.00°
2026-02-07 14:12:41,572 - INFO - Vehicle B updated: 12.963364, 77.594603, speed=117999.46 km/h, dir=0.00°
2026-02-07 14:12:41,853 - INFO - Vehicle A updated: 12.981012, 77.594596, speed=53468.04 km/h, dir=180.00°
2026-02-07 14:12:42,356 - INFO - Vehicle B updated: 12.898392, 77.594604, speed=33174.17 km/h, dir=180.00°
2026-02-07 14:12:42,426 - INFO - Vehicle A updated: 13.038463, 77.594600, speed=40132.26 km/h, dir=0.00°
2026-02-07 14:12:42,571 - INFO - Vehicle B updated: 12.963249, 77.594597, speed=120837.97 km/h, dir=359.99°
2026-02-07 14:12:42,854 - INFO - Vehicle A updated: 12.981110, 77.594598, speed=53623.03 km/h, dir=180.00°
2026-02-07 14:12:43,358 - INFO - Vehicle B updated: 12.898273, 77.594602, speed=33021.42 km/h, dir=180.00°
2026-02-07 14:12:43,430 - INFO - Vehicle A updated: 13.038564, 77.594595, speed=39918.11 km/h, dir=360.00°
2026-02-07 14:12:43,573 - INFO - Vehicle B updated: 12.963137, 77.594595, speed=121001.68 km/h, dir=359.99°
2026-02-07 14:12:43,855 - INFO - Vehicle A updated: 12.981212, 77.594604, speed=54078.01 km/h, dir=179.99°
2026-02-07 14:12:44,362 - INFO - Vehicle B updated: 12.898165, 77.594596, speed=32996.67 km/h, dir=180.00°
2026-02-07 14:12:44,433 - INFO - Vehicle A updated: 13.038665, 77.594595, speed=39756.88 km/h, dir=359.99°
2026-02-07 14:12:44,584 - INFO - Vehicle B updated: 12.963031, 77.594599, speed=116442.28 km/h, dir=0.00°
2026-02-07 14:12:44,856 - INFO - Vehicle A updated: 12.981312, 77.594596, speed=54294.53 km/h, dir=180.00°
2026-02-07 14:12:45,362 - INFO - Vehicle B updated: 12.898046, 77.594596, speed=33520.88 km/h, dir=180.00°
2026-02-07 14:12:45,433 - INFO - Vehicle A updated: 13.038764, 77.594596, speed=39849.70 km/h, dir=0.00°
2026-02-07 14:12:45,591 - INFO - Vehicle B updated: 12.962919, 77.594598, speed=112419.01 km/h, dir=0.00°
2026-02-07 14:12:45,865 - INFO - Vehicle A updated: 12.981409, 77.594600, speed=53214.31 km/h, dir=180.00°
2026-02-07 14:12:46,374 - INFO - Vehicle B updated: 12.897939, 77.594597, speed=33359.65 km/h, dir=180.00°
2026-02-07 14:12:46,433 - INFO - Vehicle A updated: 13.038868, 77.594595, speed=40454.41 km/h, dir=359.99°
2026-02-07 14:12:46,591 - INFO - Vehicle B updated: 12.962798, 77.594599, speed=118037.00 km/h, dir=0.00°
2026-02-07 14:12:46,864 - INFO - Vehicle A updated: 12.981509, 77.594605, speed=53319.84 km/h, dir=179.99°
2026-02-07 14:12:47,373 - INFO - Vehicle B updated: 12.897830, 77.594603, speed=33257.73 km/h, dir=180.00°
2026-02-07 14:12:47,437 - INFO - Vehicle A updated: 13.038971, 77.594596, speed=40118.85 km/h, dir=359.99°
2026-02-07 14:12:47,598 - INFO - Vehicle B updated: 12.962687, 77.594596, speed=115291.54 km/h, dir=359.99°
2026-02-07 14:12:47,868 - INFO - Vehicle A updated: 12.981613, 77.594603, speed=53374.77 km/h, dir=179.99°
2026-02-07 14:12:48,373 - INFO - Vehicle B updated: 12.897710, 77.594600, speed=33564.16 km/h, dir=180.00°
2026-02-07 14:12:48,439 - INFO - Vehicle A updated: 13.039064, 77.594604, speed=40224.60 km/h, dir=0.00°
2026-02-07 14:12:48,596 - INFO - Vehicle B updated: 12.962575, 77.594601, speed=116397.76 km/h, dir=0.00°
2026-02-07 14:12:48,874 - INFO - Vehicle A updated: 12.981711, 77.594601, speed=53317.17 km/h, dir=180.00°
2026-02-07 14:12:49,375 - INFO - Vehicle B updated: 12.897602, 77.594602, speed=33414.06 km/h, dir=180.00°
2026-02-07 14:12:49,440 - INFO - Vehicle A updated: 13.039167, 77.594595, speed=40329.33 km/h, dir=359.99°
2026-02-07 14:12:49,604 - INFO - Vehicle B updated: 12.962465, 77.594604, speed=114181.94 km/h, dir=0.00°
2026-02-07 14:12:49,896 - INFO - Vehicle A updated: 12.981813, 77.594598, speed=50333.04 km/h, dir=180.00°
2026-02-07 14:12:50,378 - INFO - Vehicle B updated: 12.897483, 77.594605, speed=33508.66 km/h, dir=180.00°
2026-02-07 14:12:50,442 - INFO - Vehicle A updated: 13.039268, 77.594595, speed=42154.89 km/h, dir=360.00°
2026-02-07 14:12:50,603 - INFO - Vehicle B updated: 12.962353, 77.594597, speed=115770.93 km/h, dir=359.99°
2026-02-07 14:12:50,896 - INFO - Vehicle A updated: 12.981915, 77.594596, speed=50506.66 km/h, dir=180.00°
2026-02-07 14:12:51,392 - INFO - Vehicle B updated: 12.897377, 77.594605, speed=32959.33 km/h, dir=179.99°
2026-02-07 14:12:51,444 - INFO - Vehicle A updated: 13.039371, 77.594598, speed=42004.82 km/h, dir=0.00°
2026-02-07 14:12:51,608 - INFO - Vehicle B updated: 12.962242, 77.594605, speed=120064.46 km/h, dir=0.00°
2026-02-07 14:12:51,901 - INFO - Vehicle A updated: 12.982008, 77.594604, speed=50289.45 km/h, dir=179.99°
2026-02-07 14:12:52,393 - INFO - Vehicle B updated: 12.897262, 77.594597, speed=33116.27 km/h, dir=180.01°
2026-02-07 14:12:52,448 - INFO - Vehicle A updated: 13.039463, 77.594597, speed=42052.01 km/h, dir=359.99°
2026-02-07 14:12:52,613 - INFO - Vehicle B updated: 12.962131, 77.594601, speed=118174.92 km/h, dir=0.00°
2026-02-07 14:12:52,902 - INFO - Vehicle A updated: 12.982106, 77.594598, speed=50514.73 km/h, dir=180.00°
2026-02-07 14:12:53,395 - INFO - Vehicle B updated: 12.897151, 77.594601, speed=33257.31 km/h, dir=180.00°
2026-02-07 14:12:53,451 - INFO - Vehicle A updated: 13.039570, 77.594602, speed=41957.85 km/h, dir=0.00°
2026-02-07 14:12:53,616 - INFO - Vehicle B updated: 12.962010, 77.594600, speed=117728.16 km/h, dir=360.00°
2026-02-07 14:12:53,905 - INFO - Vehicle A updated: 12.982209, 77.594602, speed=50526.79 km/h, dir=180.00°
2026-02-07 14:12:54,396 - INFO - Vehicle B updated: 12.897039, 77.594596, speed=33352.90 km/h, dir=180.00°
2026-02-07 14:12:54,455 - INFO - Vehicle A updated: 13.039666, 77.594597, speed=41792.75 km/h, dir=359.99°
2026-02-07 14:12:54,618 - INFO - Vehicle B updated: 12.961903, 77.594602, speed=116590.62 km/h, dir=0.01°
2026-02-07 14:12:54,908 - INFO - Vehicle A updated: 12.982312, 77.594603, speed=50634.15 km/h, dir=179.99°
2026-02-07 14:12:55,404 - INFO - Vehicle B updated: 12.896922, 77.594604, speed=33099.58 km/h, dir=180.00°
2026-02-07 14:12:55,459 - INFO - Vehicle A updated: 13.039766, 77.594603, speed=41841.61 km/h, dir=0.00°
2026-02-07 14:12:55,634 - INFO - Vehicle B updated: 12.961790, 77.594598, speed=113075.05 km/h, dir=359.99°
2026-02-07 14:12:55,909 - INFO - Vehicle A updated: 12.982415, 77.594603, speed=50878.71 km/h, dir=180.00°
2026-02-07 14:12:56,406 - INFO - Vehicle B updated: 12.896809, 77.594605, speed=33676.05 km/h, dir=179.99°
2026-02-07 14:12:56,462 - INFO - Vehicle A updated: 13.039872, 77.594602, speed=41627.56 km/h, dir=360.00°
2026-02-07 14:12:56,637 - INFO - Vehicle B updated: 12.961673, 77.594601, speed=112436.19 km/h, dir=360.00°
2026-02-07 14:12:56,914 - INFO - Vehicle A updated: 12.982510, 77.594596, speed=50754.36 km/h, dir=180.01°
2026-02-07 14:12:57,411 - INFO - Vehicle B updated: 12.896697, 77.594601, speed=33661.80 km/h, dir=180.00°
2026-02-07 14:12:57,462 - INFO - Vehicle A updated: 13.039966, 77.594597, speed=42017.06 km/h, dir=0.00°
2026-02-07 14:12:57,640 - INFO - Vehicle B updated: 12.961568, 77.594596, speed=112918.87 km/h, dir=360.00°
2026-02-07 14:12:57,920 - INFO - Vehicle A updated: 12.982613, 77.594600, speed=50140.88 km/h, dir=180.00°
2026-02-07 14:12:58,414 - INFO - Vehicle B updated: 12.896586, 77.594596, speed=33652.17 km/h, dir=180.00°
2026-02-07 14:12:58,466 - INFO - Vehicle A updated: 13.040066, 77.594595, speed=42123.70 km/h, dir=360.00°
2026-02-07 14:12:58,643 - INFO - Vehicle B updated: 12.961454, 77.594600, speed=112970.51 km/h, dir=0.00°
2026-02-07 14:12:58,920 - INFO - Vehicle A updated: 12.982713, 77.594597, speed=50493.66 km/h, dir=180.00°
2026-02-07 14:12:59,420 - INFO - Vehicle B updated: 12.896472, 77.594598, speed=33485.19 km/h, dir=180.00°
2026-02-07 14:12:59,467 - INFO - Vehicle A updated: 13.040165, 77.594595, speed=42072.34 km/h, dir=360.00°
2026-02-07 14:12:59,644 - INFO - Vehicle B updated: 12.961338, 77.594598, speed=115879.65 km/h, dir=360.00°
2026-02-07 14:12:59,921 - INFO - Vehicle A updated: 12.982812, 77.594599, speed=50542.78 km/h, dir=180.00°
2026-02-07 14:13:00,420 - INFO - Vehicle B updated: 12.896360, 77.594599, speed=33515.18 km/h, dir=180.00°
2026-02-07 14:13:00,468 - INFO - Vehicle A updated: 13.040271, 77.594604, speed=42081.79 km/h, dir=0.00°
2026-02-07 14:13:00,646 - INFO - Vehicle B updated: 12.961230, 77.594596, speed=114942.66 km/h, dir=360.00°
2026-02-07 14:13:00,939 - INFO - Vehicle A updated: 12.982907, 77.594604, speed=48749.15 km/h, dir=180.00°
2026-02-07 14:13:01,435 - INFO - Vehicle B updated: 12.896253, 77.594602, speed=32960.16 km/h, dir=180.00°
2026-02-07 14:13:01,470 - INFO - Vehicle A updated: 13.040373, 77.594602, speed=43321.14 km/h, dir=360.00°
2026-02-07 14:13:01,645 - INFO - Vehicle B updated: 12.961110, 77.594603, speed=123221.21 km/h, dir=0.00°
2026-02-07 14:13:01,940 - INFO - Vehicle A updated: 12.983008, 77.594601, speed=48871.55 km/h, dir=180.00°
2026-02-07 14:13:02,434 - INFO - Vehicle B updated: 12.896138, 77.594605, speed=32990.62 km/h, dir=180.00°
2026-02-07 14:13:02,474 - INFO - Vehicle A updated: 13.040471, 77.594596, speed=43064.73 km/h, dir=360.00°
2026-02-07 14:13:02,648 - INFO - Vehicle B updated: 12.961001, 77.594601, speed=121098.36 km/h, dir=360.00°
2026-02-07 14:13:02,940 - INFO - Vehicle A updated: 12.983113, 77.594598, speed=49289.78 km/h, dir=180.00°
2026-02-07 14:13:03,035 - INFO - Client disconnected
2026-02-07 14:13:03,035 - INFO - 127.0.0.1 - - [07/Feb/2026 14:13:03] "GET /socket.io/?EIO=4&transport=websocket&sid=5TTr-Sp42MzzT8RYAAAA HTTP/1.1" 200 -
2026-02-07 14:13:03,435 - INFO - Vehicle B updated: 12.896022, 77.594605, speed=33049.29 km/h, dir=180.00°
2026-02-07 14:13:03,477 - INFO - Vehicle A updated: 13.040572, 77.594602, speed=42795.71 km/h, dir=0.00°
2026-02-07 14:13:03,655 - INFO - Vehicle B updated: 12.960884, 77.594596, speed=119018.07 km/h, dir=359.99°
2026-02-07 14:13:03,943 - INFO - Vehicle A updated: 12.983209, 77.594596, speed=49277.70 km/h, dir=180.01°
2026-02-07 14:13:04,440 - INFO - Vehicle B updated: 12.895909, 77.594598, speed=33105.77 km/h, dir=180.00°
2026-02-07 14:13:04,479 - INFO - Vehicle A updated: 13.040673, 77.594598, speed=42979.05 km/h, dir=0.00°
2026-02-07 14:13:04,658 - INFO - Vehicle B updated: 12.960779, 77.594600, speed=119142.79 km/h, dir=0.00°
2026-02-07 14:13:04,946 - INFO - Vehicle A updated: 12.983310, 77.594597, speed=49139.63 km/h, dir=180.00°
2026-02-07 14:13:05,441 - INFO - Vehicle B updated: 12.895797, 77.594601, speed=33187.98 km/h, dir=180.00°
2026-02-07 14:13:05,482 - INFO - Vehicle A updated: 13.040771, 77.594598, speed=42860.15 km/h, dir=0.00°
2026-02-07 14:13:05,660 - INFO - Vehicle B updated: 12.960665, 77.594601, speed=118661.31 km/h, dir=0.00°
2026-02-07 14:13:05,952 - INFO - Vehicle A updated: 12.983410, 77.594599, speed=48933.92 km/h, dir=180.00°
2026-02-07 14:13:06,279 - INFO - Client disconnected
2026-02-07 14:13:06,283 - INFO - 127.0.0.1 - - [07/Feb/2026 14:13:06] "GET /socket.io/?EIO=4&transport=websocket&sid=LJlArgDOtTqnnFaJAAAK HTTP/1.1" 200 -
2026-02-07 14:13:06,442 - INFO - Vehicle B updated: 12.895688, 77.594597, speed=33260.01 km/h, dir=180.00°
2026-02-07 14:13:06,483 - INFO - Vehicle A updated: 13.040868, 77.594599, speed=43246.95 km/h, dir=0.00°
2026-02-07 14:13:06,660 - INFO - Vehicle B updated: 12.960552, 77.594600, speed=118921.48 km/h, dir=0.00°
2026-02-07 14:13:06,949 - INFO - Vehicle A updated: 12.983516, 77.594601, speed=49289.53 km/h, dir=180.00°
2026-02-07 14:13:07,446 - INFO - Vehicle B updated: 12.895573, 77.594601, speed=33106.62 km/h, dir=180.00°
2026-02-07 14:13:07,484 - INFO - Vehicle A updated: 13.040965, 77.594596, speed=42969.62 km/h, dir=360.00°
2026-02-07 14:13:07,675 - INFO - Vehicle B updated: 12.960434, 77.594599, speed=114716.10 km/h, dir=360.00°
2026-02-07 14:13:07,952 - INFO - Vehicle A updated: 12.983615, 77.594605, speed=49118.50 km/h, dir=179.99°
2026-02-07 14:13:08,448 - INFO - Vehicle B updated: 12.895461, 77.594598, speed=33497.16 km/h, dir=180.00°
2026-02-07 14:13:08,491 - INFO - Vehicle A updated: 13.041069, 77.594601, speed=42658.24 km/h, dir=360.00°
2026-02-07 14:13:08,674 - INFO - Vehicle B updated: 12.960322, 77.594595, speed=115507.07 km/h, dir=360.00°
2026-02-07 14:13:08,955 - INFO - Vehicle A updated: 12.983711, 77.594604, speed=49426.76 km/h, dir=180.00°
2026-02-07 14:13:09,452 - INFO - Vehicle B updated: 12.895353, 77.594598, speed=33405.85 km/h, dir=180.00°
2026-02-07 14:13:09,493 - INFO - Vehicle A updated: 13.041174, 77.594596, speed=42754.39 km/h, dir=359.99°
2026-02-07 14:13:09,677 - INFO - Vehicle B updated: 12.960215, 77.594600, speed=115479.89 km/h, dir=0.00°
2026-02-07 14:13:09,958 - INFO - Vehicle A updated: 12.983807, 77.594597, speed=49393.54 km/h, dir=180.00°
2026-02-07 14:13:10,455 - INFO - Vehicle B updated: 12.895235, 77.594600, speed=33415.44 km/h, dir=180.00°
2026-02-07 14:13:10,497 - INFO - Vehicle A updated: 13.041269, 77.594595, speed=42718.24 km/h, dir=360.00°
2026-02-07 14:13:10,676 - INFO - Vehicle B updated: 12.960105, 77.594595, speed=117363.71 km/h, dir=360.00°
2026-02-07 14:13:10,961 - INFO - Vehicle A updated: 12.983917, 77.594599, speed=49464.32 km/h, dir=180.00°
2026-02-07 14:13:11,457 - INFO - Vehicle B updated: 12.895124, 77.594595, speed=33326.06 km/h, dir=180.00°
2026-02-07 14:13:11,499 - INFO - Vehicle A updated: 13.041374, 77.594596, speed=42712.56 km/h, dir=360.00°
2026-02-07 14:13:11,681 - INFO - Vehicle B updated: 12.959988, 77.594600, speed=115971.66 km/h, dir=0.00°
2026-02-07 14:13:11,967 - INFO - Vehicle A updated: 12.984014, 77.594599, speed=49131.18 km/h, dir=180.00°
2026-02-07 14:13:12,459 - INFO - Vehicle B updated: 12.895013, 77.594597, speed=33438.73 km/h, dir=180.00°
2026-02-07 14:13:12,509 - INFO - Vehicle A updated: 13.041471, 77.594605, speed=42393.51 km/h, dir=0.01°
2026-02-07 14:13:12,714 - INFO - Vehicle B updated: 12.959872, 77.594605, speed=101700.05 km/h, dir=0.01°
2026-02-07 14:13:12,966 - INFO - Vehicle A updated: 12.984115, 77.594598, speed=50244.92 km/h, dir=180.01°
2026-02-07 14:13:13,462 - INFO - Vehicle B updated: 12.894895, 77.594600, speed=34759.45 km/h, dir=180.00°
2026-02-07 14:13:13,512 - INFO - Vehicle A updated: 13.041571, 77.594598, speed=42138.06 km/h, dir=360.00°
2026-02-07 14:13:13,715 - INFO - Vehicle B updated: 12.959761, 77.594596, speed=102612.13 km/h, dir=360.00°
2026-02-07 14:13:13,971 - INFO - Vehicle A updated: 12.984216, 77.594595, speed=49985.21 km/h, dir=180.00°
2026-02-07 14:13:14,466 - INFO - Vehicle B updated: 12.894780, 77.594596, speed=34661.28 km/h, dir=180.00°
2026-02-07 14:13:14,517 - INFO - Vehicle A updated: 13.041674, 77.594601, speed=42282.77 km/h, dir=0.01°
2026-02-07 14:13:14,716 - INFO - Vehicle B updated: 12.959647, 77.594598, speed=103556.18 km/h, dir=0.00°
2026-02-07 14:13:14,973 - INFO - Vehicle A updated: 12.984317, 77.594603, speed=50162.45 km/h, dir=180.00°
2026-02-07 14:13:15,468 - INFO - Vehicle B updated: 12.894671, 77.594604, speed=34596.79 km/h, dir=179.99°
2026-02-07 14:13:15,519 - INFO - Vehicle A updated: 13.041770, 77.594603, speed=42159.64 km/h, dir=0.00°
2026-02-07 14:13:15,721 - INFO - Vehicle B updated: 12.959532, 77.594596, speed=102552.35 km/h, dir=359.99°
2026-02-07 14:13:16,002 - INFO - Vehicle A updated: 12.984408, 77.594600, speed=47485.11 km/h, dir=180.00°
2026-02-07 14:13:16,473 - INFO - Vehicle B updated: 12.894564, 77.594603, speed=34636.78 km/h, dir=179.99°
2026-02-07 14:13:16,558 - INFO - Vehicle A updated: 13.041874, 77.594602, speed=41372.77 km/h, dir=0.00°
2026-02-07 14:13:16,724 - INFO - Vehicle B updated: 12.959422, 77.594598, speed=103453.12 km/h, dir=360.00°
2026-02-07 14:13:17,024 - INFO - Vehicle A updated: 12.984509, 77.594598, speed=49308.74 km/h, dir=180.00°
2026-02-07 14:13:17,475 - INFO - Vehicle B updated: 12.894449, 77.594598, speed=34579.33 km/h, dir=180.00°
2026-02-07 14:13:17,561 - INFO - Vehicle A updated: 13.041967, 77.594603, speed=42846.67 km/h, dir=0.01°
2026-02-07 14:13:17,727 - INFO - Vehicle B updated: 12.959309, 77.594601, speed=103180.06 km/h, dir=0.00°
2026-02-07 14:13:18,027 - INFO - Vehicle A updated: 12.984613, 77.594602, speed=49280.39 km/h, dir=180.00°
2026-02-07 14:13:18,475 - INFO - Vehicle B updated: 12.894332, 77.594601, speed=34760.49 km/h, dir=180.00°
2026-02-07 14:13:18,562 - INFO - Vehicle A updated: 13.042071, 77.594597, speed=42912.62 km/h, dir=359.99°
2026-02-07 14:13:18,732 - INFO - Vehicle B updated: 12.959196, 77.594596, speed=101207.58 km/h, dir=360.00°
2026-02-07 14:13:19,028 - INFO - Vehicle A updated: 12.984714, 77.594597, speed=49368.43 km/h, dir=180.00°
2026-02-07 14:13:19,494 - INFO - Vehicle B updated: 12.894220, 77.594605, speed=34134.83 km/h, dir=179.99°
2026-02-07 14:13:19,563 - INFO - Vehicle A updated: 13.042170, 77.594605, speed=42951.18 km/h, dir=0.01°
2026-02-07 14:13:19,734 - INFO - Vehicle B updated: 12.959084, 77.594602, speed=108062.65 km/h, dir=360.00°
2026-02-07 14:13:20,031 - INFO - Vehicle A updated: 12.984814, 77.594599, speed=49320.64 km/h, dir=180.01°
2026-02-07 14:13:20,497 - INFO - Vehicle B updated: 12.894109, 77.594601, speed=34069.80 km/h, dir=180.00°
2026-02-07 14:13:20,567 - INFO - Vehicle A updated: 13.042273, 77.594601, speed=42726.67 km/h, dir=0.00°
2026-02-07 14:13:20,734 - INFO - Vehicle B updated: 12.958978, 77.594602, speed=109986.65 km/h, dir=0.00°
2026-02-07 14:13:21,034 - INFO - Vehicle A updated: 12.984918, 77.594597, speed=49136.39 km/h, dir=180.00°
2026-02-07 14:13:21,500 - INFO - Vehicle B updated: 12.893995, 77.594601, speed=33932.53 km/h, dir=180.00°
2026-02-07 14:13:21,570 - INFO - Vehicle A updated: 13.042369, 77.594601, speed=42929.57 km/h, dir=0.00°
2026-02-07 14:13:21,739 - INFO - Vehicle B updated: 12.958857, 77.594601, speed=108543.20 km/h, dir=0.00°
2026-02-07 14:13:22,038 - INFO - Vehicle A updated: 12.985011, 77.594603, speed=49075.65 km/h, dir=180.00°
2026-02-07 14:13:22,503 - INFO - Vehicle B updated: 12.893889, 77.594595, speed=34068.82 km/h, dir=180.01°
2026-02-07 14:13:22,570 - INFO - Vehicle A updated: 13.042475, 77.594600, speed=43234.20 km/h, dir=360.00°
2026-02-07 14:13:22,745 - INFO - Vehicle B updated: 12.958748, 77.594600, speed=107355.55 km/h, dir=0.00°
2026-02-07 14:13:23,038 - INFO - Vehicle A updated: 12.985109, 77.594604, speed=48998.43 km/h, dir=180.00°
2026-02-07 14:13:23,503 - INFO - Vehicle B updated: 12.893767, 77.594599, speed=34294.98 km/h, dir=180.00°
2026-02-07 14:13:23,575 - INFO - Vehicle A updated: 13.042570, 77.594604, speed=42885.76 km/h, dir=360.00°
2026-02-07 14:13:23,744 - INFO - Vehicle B updated: 12.958632, 77.594600, speed=107627.35 km/h, dir=0.00°
2026-02-07 14:13:24,039 - INFO - Vehicle A updated: 12.985209, 77.594598, speed=49450.70 km/h, dir=180.01°
2026-02-07 14:13:24,518 - INFO - Vehicle B updated: 12.893660, 77.594602, speed=33616.27 km/h, dir=180.00°
2026-02-07 14:13:24,577 - INFO - Vehicle A updated: 13.042671, 77.594599, speed=42772.60 km/h, dir=0.00°
2026-02-07 14:13:24,749 - INFO - Vehicle B updated: 12.958525, 77.594604, speed=112583.31 km/h, dir=0.00°
2026-02-07 14:13:25,041 - INFO - Vehicle A updated: 12.985315, 77.594604, speed=49464.58 km/h, dir=180.00°
2026-02-07 14:13:25,517 - INFO - Vehicle B updated: 12.893542, 77.594603, speed=33856.16 km/h, dir=180.00°
2026-02-07 14:13:25,581 - INFO - Vehicle A updated: 13.042771, 77.594600, speed=42637.12 km/h, dir=360.00°
2026-02-07 14:13:25,755 - INFO - Vehicle B updated: 12.958414, 77.594597, speed=109266.13 km/h, dir=360.00°
2026-02-07 14:13:26,045 - INFO - Vehicle A updated: 12.985415, 77.594602, speed=49478.77 km/h, dir=180.00°
2026-02-07 14:13:26,519 - INFO - Vehicle B updated: 12.893435, 77.594596, speed=34047.25 km/h, dir=180.00°
2026-02-07 14:13:26,627 - INFO - Vehicle A updated: 13.042869, 77.594597, speed=39556.70 km/h, dir=359.99°
2026-02-07 14:13:26,755 - INFO - Vehicle B updated: 12.958294, 77.594597, speed=109872.00 km/h, dir=0.00°
2026-02-07 14:13:27,045 - INFO - Vehicle A updated: 12.985509, 77.594602, speed=54797.72 km/h, dir=180.00°
2026-02-07 14:13:27,520 - INFO - Vehicle B updated: 12.893321, 77.594597, speed=33977.83 km/h, dir=180.00°
2026-02-07 14:13:27,587 - INFO - Vehicle A updated: 13.042970, 77.594596, speed=42405.52 km/h, dir=359.99°
2026-02-07 14:13:27,758 - INFO - Vehicle B updated: 12.958184, 77.594599, speed=109418.11 km/h, dir=0.00°
2026-02-07 14:13:28,046 - INFO - Vehicle A updated: 12.985610, 77.594602, speed=50063.59 km/h, dir=179.99°
2026-02-07 14:13:28,521 - INFO - Vehicle B updated: 12.893207, 77.594597, speed=34060.09 km/h, dir=180.00°
2026-02-07 14:13:28,587 - INFO - Vehicle A updated: 13.043071, 77.594598, speed=42484.59 km/h, dir=360.00°
2026-02-07 14:13:28,799 - INFO - Vehicle B updated: 12.958069, 77.594597, speed=93461.41 km/h, dir=0.00°
2026-02-07 14:13:29,054 - INFO - Vehicle A updated: 12.985710, 77.594602, speed=49259.67 km/h, dir=180.00°
2026-02-07 14:13:29,524 - INFO - Vehicle B updated: 12.893097, 77.594597, speed=35893.34 km/h, dir=180.00°
2026-02-07 14:13:29,591 - INFO - Vehicle A updated: 13.043172, 77.594596, speed=42801.02 km/h, dir=359.99°
2026-02-07 14:13:29,799 - INFO - Vehicle B updated: 12.957958, 77.594601, speed=94206.55 km/h, dir=0.00°
2026-02-07 14:13:30,057 - INFO - Vehicle A updated: 12.985811, 77.594597, speed=49405.25 km/h, dir=180.00°
2026-02-07 14:13:30,524 - INFO - Vehicle B updated: 12.892986, 77.594598, speed=35869.38 km/h, dir=180.00°
2026-02-07 14:13:30,591 - INFO - Vehicle A updated: 13.043274, 77.594604, speed=42943.19 km/h, dir=0.01°
2026-02-07 14:13:30,844 - INFO - Vehicle B updated: 12.957848, 77.594603, speed=81130.06 km/h, dir=0.00°
2026-02-07 14:13:31,056 - INFO - Vehicle A updated: 12.985917, 77.594597, speed=49374.35 km/h, dir=180.01°
2026-02-07 14:13:31,532 - INFO - Vehicle B updated: 12.892870, 77.594600, speed=37855.86 km/h, dir=180.00°
2026-02-07 14:13:31,596 - INFO - Vehicle A updated: 13.043369, 77.594601, speed=42631.93 km/h, dir=0.00°
2026-02-07 14:13:31,848 - INFO - Vehicle B updated: 12.957740, 77.594599, speed=82191.50 km/h, dir=360.00°
2026-02-07 14:13:32,061 - INFO - Vehicle A updated: 12.986016, 77.594604, speed=49328.38 km/h, dir=180.00°
2026-02-07 14:13:32,531 - INFO - Vehicle B updated: 12.892759, 77.594603, speed=38033.00 km/h, dir=180.00°
2026-02-07 14:13:32,596 - INFO - Vehicle A updated: 13.043474, 77.594600, speed=43004.08 km/h, dir=360.00°
2026-02-07 14:13:32,853 - INFO - Vehicle B updated: 12.957619, 77.594596, speed=80849.89 km/h, dir=359.99°
2026-02-07 14:13:33,061 - INFO - Vehicle A updated: 12.986118, 77.594600, speed=49350.92 km/h, dir=180.00°
2026-02-07 14:13:33,537 - INFO - Vehicle B updated: 12.892649, 77.594598, speed=38028.89 km/h, dir=180.00°
2026-02-07 14:13:33,597 - INFO - Vehicle A updated: 13.043571, 77.594604, speed=42934.08 km/h, dir=0.00°
2026-02-07 14:13:33,849 - INFO - Vehicle B updated: 12.957509, 77.594601, speed=83111.30 km/h, dir=0.00°
2026-02-07 14:13:34,072 - INFO - Vehicle A updated: 12.986214, 77.594601, speed=48516.08 km/h, dir=180.00°
2026-02-07 14:13:34,543 - INFO - Vehicle B updated: 12.892531, 77.594599, speed=37466.29 km/h, dir=180.00°
2026-02-07 14:13:34,600 - INFO - Vehicle A updated: 13.043677, 77.594605, speed=43441.94 km/h, dir=0.00°
2026-02-07 14:13:34,854 - INFO - Vehicle B updated: 12.957397, 77.594596, speed=83550.04 km/h, dir=360.00°
2026-02-07 14:13:35,071 - INFO - Vehicle A updated: 12.986314, 77.594599, speed=48737.88 km/h, dir=180.01°
2026-02-07 14:13:35,543 - INFO - Vehicle B updated: 12.892420, 77.594604, speed=37736.05 km/h, dir=179.99°
2026-02-07 14:13:35,601 - INFO - Vehicle A updated: 13.043772, 77.594599, speed=43361.78 km/h, dir=360.00°
2026-02-07 14:13:35,855 - INFO - Vehicle B updated: 12.957280, 77.594598, speed=83304.33 km/h, dir=360.00°
2026-02-07 14:13:36,075 - INFO - Vehicle A updated: 12.986410, 77.594596, speed=48584.24 km/h, dir=180.00°
2026-02-07 14:13:36,543 - INFO - Vehicle B updated: 12.892307, 77.594597, speed=37795.04 km/h, dir=180.00°
2026-02-07 14:13:36,605 - INFO - Vehicle A updated: 13.043873, 77.594600, speed=43402.04 km/h, dir=0.00°
2026-02-07 14:13:36,859 - INFO - Vehicle B updated: 12.957169, 77.594601, speed=82107.33 km/h, dir=0.00°
2026-02-07 14:13:37,075 - INFO - Vehicle A updated: 12.986513, 77.594600, speed=48760.59 km/h, dir=180.00°
2026-02-07 14:13:37,548 - INFO - Vehicle B updated: 12.892190, 77.594598, speed=37792.03 km/h, dir=180.00°
2026-02-07 14:13:37,606 - INFO - Vehicle A updated: 13.043973, 77.594605, speed=43299.15 km/h, dir=0.00°
2026-02-07 14:13:37,863 - INFO - Vehicle B updated: 12.957061, 77.594602, speed=82281.66 km/h, dir=0.00°
2026-02-07 14:13:38,083 - INFO - Vehicle A updated: 12.986617, 77.594595, speed=48193.62 km/h, dir=180.01°
2026-02-07 14:13:38,549 - INFO - Vehicle B updated: 12.892079, 77.594598, speed=37914.17 km/h, dir=180.00°
2026-02-07 14:13:38,606 - INFO - Vehicle A updated: 13.044074, 77.594597, speed=43933.25 km/h, dir=0.00°
2026-02-07 14:13:38,861 - INFO - Vehicle B updated: 12.956944, 77.594602, speed=83255.61 km/h, dir=0.00°
2026-02-07 14:13:39,088 - INFO - Vehicle A updated: 12.986715, 77.594601, speed=47891.32 km/h, dir=180.00°
2026-02-07 14:13:39,552 - INFO - Vehicle B updated: 12.891966, 77.594604, speed=37644.46 km/h, dir=180.00°
2026-02-07 14:13:39,615 - INFO - Vehicle A updated: 13.044173, 77.594596, speed=43634.57 km/h, dir=360.00°
2026-02-07 14:13:39,864 - INFO - Vehicle B updated: 12.956834, 77.594599, speed=83117.56 km/h, dir=360.00°
2026-02-07 14:13:40,087 - INFO - Vehicle A updated: 12.986813, 77.594603, speed=48401.43 km/h, dir=179.99°
2026-02-07 14:13:40,555 - INFO - Vehicle B updated: 12.891853, 77.594599, speed=37656.36 km/h, dir=180.00°
2026-02-07 14:13:40,616 - INFO - Vehicle A updated: 13.044274, 77.594595, speed=43726.90 km/h, dir=359.99°
2026-02-07 14:13:40,870 - INFO - Vehicle B updated: 12.956725, 77.594603, speed=82623.66 km/h, dir=0.00°
2026-02-07 14:13:41,088 - INFO - Vehicle A updated: 12.986916, 77.594596, speed=48297.49 km/h, dir=180.00°
2026-02-07 14:13:41,564 - INFO - Vehicle B updated: 12.891743, 77.594599, speed=37469.10 km/h, dir=180.00°
2026-02-07 14:13:41,618 - INFO - Vehicle A updated: 13.044372, 77.594598, speed=43428.52 km/h, dir=0.00°
2026-02-07 14:13:41,872 - INFO - Vehicle B updated: 12.956605, 77.594602, speed=84202.69 km/h, dir=0.00°
2026-02-07 14:13:42,090 - INFO - Vehicle A updated: 12.987015, 77.594605, speed=48676.35 km/h, dir=179.99°
2026-02-07 14:13:42,561 - INFO - Vehicle B updated: 12.891632, 77.594596, speed=37731.96 km/h, dir=180.01°
2026-02-07 14:13:42,620 - INFO - Vehicle A updated: 13.044478, 77.594605, speed=43345.15 km/h, dir=0.00°
2026-02-07 14:13:42,872 - INFO - Vehicle B updated: 12.956495, 77.594597, speed=83479.46 km/h, dir=0.00°
2026-02-07 14:13:43,092 - INFO - Vehicle A updated: 12.987115, 77.594604, speed=48656.61 km/h, dir=180.00°
2026-02-07 14:13:43,564 - INFO - Vehicle B updated: 12.891522, 77.594605, speed=37581.31 km/h, dir=179.99°
2026-02-07 14:13:43,624 - INFO - Vehicle A updated: 13.044570, 77.594601, speed=43248.13 km/h, dir=360.00°
2026-02-07 14:13:43,877 - INFO - Vehicle B updated: 12.956384, 77.594602, speed=83166.00 km/h, dir=360.00°
2026-02-07 14:13:44,095 - INFO - Vehicle A updated: 12.987215, 77.594600, speed=48714.95 km/h, dir=180.00°
2026-02-07 14:13:44,567 - INFO - Vehicle B updated: 12.891402, 77.594600, speed=37693.83 km/h, dir=180.00°
2026-02-07 14:13:44,629 - INFO - Vehicle A updated: 13.044674, 77.594599, speed=43124.28 km/h, dir=360.00°
2026-02-07 14:13:44,878 - INFO - Vehicle B updated: 12.956270, 77.594600, speed=83472.49 km/h, dir=360.00°
2026-02-07 14:13:45,098 - INFO - Vehicle A updated: 12.987315, 77.594601, speed=48967.26 km/h, dir=180.00°
2026-02-07 14:13:45,570 - INFO - Vehicle B updated: 12.891298, 77.594603, speed=37574.86 km/h, dir=180.00°
2026-02-07 14:13:45,631 - INFO - Vehicle A updated: 13.044773, 77.594604, speed=43227.65 km/h, dir=0.00°
2026-02-07 14:13:45,879 - INFO - Vehicle B updated: 12.956159, 77.594603, speed=84152.93 km/h, dir=0.00°
2026-02-07 14:13:46,097 - INFO - Vehicle A updated: 12.987411, 77.594595, speed=49174.23 km/h, dir=180.01°
2026-02-07 14:13:46,573 - INFO - Vehicle B updated: 12.891181, 77.594602, speed=37477.26 km/h, dir=180.00°
2026-02-07 14:13:46,634 - INFO - Vehicle A updated: 13.044873, 77.594601, speed=42942.64 km/h, dir=0.01°
2026-02-07 14:13:46,932 - INFO - Vehicle B updated: 12.956048, 77.594597, speed=72348.60 km/h, dir=360.00°
2026-02-07 14:13:47,100 - INFO - Vehicle A updated: 12.987520, 77.594599, speed=49098.25 km/h, dir=180.00°
2026-02-07 14:13:47,572 - INFO - Vehicle B updated: 12.891069, 77.594602, speed=40598.98 km/h, dir=180.00°
2026-02-07 14:13:47,634 - INFO - Vehicle A updated: 13.044970, 77.594600, speed=43031.27 km/h, dir=0.00°
2026-02-07 14:13:47,929 - INFO - Vehicle B updated: 12.955933, 77.594597, speed=72793.45 km/h, dir=360.00°
2026-02-07 14:13:48,102 - INFO - Vehicle A updated: 12.987615, 77.594604, speed=49198.30 km/h, dir=180.00°
2026-02-07 14:13:48,576 - INFO - Vehicle B updated: 12.890956, 77.594595, speed=40194.34 km/h, dir=180.00°
2026-02-07 14:13:48,636 - INFO - Vehicle A updated: 13.045076, 77.594595, speed=42958.43 km/h, dir=359.99°
2026-02-07 14:13:48,932 - INFO - Vehicle B updated: 12.955825, 77.594604, speed=72969.72 km/h, dir=0.01°
2026-02-07 14:13:49,104 - INFO - Vehicle A updated: 12.987717, 77.594603, speed=49187.37 km/h, dir=179.99°
2026-02-07 14:13:49,580 - INFO - Vehicle B updated: 12.890848, 77.594598, speed=40114.72 km/h, dir=180.00°
2026-02-07 14:13:49,640 - INFO - Vehicle A updated: 13.045179, 77.594598, speed=42873.60 km/h, dir=360.00°
2026-02-07 14:13:49,938 - INFO - Vehicle B updated: 12.955712, 77.594600, speed=72631.38 km/h, dir=0.00°
2026-02-07 14:13:50,104 - INFO - Vehicle A updated: 12.987812, 77.594604, speed=49442.43 km/h, dir=179.99°
2026-02-07 14:13:50,580 - INFO - Vehicle B updated: 12.890734, 77.594595, speed=40478.47 km/h, dir=180.00°
2026-02-07 14:13:50,639 - INFO - Vehicle A updated: 13.045274, 77.594603, speed=42994.17 km/h, dir=360.00°
2026-02-07 14:13:50,941 - INFO - Vehicle B updated: 12.955593, 77.594601, speed=71985.08 km/h, dir=0.00°
2026-02-07 14:13:51,106 - INFO - Vehicle A updated: 12.987915, 77.594597, speed=49236.85 km/h, dir=180.01°
2026-02-07 14:13:51,584 - INFO - Vehicle B updated: 12.890614, 77.594602, speed=40439.90 km/h, dir=180.00°
2026-02-07 14:13:51,641 - INFO - Vehicle A updated: 13.045378, 77.594603, speed=42946.61 km/h, dir=0.01°
2026-02-07 14:13:51,952 - INFO - Vehicle B updated: 12.955478, 77.594603, speed=70651.30 km/h, dir=0.00°
2026-02-07 14:13:52,111 - INFO - Vehicle A updated: 12.988019, 77.594600, speed=48913.21 km/h, dir=180.00°
2026-02-07 14:13:52,590 - INFO - Vehicle B updated: 12.890510, 77.594596, speed=40775.08 km/h, dir=180.01°
2026-02-07 14:13:52,644 - INFO - Vehicle A updated: 13.045478, 77.594595, speed=43093.46 km/h, dir=360.00°
2026-02-07 14:13:52,951 - INFO - Vehicle B updated: 12.955375, 77.594596, speed=71820.14 km/h, dir=0.00°
2026-02-07 14:13:53,137 - INFO - Vehicle A updated: 12.988112, 77.594604, speed=46646.58 km/h, dir=179.99°
2026-02-07 14:13:53,593 - INFO - Vehicle B updated: 12.890391, 77.594604, speed=40556.23 km/h, dir=179.99°
2026-02-07 14:13:53,651 - INFO - Vehicle A updated: 13.045572, 77.594596, speed=44742.22 km/h, dir=359.99°
2026-02-07 14:13:53,968 - INFO - Vehicle B updated: 12.955263, 77.594600, speed=69102.10 km/h, dir=360.00°
2026-02-07 14:13:54,139 - INFO - Vehicle A updated: 12.988215, 77.594596, speed=47059.29 km/h, dir=180.00°
2026-02-07 14:13:54,593 - INFO - Vehicle B updated: 12.890278, 77.594602, speed=41666.69 km/h, dir=180.00°
2026-02-07 14:13:54,654 - INFO - Vehicle A updated: 13.045669, 77.594602, speed=44667.59 km/h, dir=0.01°
2026-02-07 14:13:54,970 - INFO - Vehicle B updated: 12.955149, 77.594598, speed=68862.10 km/h, dir=360.00°
2026-02-07 14:13:55,139 - INFO - Vehicle A updated: 12.988319, 77.594597, speed=47293.83 km/h, dir=180.01°
2026-02-07 14:13:55,594 - INFO - Vehicle B updated: 12.890163, 77.594605, speed=41668.75 km/h, dir=179.99°
2026-02-07 14:13:55,659 - INFO - Vehicle A updated: 13.045774, 77.594597, speed=44207.19 km/h, dir=0.00°
2026-02-07 14:13:55,974 - INFO - Vehicle B updated: 12.955033, 77.594604, speed=68371.41 km/h, dir=360.00°
2026-02-07 14:13:56,143 - INFO - Vehicle A updated: 12.988417, 77.594599, speed=47471.50 km/h, dir=180.00°
2026-02-07 14:13:56,598 - INFO - Vehicle B updated: 12.890056, 77.594602, speed=41690.03 km/h, dir=180.00°
2026-02-07 14:13:56,660 - INFO - Vehicle A updated: 13.045874, 77.594600, speed=44472.62 km/h, dir=0.00°
2026-02-07 14:13:56,975 - INFO - Vehicle B updated: 12.954916, 77.594605, speed=68891.65 km/h, dir=0.00°
2026-02-07 14:13:57,143 - INFO - Vehicle A updated: 12.988519, 77.594597, speed=47497.55 km/h, dir=180.00°
2026-02-07 14:13:57,599 - INFO - Vehicle B updated: 12.889947, 77.594603, speed=41664.63 km/h, dir=180.00°
2026-02-07 14:13:57,664 - INFO - Vehicle A updated: 13.045979, 77.594596, speed=44202.73 km/h, dir=360.00°
2026-02-07 14:13:57,979 - INFO - Vehicle B updated: 12.954812, 77.594604, speed=68288.80 km/h, dir=0.00°
2026-02-07 14:13:58,145 - INFO - Vehicle A updated: 12.988619, 77.594597, speed=47744.51 km/h, dir=180.00°
2026-02-07 14:13:58,601 - INFO - Vehicle B updated: 12.889830, 77.594601, speed=41807.21 km/h, dir=180.00°
2026-02-07 14:13:58,666 - INFO - Vehicle A updated: 13.046073, 77.594602, speed=44123.31 km/h, dir=0.00°
2026-02-07 14:13:58,984 - INFO - Vehicle B updated: 12.954696, 77.594600, speed=67912.12 km/h, dir=360.00°
2026-02-07 14:13:59,150 - INFO - Vehicle A updated: 12.988717, 77.594599, speed=47469.63 km/h, dir=180.00°
2026-02-07 14:13:59,602 - INFO - Vehicle B updated: 12.889718, 77.594601, speed=42084.25 km/h, dir=180.00°
2026-02-07 14:13:59,667 - INFO - Vehicle A updated: 13.046179, 77.594595, speed=44471.12 km/h, dir=360.00°
2026-02-07 14:13:59,986 - INFO - Vehicle B updated: 12.954579, 77.594598, speed=67492.51 km/h, dir=360.00°
2026-02-07 14:14:00,153 - INFO - Vehicle A updated: 12.988818, 77.594601, speed=47227.89 km/h, dir=179.99°
2026-02-07 14:14:00,607 - INFO - Vehicle B updated: 12.889603, 77.594598, speed=41929.58 km/h, dir=180.00°
2026-02-07 14:14:00,673 - INFO - Vehicle A updated: 13.046272, 77.594598, speed=44245.37 km/h, dir=360.00°
2026-02-07 14:14:00,993 - INFO - Vehicle B updated: 12.954473, 77.594596, speed=67301.94 km/h, dir=360.00°
2026-02-07 14:14:01,155 - INFO - Vehicle A updated: 12.988919, 77.594597, speed=47588.17 km/h, dir=180.00°
2026-02-07 14:14:01,610 - INFO - Vehicle B updated: 12.889488, 77.594602, speed=42101.41 km/h, dir=179.99°
2026-02-07 14:14:01,678 - INFO - Vehicle A updated: 13.046373, 77.594603, speed=44035.85 km/h, dir=0.01°
2026-02-07 14:14:01,991 - INFO - Vehicle B updated: 12.954359, 77.594600, speed=68220.13 km/h, dir=360.00°
2026-02-07 14:14:02,159 - INFO - Vehicle A updated: 12.989012, 77.594600, speed=47731.23 km/h, dir=180.00°
2026-02-07 14:14:02,614 - INFO - Vehicle B updated: 12.889377, 77.594602, speed=41765.02 km/h, dir=180.00°
2026-02-07 14:14:02,681 - INFO - Vehicle A updated: 13.046470, 77.594602, speed=44076.41 km/h, dir=0.00°
2026-02-07 14:14:03,023 - INFO - Vehicle B updated: 12.954245, 77.594605, speed=63466.27 km/h, dir=0.00°
2026-02-07 14:14:03,159 - INFO - Vehicle A updated: 12.989118, 77.594604, speed=47996.83 km/h, dir=180.00°
2026-02-07 14:14:03,617 - INFO - Vehicle B updated: 12.889266, 77.594602, speed=43799.34 km/h, dir=180.00°
2026-02-07 14:14:03,683 - INFO - Vehicle A updated: 13.046575, 77.594597, speed=43897.19 km/h, dir=359.99°
2026-02-07 14:14:04,026 - INFO - Vehicle B updated: 12.954132, 77.594599, speed=63447.30 km/h, dir=360.00°
2026-02-07 14:14:04,164 - INFO - Vehicle A updated: 12.989219, 77.594597, speed=47660.52 km/h, dir=180.00°
2026-02-07 14:14:04,618 - INFO - Vehicle B updated: 12.889152, 77.594596, speed=43923.77 km/h, dir=180.00°
2026-02-07 14:14:04,685 - INFO - Vehicle A updated: 13.046672, 77.594602, speed=44174.16 km/h, dir=0.01°
2026-02-07 14:14:05,030 - INFO - Vehicle B updated: 12.954017, 77.594601, speed=63082.59 km/h, dir=0.00°
2026-02-07 14:14:05,164 - INFO - Vehicle A updated: 12.989319, 77.594599, speed=47902.04 km/h, dir=180.00°
2026-02-07 14:14:05,619 - INFO - Vehicle B updated: 12.889044, 77.594597, speed=44154.06 km/h, dir=180.00°
2026-02-07 14:14:05,686 - INFO - Vehicle A updated: 13.046778, 77.594605, speed=44061.36 km/h, dir=0.01°
2026-02-07 14:14:06,034 - INFO - Vehicle B updated: 12.953907, 77.594600, speed=62719.58 km/h, dir=0.00°
2026-02-07 14:14:06,169 - INFO - Vehicle A updated: 12.989413, 77.594598, speed=47609.57 km/h, dir=180.01°
2026-02-07 14:14:06,629 - INFO - Vehicle B updated: 12.888931, 77.594599, speed=43670.23 km/h, dir=180.00°
2026-02-07 14:14:06,689 - INFO - Vehicle A updated: 13.046871, 77.594601, speed=44181.18 km/h, dir=0.00°
2026-02-07 14:14:07,036 - INFO - Vehicle B updated: 12.953793, 77.594604, speed=63719.98 km/h, dir=0.00°
2026-02-07 14:14:07,183 - INFO - Vehicle A updated: 12.989516, 77.594604, speed=46561.79 km/h, dir=180.00°
2026-02-07 14:14:07,659 - INFO - Vehicle B updated: 12.888817, 77.594603, speed=41727.43 km/h, dir=180.00°
2026-02-07 14:14:07,709 - INFO - Vehicle A updated: 13.046974, 77.594595, speed=43719.94 km/h, dir=359.99°
2026-02-07 14:14:08,039 - INFO - Vehicle B updated: 12.953681, 77.594596, speed=68434.87 km/h, dir=359.99°
2026-02-07 14:14:08,230 - INFO - Vehicle A updated: 12.989619, 77.594605, speed=44144.47 km/h, dir=179.99°
2026-02-07 14:14:08,666 - INFO - Vehicle B updated: 12.888708, 77.594597, speed=41439.75 km/h, dir=180.00°
2026-02-07 14:14:08,710 - INFO - Vehicle A updated: 13.047075, 77.594599, speed=47804.99 km/h, dir=359.99°
2026-02-07 14:14:09,041 - INFO - Vehicle B updated: 12.953563, 77.594604, speed=69303.61 km/h, dir=0.01°
2026-02-07 14:14:09,230 - INFO - Vehicle A updated: 12.989723, 77.594604, speed=44134.36 km/h, dir=180.00°
2026-02-07 14:14:09,669 - INFO - Vehicle B updated: 12.888594, 77.594597, speed=41407.80 km/h, dir=180.01°
2026-02-07 14:14:09,751 - INFO - Vehicle A updated: 13.047171, 77.594604, speed=44114.34 km/h, dir=0.00°
2026-02-07 14:14:10,040 - INFO - Vehicle B updated: 12.953454, 77.594598, speed=69955.28 km/h, dir=0.00°
2026-02-07 14:14:10,236 - INFO - Vehicle A updated: 12.989818, 77.594597, speed=47400.60 km/h, dir=180.01°
2026-02-07 14:14:10,670 - INFO - Vehicle B updated: 12.888475, 77.594599, speed=41291.85 km/h, dir=180.00°
2026-02-07 14:14:10,751 - INFO - Vehicle A updated: 13.047272, 77.594599, speed=44657.35 km/h, dir=0.00°
2026-02-07 14:14:11,044 - INFO - Vehicle B updated: 12.953347, 77.594604, speed=69484.90 km/h, dir=0.00°
2026-02-07 14:14:11,238 - INFO - Vehicle A updated: 12.989921, 77.594598, speed=47061.14 km/h, dir=180.00°
2026-02-07 14:14:11,670 - INFO - Vehicle B updated: 12.888363, 77.594604, speed=41538.91 km/h, dir=180.00°
2026-02-07 14:14:11,751 - INFO - Vehicle A updated: 13.047380, 77.594602, speed=44835.33 km/h, dir=0.00°
2026-02-07 14:14:12,046 - INFO - Vehicle B updated: 12.953233, 77.594604, speed=69071.26 km/h, dir=360.00°
2026-02-07 14:14:12,239 - INFO - Vehicle A updated: 12.990023, 77.594601, speed=47130.03 km/h, dir=180.00°
2026-02-07 14:14:12,674 - INFO - Vehicle B updated: 12.888255, 77.594599, speed=41439.57 km/h, dir=180.00°
2026-02-07 14:14:12,773 - INFO - Vehicle A updated: 13.047473, 77.594599, speed=43393.01 km/h, dir=360.00°
2026-02-07 14:14:13,046 - INFO - Vehicle B updated: 12.953117, 77.594602, speed=69710.03 km/h, dir=0.00°
2026-02-07 14:14:13,242 - INFO - Vehicle A updated: 12.990116, 77.594601, speed=48518.06 km/h, dir=180.00°
2026-02-07 14:14:13,725 - INFO - Vehicle B updated: 12.888138, 77.594598, speed=38335.43 km/h, dir=180.00°
2026-02-07 14:14:13,776 - INFO - Vehicle A updated: 13.047575, 77.594600, speed=43222.56 km/h, dir=360.00°
2026-02-07 14:14:14,050 - INFO - Vehicle B updated: 12.953008, 77.594599, speed=79824.21 km/h, dir=0.00°
2026-02-07 14:14:14,263 - INFO - Vehicle A updated: 12.990220, 77.594595, speed=46945.01 km/h, dir=180.00°
2026-02-07 14:14:15,307 - INFO - Vehicle B updated: 12.888032, 77.594601, speed=20690.65 km/h, dir=180.00°
2026-02-07 14:14:15,335 - INFO - Vehicle B updated: 12.952897, 77.594601, speed=949551.83 km/h, dir=0.00°
2026-02-07 14:14:15,337 - INFO - Vehicle A updated: 13.047677, 77.594596, speed=21424.76 km/h, dir=0.00°
2026-02-07 14:14:15,340 - INFO - Vehicle A updated: 12.990316, 77.594597, speed=6090429.67 km/h, dir=180.00°
2026-02-07 14:14:16,094 - INFO - Vehicle A updated: 13.047779, 77.594596, speed=30527.54 km/h, dir=360.00°
2026-02-07 14:14:16,094 - INFO - Vehicle B updated: 12.887913, 77.594598, speed=34259.97 km/h, dir=180.00°
2026-02-07 14:14:16,312 - INFO - Vehicle A updated: 12.990418, 77.594599, speed=105305.12 km/h, dir=180.00°
2026-02-07 14:14:16,328 - INFO - Vehicle B updated: 12.952780, 77.594597, speed=110791.73 km/h, dir=360.00°
2026-02-07 14:14:17,151 - INFO - Vehicle A updated: 13.047875, 77.594597, speed=27414.21 km/h, dir=360.00°
2026-02-07 14:14:17,153 - INFO - Vehicle B updated: 12.887799, 77.594603, speed=31542.21 km/h, dir=179.99°
2026-02-07 14:14:17,311 - INFO - Vehicle A updated: 12.990514, 77.594605, speed=142950.43 km/h, dir=179.99°
2026-02-07 14:14:17,330 - INFO - Vehicle B updated: 12.952664, 77.594600, speed=146465.77 km/h, dir=360.00°
2026-02-07 14:14:18,151 - INFO - Vehicle A updated: 13.047973, 77.594596, speed=27382.22 km/h, dir=359.99°
2026-02-07 14:14:18,155 - INFO - Vehicle B updated: 12.887688, 77.594604, speed=31538.99 km/h, dir=180.00°
2026-02-07 14:14:18,314 - INFO - Vehicle A updated: 12.990614, 77.594595, speed=141684.94 km/h, dir=180.00°
2026-02-07 14:14:18,334 - INFO - Vehicle B updated: 12.952558, 77.594596, speed=144722.11 km/h, dir=359.99°
2026-02-07 14:14:19,159 - INFO - Vehicle A updated: 13.048081, 77.594604, speed=27208.41 km/h, dir=0.01°
2026-02-07 14:14:19,160 - INFO - Vehicle B updated: 12.887580, 77.594599, speed=31537.75 km/h, dir=180.00°
2026-02-07 14:14:19,333 - INFO - Vehicle A updated: 12.990717, 77.594600, speed=132207.07 km/h, dir=180.00°
2026-02-07 14:14:19,359 - INFO - Vehicle B updated: 12.952442, 77.594598, speed=129727.41 km/h, dir=360.00°
2026-02-07 14:14:20,163 - INFO - Vehicle A updated: 13.048177, 77.594604, speed=27706.24 km/h, dir=0.00°
2026-02-07 14:14:20,163 - INFO - Vehicle B updated: 12.887468, 77.594600, speed=32336.74 km/h, dir=180.00°
2026-02-07 14:14:20,330 - INFO - Vehicle A updated: 12.990817, 77.594598, speed=137031.15 km/h, dir=180.00°
2026-02-07 14:14:20,354 - INFO - Vehicle B updated: 12.952333, 77.594597, speed=136211.92 km/h, dir=360.00°
2026-02-07 14:14:21,167 - INFO - Vehicle B updated: 12.887356, 77.594603, speed=31980.71 km/h, dir=180.00°
2026-02-07 14:14:21,167 - INFO - Vehicle A updated: 13.048282, 77.594595, speed=27484.28 km/h, dir=360.00°
2026-02-07 14:14:21,330 - INFO - Vehicle A updated: 12.990917, 77.594604, speed=141196.82 km/h, dir=179.99°
2026-02-07 14:14:21,356 - INFO - Vehicle B updated: 12.952222, 77.594596, speed=137973.94 km/h, dir=359.99°
2026-02-07 14:14:22,166 - INFO - Vehicle B updated: 12.887238, 77.594603, speed=32081.78 km/h, dir=179.99°
2026-02-07 14:14:22,170 - INFO - Vehicle A updated: 13.048382, 77.594602, speed=27387.27 km/h, dir=360.00°
2026-02-07 14:14:22,331 - INFO - Vehicle A updated: 12.991019, 77.594604, speed=142874.90 km/h, dir=180.00°
2026-02-07 14:14:22,361 - INFO - Vehicle B updated: 12.952102, 77.594602, speed=133761.53 km/h, dir=360.00°
2026-02-07 14:14:23,191 - INFO - Vehicle B updated: 12.887125, 77.594599, speed=31306.28 km/h, dir=180.00°
2026-02-07 14:14:23,191 - INFO - Vehicle A updated: 13.048480, 77.594601, speed=26724.22 km/h, dir=360.00°
2026-02-07 14:14:23,336 - INFO - Vehicle A updated: 12.991123, 77.594600, speed=159033.34 km/h, dir=180.00°
2026-02-07 14:14:23,365 - INFO - Vehicle B updated: 12.951991, 77.594604, speed=149661.67 km/h, dir=0.00°
2026-02-07 14:14:24,203 - INFO - Vehicle B updated: 12.887016, 77.594602, speed=31095.18 km/h, dir=180.00°
2026-02-07 14:14:24,203 - INFO - Vehicle A updated: 13.048573, 77.594597, speed=26526.39 km/h, dir=360.00°
2026-02-07 14:14:24,336 - INFO - Vehicle A updated: 12.991218, 77.594600, speed=172721.03 km/h, dir=180.00°
2026-02-07 14:14:24,364 - INFO - Vehicle B updated: 12.951881, 77.594602, speed=159548.30 km/h, dir=360.00°
2026-02-07 14:14:25,212 - INFO - Vehicle B updated: 12.886903, 77.594600, speed=30675.27 km/h, dir=180.00°
2026-02-07 14:14:25,213 - INFO - Vehicle A updated: 13.048681, 77.594601, speed=26232.45 km/h, dir=0.00°
2026-02-07 14:14:25,337 - INFO - Vehicle A updated: 12.991316, 77.594597, speed=185055.78 km/h, dir=180.00°
2026-02-07 14:14:25,390 - INFO - Vehicle B updated: 12.951769, 77.594601, speed=145793.88 km/h, dir=0.00°
2026-02-07 14:14:26,207 - INFO - Vehicle B updated: 12.886787, 77.594596, speed=31828.26 km/h, dir=180.00°
2026-02-07 14:14:26,217 - INFO - Vehicle A updated: 13.048779, 77.594595, speed=26127.55 km/h, dir=360.00°
2026-02-07 14:14:26,338 - INFO - Vehicle A updated: 12.991418, 77.594605, speed=189933.88 km/h, dir=179.99°
2026-02-07 14:14:26,386 - INFO - Vehicle B updated: 12.951650, 77.594600, speed=145443.75 km/h, dir=0.00°
2026-02-07 14:14:27,209 - INFO - Vehicle B updated: 12.886672, 77.594599, speed=31596.87 km/h, dir=180.00°
2026-02-07 14:14:27,223 - INFO - Vehicle A updated: 13.048876, 77.594604, speed=25999.97 km/h, dir=360.00°
2026-02-07 14:14:27,339 - INFO - Vehicle A updated: 12.991516, 77.594600, speed=196331.58 km/h, dir=180.00°
2026-02-07 14:14:27,385 - INFO - Vehicle B updated: 12.951538, 77.594599, speed=147916.14 km/h, dir=360.00°
2026-02-07 14:14:28,213 - INFO - Vehicle B updated: 12.886568, 77.594595, speed=31404.90 km/h, dir=180.00°
2026-02-07 14:14:28,221 - INFO - Vehicle A updated: 13.048975, 77.594601, speed=26097.17 km/h, dir=0.00°
2026-02-07 14:14:28,342 - INFO - Vehicle A updated: 12.991619, 77.594600, speed=188712.08 km/h, dir=180.00°
2026-02-07 14:14:28,385 - INFO - Vehicle B updated: 12.951424, 77.594596, speed=150570.85 km/h, dir=0.00°
2026-02-07 14:14:29,214 - INFO - Vehicle B updated: 12.886451, 77.594598, speed=31368.23 km/h, dir=180.00°
2026-02-07 14:14:29,221 - INFO - Vehicle A updated: 13.049079, 77.594601, speed=26181.57 km/h, dir=0.00°
2026-02-07 14:14:29,344 - INFO - Vehicle A updated: 12.991722, 77.594596, speed=187180.88 km/h, dir=180.00°
2026-02-07 14:14:29,386 - INFO - Vehicle B updated: 12.951314, 77.594599, speed=151280.82 km/h, dir=0.00°
2026-02-07 14:14:30,217 - INFO - Vehicle B updated: 12.886343, 77.594605, speed=31307.05 km/h, dir=179.99°
2026-02-07 14:14:30,224 - INFO - Vehicle A updated: 13.049175, 77.594597, speed=26118.76 km/h, dir=0.00°
2026-02-07 14:14:30,345 - INFO - Vehicle A updated: 12.991823, 77.594600, speed=189608.74 km/h, dir=180.00°
2026-02-07 14:14:30,387 - INFO - Vehicle B updated: 12.951203, 77.594600, speed=152369.49 km/h, dir=360.00°
2026-02-07 14:14:31,218 - INFO - Vehicle B updated: 12.886224, 77.594600, speed=31292.90 km/h, dir=180.00°
2026-02-07 14:14:31,224 - INFO - Vehicle A updated: 13.049276, 77.594597, speed=26180.75 km/h, dir=360.00°
2026-02-07 14:14:31,349 - INFO - Vehicle A updated: 12.991921, 77.594600, speed=182900.82 km/h, dir=180.00°
2026-02-07 14:14:31,392 - INFO - Vehicle B updated: 12.951095, 77.594604, speed=149608.61 km/h, dir=0.00°
2026-02-07 14:14:32,220 - INFO - Vehicle B updated: 12.886118, 77.594595, speed=31424.63 km/h, dir=180.01°
2026-02-07 14:14:32,225 - INFO - Vehicle A updated: 13.049381, 77.594603, speed=26254.14 km/h, dir=0.00°
2026-02-07 14:14:32,351 - INFO - Vehicle A updated: 12.992021, 77.594597, speed=182557.44 km/h, dir=180.01°
2026-02-07 14:14:32,391 - INFO - Vehicle B updated: 12.950977, 77.594599, speed=151086.63 km/h, dir=0.00°
2026-02-07 14:14:33,219 - INFO - Vehicle B updated: 12.885999, 77.594597, speed=31417.85 km/h, dir=180.00°
2026-02-07 14:14:33,225 - INFO - Vehicle A updated: 13.049473, 77.594604, speed=26304.26 km/h, dir=0.01°
2026-02-07 14:14:33,351 - INFO - Vehicle A updated: 12.992125, 77.594599, speed=182727.17 km/h, dir=180.00°
2026-02-07 14:14:33,393 - INFO - Vehicle B updated: 12.950866, 77.594600, speed=149713.73 km/h, dir=0.00°
2026-02-07 14:14:34,221 - INFO - Vehicle B updated: 12.885886, 77.594598, speed=31403.51 km/h, dir=180.00°
2026-02-07 14:14:34,231 - INFO - Vehicle A updated: 13.049580, 77.594605, speed=26158.55 km/h, dir=0.01°
2026-02-07 14:14:34,356 - INFO - Vehicle A updated: 12.992223, 77.594604, speed=184317.33 km/h, dir=180.00°
2026-02-07 14:14:34,412 - INFO - Vehicle B updated: 12.950754, 77.594601, speed=136183.51 km/h, dir=0.00°
2026-02-07 14:14:35,224 - INFO - Vehicle B updated: 12.885775, 77.594597, speed=32038.12 km/h, dir=180.00°
2026-02-07 14:14:35,234 - INFO - Vehicle A updated: 13.049677, 77.594602, speed=26164.71 km/h, dir=360.00°
2026-02-07 14:14:35,358 - INFO - Vehicle A updated: 12.992318, 77.594602, speed=185331.92 km/h, dir=180.00°
2026-02-07 14:14:35,417 - INFO - Vehicle B updated: 12.950644, 77.594603, speed=134219.10 km/h, dir=0.01°
2026-02-07 14:14:36,228 - INFO - Vehicle B updated: 12.885663, 77.594599, speed=32067.41 km/h, dir=180.00°
2026-02-07 14:14:36,236 - INFO - Vehicle A updated: 13.049782, 77.594599, speed=26200.66 km/h, dir=360.00°
2026-02-07 14:14:36,357 - INFO - Vehicle A updated: 12.992424, 77.594604, speed=188880.59 km/h, dir=180.00°
2026-02-07 14:14:36,420 - INFO - Vehicle B updated: 12.950525, 77.594603, speed=135618.35 km/h, dir=0.00°
2026-02-07 14:14:37,230 - INFO - Vehicle B updated: 12.885547, 77.594602, speed=32103.52 km/h, dir=180.00°
2026-02-07 14:14:37,240 - INFO - Vehicle A updated: 13.049880, 77.594595, speed=26052.40 km/h, dir=359.99°
2026-02-07 14:14:37,358 - INFO - Vehicle A updated: 12.992521, 77.594596, speed=194164.67 km/h, dir=180.00°
2026-02-07 14:14:37,423 - INFO - Vehicle B updated: 12.950412, 77.594599, speed=134514.27 km/h, dir=360.00°
2026-02-07 14:14:38,232 - INFO - Vehicle B updated: 12.885441, 77.594597, speed=32131.62 km/h, dir=180.00°
2026-02-07 14:14:38,241 - INFO - Vehicle A updated: 13.049980, 77.594604, speed=26074.47 km/h, dir=0.01°
2026-02-07 14:14:38,363 - INFO - Vehicle A updated: 12.992626, 77.594597, speed=187469.66 km/h, dir=180.01°
2026-02-07 14:14:38,427 - INFO - Vehicle B updated: 12.950301, 77.594602, speed=133417.67 km/h, dir=0.00°
2026-02-07 14:14:39,235 - INFO - Vehicle B updated: 12.885325, 77.594599, speed=32177.49 km/h, dir=180.00°
2026-02-07 14:14:39,243 - INFO - Vehicle A updated: 13.050079, 77.594599, speed=26147.61 km/h, dir=0.00°
2026-02-07 14:14:39,363 - INFO - Vehicle A updated: 12.992721, 77.594601, speed=191074.51 km/h, dir=180.00°
2026-02-07 14:14:39,431 - INFO - Vehicle B updated: 12.950185, 77.594596, speed=132968.71 km/h, dir=360.00°
2026-02-07 14:14:40,237 - INFO - Vehicle B updated: 12.885209, 77.594596, speed=32270.65 km/h, dir=180.00°
2026-02-07 14:14:40,244 - INFO - Vehicle A updated: 13.050175, 77.594604, speed=26086.37 km/h, dir=0.00°
2026-02-07 14:14:40,368 - INFO - Vehicle A updated: 12.992818, 77.594602, speed=186299.78 km/h, dir=180.00°
2026-02-07 14:14:40,434 - INFO - Vehicle B updated: 12.950081, 77.594604, speed=131844.60 km/h, dir=0.01°
2026-02-07 14:14:41,240 - INFO - Vehicle B updated: 12.885100, 77.594597, speed=32259.97 km/h, dir=180.01°
2026-02-07 14:14:41,248 - INFO - Vehicle A updated: 13.050276, 77.594597, speed=26134.57 km/h, dir=359.99°
2026-02-07 14:14:41,368 - INFO - Vehicle A updated: 12.992924, 77.594601, speed=190036.33 km/h, dir=180.00°
2026-02-07 14:14:41,437 - INFO - Vehicle B updated: 12.949968, 77.594599, speed=131768.97 km/h, dir=0.00°
2026-02-07 14:14:42,241 - INFO - Vehicle B updated: 12.884991, 77.594602, speed=32355.14 km/h, dir=180.00°
2026-02-07 14:14:42,251 - INFO - Vehicle A updated: 13.050380, 77.594601, speed=26046.57 km/h, dir=0.00°
2026-02-07 14:14:42,374 - INFO - Vehicle A updated: 12.993020, 77.594597, speed=187865.39 km/h, dir=180.00°
2026-02-07 14:14:42,436 - INFO - Vehicle B updated: 12.949850, 77.594596, speed=133092.66 km/h, dir=359.99°
2026-02-07 14:14:43,246 - INFO - Vehicle B updated: 12.884873, 77.594599, speed=32098.03 km/h, dir=180.00°
2026-02-07 14:14:43,256 - INFO - Vehicle A updated: 13.050484, 77.594602, speed=26080.75 km/h, dir=0.01°
2026-02-07 14:14:43,381 - INFO - Vehicle A updated: 12.993117, 77.594602, speed=183762.05 km/h, dir=180.00°
2026-02-07 14:14:43,441 - INFO - Vehicle B updated: 12.949738, 77.594603, speed=134953.98 km/h, dir=0.00°
2026-02-07 14:14:44,246 - INFO - Vehicle B updated: 12.884767, 77.594603, speed=32227.16 km/h, dir=180.00°
2026-02-07 14:14:44,257 - INFO - Vehicle A updated: 13.050574, 77.594600, speed=26236.66 km/h, dir=360.00°
2026-02-07 14:14:44,389 - INFO - Vehicle A updated: 12.993220, 77.594604, speed=173942.90 km/h, dir=180.00°
2026-02-07 14:14:44,440 - INFO - Vehicle B updated: 12.949629, 77.594600, speed=133867.66 km/h, dir=360.00°
2026-02-07 14:14:45,250 - INFO - Vehicle B updated: 12.884648, 77.594595, speed=32114.19 km/h, dir=180.00°
2026-02-07 14:14:45,261 - INFO - Vehicle A updated: 13.050674, 77.594600, speed=26375.72 km/h, dir=360.00°
2026-02-07 14:14:45,383 - INFO - Vehicle A updated: 12.993321, 77.594596, speed=188004.68 km/h, dir=180.00°
2026-02-07 14:14:45,443 - INFO - Vehicle B updated: 12.949513, 77.594603, speed=134256.18 km/h, dir=0.01°
2026-02-07 14:14:46,251 - INFO - Vehicle B updated: 12.884539, 77.594600, speed=32177.76 km/h, dir=180.00°
2026-02-07 14:14:46,262 - INFO - Vehicle A updated: 13.050775, 77.594602, speed=26171.72 km/h, dir=0.01°
2026-02-07 14:14:46,385 - INFO - Vehicle A updated: 12.993420, 77.594600, speed=186611.60 km/h, dir=180.00°
2026-02-07 14:14:46,443 - INFO - Vehicle B updated: 12.949399, 77.594597, speed=135199.60 km/h, dir=360.00°
2026-02-07 14:14:47,252 - INFO - Vehicle B updated: 12.884423, 77.594596, speed=32163.51 km/h, dir=180.00°
2026-02-07 14:14:47,264 - INFO - Vehicle A updated: 13.050883, 77.594601, speed=26167.15 km/h, dir=0.00°
2026-02-07 14:14:47,388 - INFO - Vehicle A updated: 12.993522, 77.594598, speed=185562.04 km/h, dir=180.00°
2026-02-07 14:14:47,445 - INFO - Vehicle B updated: 12.949289, 77.594599, speed=134663.25 km/h, dir=0.00°
2026-02-07 14:14:48,257 - INFO - Vehicle B updated: 12.884312, 77.594601, speed=32040.77 km/h, dir=180.00°
2026-02-07 14:14:48,267 - INFO - Vehicle A updated: 13.050984, 77.594602, speed=26253.78 km/h, dir=0.00°
2026-02-07 14:14:48,391 - INFO - Vehicle A updated: 12.993618, 77.594604, speed=181205.68 km/h, dir=180.00°
2026-02-07 14:14:48,462 - INFO - Vehicle B updated: 12.949175, 77.594602, speed=126536.41 km/h, dir=0.00°
2026-02-07 14:14:49,256 - INFO - Vehicle B updated: 12.884195, 77.594596, speed=32760.99 km/h, dir=180.01°
2026-02-07 14:14:49,267 - INFO - Vehicle A updated: 13.051079, 77.594598, speed=26252.86 km/h, dir=359.99°
2026-02-07 14:14:49,392 - INFO - Vehicle A updated: 12.993722, 77.594604, speed=184335.82 km/h, dir=179.99°
2026-02-07 14:14:49,464 - INFO - Vehicle B updated: 12.949067, 77.594600, speed=124763.59 km/h, dir=0.00°
2026-02-07 14:14:50,260 - INFO - Vehicle B updated: 12.884090, 77.594597, speed=32660.84 km/h, dir=180.00°
2026-02-07 14:14:50,270 - INFO - Vehicle A updated: 13.051184, 77.594599, speed=26191.12 km/h, dir=360.00°
2026-02-07 14:14:50,394 - INFO - Vehicle A updated: 12.993826, 77.594598, speed=185291.68 km/h, dir=180.00°
2026-02-07 14:14:50,468 - INFO - Vehicle B updated: 12.948950, 77.594601, speed=125021.30 km/h, dir=0.00°
2026-02-07 14:14:51,260 - INFO - Vehicle B updated: 12.883972, 77.594597, speed=32834.42 km/h, dir=180.00°
2026-02-07 14:14:51,270 - INFO - Vehicle A updated: 13.051282, 77.594603, speed=26247.09 km/h, dir=0.00°
2026-02-07 14:14:51,399 - INFO - Vehicle A updated: 12.993923, 77.594598, speed=178483.78 km/h, dir=180.01°
2026-02-07 14:14:51,470 - INFO - Vehicle B updated: 12.948842, 77.594601, speed=123872.61 km/h, dir=0.00°
2026-02-07 14:14:52,264 - INFO - Vehicle B updated: 12.883857, 77.594604, speed=32752.48 km/h, dir=180.00°
2026-02-07 14:14:52,271 - INFO - Vehicle A updated: 13.051385, 77.594600, speed=26365.94 km/h, dir=0.00°
2026-02-07 14:14:52,403 - INFO - Vehicle A updated: 12.994021, 77.594596, speed=174003.60 km/h, dir=180.00°
2026-02-07 14:14:52,472 - INFO - Vehicle B updated: 12.948729, 77.594604, speed=124857.81 km/h, dir=360.00°
2026-02-07 14:14:53,266 - INFO - Vehicle B updated: 12.883745, 77.594600, speed=32761.03 km/h, dir=180.00°
2026-02-07 14:14:53,274 - INFO - Vehicle A updated: 13.051477, 77.594597, speed=26392.39 km/h, dir=0.00°
2026-02-07 14:14:53,402 - INFO - Vehicle A updated: 12.994125, 77.594597, speed=179425.32 km/h, dir=180.00°
2026-02-07 14:14:53,474 - INFO - Vehicle B updated: 12.948618, 77.594598, speed=124794.44 km/h, dir=360.00°
2026-02-07 14:14:54,270 - INFO - Vehicle B updated: 12.883635, 77.594597, speed=32710.04 km/h, dir=180.00°
2026-02-07 14:14:54,275 - INFO - Vehicle A updated: 13.051579, 77.594599, speed=26347.65 km/h, dir=0.00°
2026-02-07 14:14:54,404 - INFO - Vehicle A updated: 12.994223, 77.594601, speed=178129.11 km/h, dir=180.00°
2026-02-07 14:14:54,477 - INFO - Vehicle B updated: 12.948499, 77.594605, speed=125328.94 km/h, dir=0.01°
2026-02-07 14:14:55,269 - INFO - Vehicle B updated: 12.883520, 77.594601, speed=32816.32 km/h, dir=180.00°
2026-02-07 14:14:55,279 - INFO - Vehicle A updated: 13.051681, 77.594599, speed=26282.12 km/h, dir=360.00°
2026-02-07 14:14:55,409 - INFO - Vehicle A updated: 12.994318, 77.594603, speed=177565.23 km/h, dir=180.00°
2026-02-07 14:14:55,481 - INFO - Vehicle B updated: 12.948387, 77.594603, speed=123295.38 km/h, dir=0.00°
2026-02-07 14:14:56,271 - INFO - Vehicle B updated: 12.883414, 77.594603, speed=32893.79 km/h, dir=180.00°
2026-02-07 14:14:56,280 - INFO - Vehicle A updated: 13.051782, 77.594604, speed=26388.47 km/h, dir=0.00°
2026-02-07 14:14:56,409 - INFO - Vehicle A updated: 12.994424, 77.594599, speed=179191.52 km/h, dir=180.00°
2026-02-07 14:14:56,480 - INFO - Vehicle B updated: 12.948276, 77.594602, speed=124042.09 km/h, dir=360.00°
2026-02-07 14:14:57,276 - INFO - Vehicle B updated: 12.883300, 77.594600, speed=32676.41 km/h, dir=180.00°
2026-02-07 14:14:57,288 - INFO - Vehicle A updated: 13.051882, 77.594597, speed=26162.56 km/h, dir=360.00°
2026-02-07 14:14:57,415 - INFO - Vehicle A updated: 12.994525, 77.594599, speed=180831.47 km/h, dir=180.00°
2026-02-07 14:14:57,486 - INFO - Vehicle B updated: 12.948158, 77.594598, speed=123689.33 km/h, dir=360.00°
2026-02-07 14:14:58,278 - INFO - Vehicle B updated: 12.883187, 77.594598, speed=32910.43 km/h, dir=180.00°
2026-02-07 14:14:58,290 - INFO - Vehicle A updated: 13.051979, 77.594597, speed=26288.02 km/h, dir=360.00°
2026-02-07 14:14:58,418 - INFO - Vehicle A updated: 12.994618, 77.594600, speed=179405.27 km/h, dir=180.00°
2026-02-07 14:14:58,490 - INFO - Vehicle B updated: 12.948049, 77.594603, speed=121677.89 km/h, dir=0.00°
2026-02-07 14:14:59,283 - INFO - Vehicle B updated: 12.883074, 77.594601, speed=32786.90 km/h, dir=180.00°
2026-02-07 14:14:59,297 - INFO - Vehicle A updated: 13.052081, 77.594603, speed=26165.34 km/h, dir=0.00°
2026-02-07 14:14:59,422 - INFO - Vehicle A updated: 12.994723, 77.594595, speed=182925.91 km/h, dir=180.01°
2026-02-07 14:14:59,496 - INFO - Vehicle B updated: 12.947940, 77.594597, speed=121991.55 km/h, dir=360.00°
2026-02-07 14:15:00,285 - INFO - Vehicle B updated: 12.882958, 77.594600, speed=32958.73 km/h, dir=180.00°
2026-02-07 14:15:00,298 - INFO - Vehicle A updated: 13.052176, 77.594603, speed=26260.46 km/h, dir=0.01°
2026-02-07 14:15:00,425 - INFO - Vehicle A updated: 12.994828, 77.594604, speed=180430.68 km/h, dir=180.00°
2026-02-07 14:15:00,498 - INFO - Vehicle B updated: 12.947820, 77.594604, speed=121887.57 km/h, dir=0.00°
2026-02-07 14:15:01,288 - INFO - Vehicle B updated: 12.882852, 77.594597, speed=32925.22 km/h, dir=180.01°
2026-02-07 14:15:01,303 - INFO - Vehicle A updated: 13.052285, 77.594603, speed=26194.69 km/h, dir=360.00°
2026-02-07 14:15:01,437 - INFO - Vehicle A updated: 12.994923, 77.594595, speed=171480.23 km/h, dir=180.01°
2026-02-07 14:15:01,501 - INFO - Vehicle B updated: 12.947711, 77.594597, speed=121995.91 km/h, dir=360.00°
2026-02-07 14:15:02,290 - INFO - Vehicle B updated: 12.882731, 77.594602, speed=32954.35 km/h, dir=180.00°
2026-02-07 14:15:02,306 - INFO - Vehicle A updated: 13.052384, 77.594603, speed=26485.92 km/h, dir=0.01°
2026-02-07 14:15:02,437 - INFO - Vehicle A updated: 12.995027, 77.594598, speed=174918.49 km/h, dir=180.00°
2026-02-07 14:15:02,501 - INFO - Vehicle B updated: 12.947597, 77.594600, speed=122896.73 km/h, dir=360.00°
2026-02-07 14:15:03,293 - INFO - Vehicle B updated: 12.882622, 77.594598, speed=32857.71 km/h, dir=180.00°
2026-02-07 14:15:03,308 - INFO - Vehicle A updated: 13.052482, 77.594603, speed=26393.31 km/h, dir=0.00°
2026-02-07 14:15:03,440 - INFO - Vehicle A updated: 12.995128, 77.594601, speed=177024.62 km/h, dir=180.00°
2026-02-07 14:15:03,505 - INFO - Vehicle B updated: 12.947484, 77.594603, speed=122232.63 km/h, dir=0.00°
2026-02-07 14:15:04,292 - INFO - Vehicle B updated: 12.882509, 77.594599, speed=33042.57 km/h, dir=180.00°
2026-02-07 14:15:04,311 - INFO - Vehicle A updated: 13.052580, 77.594602, speed=26388.32 km/h, dir=0.00°
2026-02-07 14:15:04,442 - INFO - Vehicle A updated: 12.995224, 77.594597, speed=173607.45 km/h, dir=180.00°
2026-02-07 14:15:04,509 - INFO - Vehicle B updated: 12.947372, 77.594596, speed=119617.07 km/h, dir=360.00°
2026-02-07 14:15:05,294 - INFO - Vehicle B updated: 12.882395, 77.594598, speed=33134.69 km/h, dir=180.00°
2026-02-07 14:15:05,311 - INFO - Vehicle A updated: 13.052677, 77.594597, speed=26442.19 km/h, dir=360.00°
2026-02-07 14:15:05,441 - INFO - Vehicle A updated: 12.995328, 77.594597, speed=176778.54 km/h, dir=180.00°
2026-02-07 14:15:05,513 - INFO - Vehicle B updated: 12.947263, 77.594596, speed=118686.55 km/h, dir=360.00°
2026-02-07 14:15:06,298 - INFO - Vehicle B updated: 12.882287, 77.594598, speed=33145.06 km/h, dir=180.00°
2026-02-07 14:15:06,317 - INFO - Vehicle A updated: 13.052786, 77.594602, speed=26264.00 km/h, dir=0.00°
2026-02-07 14:15:06,443 - INFO - Vehicle A updated: 12.995425, 77.594601, speed=181800.13 km/h, dir=180.00°
2026-02-07 14:15:06,513 - INFO - Vehicle B updated: 12.947147, 77.594600, speed=120698.51 km/h, dir=0.00°
2026-02-07 14:15:07,300 - INFO - Vehicle B updated: 12.882172, 77.594599, speed=33047.97 km/h, dir=180.00°
2026-02-07 14:15:07,317 - INFO - Vehicle A updated: 13.052877, 77.594601, speed=26395.79 km/h, dir=360.00°
2026-02-07 14:15:07,445 - INFO - Vehicle A updated: 12.995522, 77.594595, speed=175963.19 km/h, dir=180.01°
2026-02-07 14:15:07,515 - INFO - Vehicle B updated: 12.947037, 77.594601, speed=120844.36 km/h, dir=0.00°
2026-02-07 14:15:08,301 - INFO - Vehicle B updated: 12.882060, 77.594598, speed=33096.68 km/h, dir=180.00°
2026-02-07 14:15:08,317 - INFO - Vehicle A updated: 13.052982, 77.594601, speed=26389.80 km/h, dir=0.01°
2026-02-07 14:15:08,448 - INFO - Vehicle A updated: 12.995623, 77.594601, speed=175214.84 km/h, dir=180.00°
2026-02-07 14:15:08,517 - INFO - Vehicle B updated: 12.946926, 77.594603, speed=119857.86 km/h, dir=0.00°
2026-02-07 14:15:09,307 - INFO - Vehicle B updated: 12.881942, 77.594596, speed=32936.77 km/h, dir=180.01°
2026-02-07 14:15:09,325 - INFO - Vehicle A updated: 13.053085, 77.594602, speed=26207.95 km/h, dir=0.00°
2026-02-07 14:15:09,453 - INFO - Vehicle A updated: 12.995725, 77.594604, speed=179738.83 km/h, dir=180.00°
2026-02-07 14:15:09,520 - INFO - Vehicle B updated: 12.946815, 77.594601, speed=122225.12 km/h, dir=0.00°
2026-02-07 14:15:10,311 - INFO - Vehicle B updated: 12.881838, 77.594603, speed=32877.70 km/h, dir=180.00°
2026-02-07 14:15:10,341 - INFO - Vehicle A updated: 13.053186, 77.594596, speed=25933.18 km/h, dir=359.99°
2026-02-07 14:15:10,455 - INFO - Vehicle A updated: 12.995823, 77.594597, speed=199570.20 km/h, dir=180.00°
2026-02-07 14:15:10,524 - INFO - Vehicle B updated: 12.946699, 77.594604, speed=121977.73 km/h, dir=0.00°
2026-02-07 14:15:11,314 - INFO - Vehicle B updated: 12.881723, 77.594603, speed=32928.57 km/h, dir=180.00°
2026-02-07 14:15:11,344 - INFO - Vehicle A updated: 13.053279, 77.594599, speed=25876.41 km/h, dir=0.00°
2026-02-07 14:15:11,456 - INFO - Vehicle A updated: 12.995927, 77.594596, speed=205047.46 km/h, dir=180.00°
2026-02-07 14:15:11,525 - INFO - Vehicle B updated: 12.946587, 77.594598, speed=122975.52 km/h, dir=360.00°
2026-02-07 14:15:12,316 - INFO - Vehicle B updated: 12.881613, 77.594596, speed=32886.85 km/h, dir=180.00°
2026-02-07 14:15:12,346 - INFO - Vehicle A updated: 13.053384, 77.594605, speed=25831.44 km/h, dir=0.01°
2026-02-07 14:15:12,458 - INFO - Vehicle A updated: 12.996023, 77.594599, speed=206285.97 km/h, dir=180.01°
2026-02-07 14:15:12,527 - INFO - Vehicle B updated: 12.946472, 77.594602, speed=123021.99 km/h, dir=0.01°
2026-02-07 14:15:13,318 - INFO - Vehicle B updated: 12.881495, 77.594602, speed=32884.60 km/h, dir=180.00°
2026-02-07 14:15:13,346 - INFO - Vehicle A updated: 13.053478, 77.594605, speed=25881.63 km/h, dir=0.01°
2026-02-07 14:15:13,459 - INFO - Vehicle A updated: 12.996129, 77.594600, speed=203246.41 km/h, dir=180.00°
2026-02-07 14:15:13,529 - INFO - Vehicle B updated: 12.946358, 77.594599, speed=122885.32 km/h, dir=360.00°
2026-02-07 14:15:14,329 - INFO - Vehicle B updated: 12.881381, 77.594602, speed=32516.34 km/h, dir=180.00°
2026-02-07 14:15:14,353 - INFO - Vehicle A updated: 13.053578, 77.594598, speed=25737.98 km/h, dir=360.00°
2026-02-07 14:15:14,468 - INFO - Vehicle A updated: 12.996225, 77.594597, speed=199091.72 km/h, dir=180.00°
2026-02-07 14:15:14,545 - INFO - Vehicle B updated: 12.946248, 77.594597, speed=120325.22 km/h, dir=360.00°
2026-02-07 14:15:15,331 - INFO - Vehicle B updated: 12.881274, 77.594597, speed=33084.65 km/h, dir=180.00°
2026-02-07 14:15:15,355 - INFO - Vehicle A updated: 13.053678, 77.594599, speed=25934.51 km/h, dir=0.00°
2026-02-07 14:15:15,469 - INFO - Vehicle A updated: 12.996327, 77.594598, speed=200943.05 km/h, dir=180.00°
2026-02-07 14:15:15,548 - INFO - Vehicle B updated: 12.946141, 77.594600, speed=119735.84 km/h, dir=0.00°
2026-02-07 14:15:16,352 - INFO - Vehicle B updated: 12.881158, 77.594602, speed=32330.20 km/h, dir=180.00°
2026-02-07 14:15:16,356 - INFO - Vehicle A updated: 13.053783, 77.594601, speed=25941.68 km/h, dir=0.00°
2026-02-07 14:15:16,473 - INFO - Vehicle A updated: 12.996427, 77.594604, speed=196508.80 km/h, dir=180.00°
2026-02-07 14:15:16,553 - INFO - Vehicle B updated: 12.946023, 77.594605, speed=129438.95 km/h, dir=0.00°
2026-02-07 14:15:17,357 - INFO - Vehicle B updated: 12.881050, 77.594604, speed=32328.50 km/h, dir=180.00°
2026-02-07 14:15:17,368 - INFO - Vehicle A updated: 13.053878, 77.594600, speed=25755.87 km/h, dir=360.00°
2026-02-07 14:15:17,476 - INFO - Vehicle A updated: 12.996525, 77.594603, speed=208136.60 km/h, dir=180.00°
2026-02-07 14:15:17,555 - INFO - Vehicle B updated: 12.945911, 77.594602, speed=131530.42 km/h, dir=360.00°
2026-02-07 14:15:18,361 - INFO - Vehicle B updated: 12.880929, 77.594600, speed=32251.30 km/h, dir=180.00°
2026-02-07 14:15:18,373 - INFO - Vehicle A updated: 13.053983, 77.594604, speed=25648.17 km/h, dir=0.00°
2026-02-07 14:15:18,479 - INFO - Vehicle A updated: 12.996623, 77.594599, speed=216557.30 km/h, dir=180.01°
2026-02-07 14:15:18,559 - INFO - Vehicle B updated: 12.945795, 77.594602, speed=131426.77 km/h, dir=0.00°
2026-02-07 14:15:19,364 - INFO - Vehicle B updated: 12.880820, 77.594596, speed=32308.40 km/h, dir=180.00°
2026-02-07 14:15:19,374 - INFO - Vehicle A updated: 13.054081, 77.594602, speed=25701.95 km/h, dir=0.00°
2026-02-07 14:15:19,482 - INFO - Vehicle A updated: 12.996727, 77.594602, speed=211215.20 km/h, dir=180.00°
2026-02-07 14:15:19,563 - INFO - Vehicle B updated: 12.945686, 77.594595, speed=130658.02 km/h, dir=360.00°
2026-02-07 14:15:20,363 - INFO - Vehicle B updated: 12.880707, 77.594600, speed=32493.08 km/h, dir=180.00°
2026-02-07 14:15:20,374 - INFO - Vehicle A updated: 13.054186, 77.594598, speed=25791.88 km/h, dir=360.00°
2026-02-07 14:15:20,482 - INFO - Vehicle A updated: 12.996824, 77.594597, speed=212316.69 km/h, dir=180.00°
2026-02-07 14:15:20,565 - INFO - Vehicle B updated: 12.945575, 77.594602, speed=128837.73 km/h, dir=0.00°
2026-02-07 14:15:21,394 - INFO - Vehicle A updated: 13.054282, 77.594596, speed=25237.29 km/h, dir=360.00°
2026-02-07 14:15:21,395 - INFO - Vehicle B updated: 12.880593, 77.594602, speed=31322.41 km/h, dir=180.00°
2026-02-07 14:15:21,483 - INFO - Vehicle A updated: 12.996924, 77.594604, speed=256625.08 km/h, dir=179.99°
2026-02-07 14:15:21,566 - INFO - Vehicle B updated: 12.945457, 77.594596, speed=151857.71 km/h, dir=359.99°
2026-02-07 14:15:22,398 - INFO - Vehicle B updated: 12.880483, 77.594602, speed=31268.23 km/h, dir=179.99°
2026-02-07 14:15:22,401 - INFO - Vehicle A updated: 13.054381, 77.594603, speed=25054.36 km/h, dir=360.00°
2026-02-07 14:15:22,511 - INFO - Vehicle A updated: 12.997021, 77.594599, speed=208593.43 km/h, dir=180.00°
2026-02-07 14:15:22,566 - INFO - Vehicle B updated: 12.945345, 77.594600, speed=154435.85 km/h, dir=360.00°
2026-02-07 14:15:23,401 - INFO - Vehicle B updated: 12.880373, 77.594602, speed=31167.52 km/h, dir=180.00°
2026-02-07 14:15:23,402 - INFO - Vehicle A updated: 13.054484, 77.594603, speed=25830.49 km/h, dir=0.00°
2026-02-07 14:15:23,513 - INFO - Vehicle A updated: 12.997127, 77.594602, speed=205220.10 km/h, dir=180.00°
2026-02-07 14:15:23,601 - INFO - Vehicle B updated: 12.945235, 77.594599, speed=129569.83 km/h, dir=360.00°
2026-02-07 14:15:24,406 - INFO - Vehicle A updated: 13.054587, 77.594600, speed=25763.73 km/h, dir=360.00°
2026-02-07 14:15:24,406 - INFO - Vehicle B updated: 12.880258, 77.594597, speed=32298.69 km/h, dir=180.00°
2026-02-07 14:15:24,517 - INFO - Vehicle A updated: 12.997226, 77.594601, speed=207463.48 km/h, dir=180.00°
2026-02-07 14:15:24,604 - INFO - Vehicle B updated: 12.945125, 77.594596, speed=131576.78 km/h, dir=360.00°
2026-02-07 14:15:25,412 - INFO - Vehicle B updated: 12.880146, 77.594596, speed=32180.26 km/h, dir=180.00°
2026-02-07 14:15:25,413 - INFO - Vehicle A updated: 13.054688, 77.594604, speed=25671.40 km/h, dir=0.00°
2026-02-07 14:15:25,520 - INFO - Vehicle A updated: 12.997323, 77.594599, speed=213693.48 km/h, dir=180.00°
2026-02-07 14:15:25,606 - INFO - Vehicle B updated: 12.945006, 77.594596, speed=133800.30 km/h, dir=360.00°
2026-02-07 14:15:26,413 - INFO - Vehicle B updated: 12.880037, 77.594595, speed=32218.51 km/h, dir=180.00°
2026-02-07 14:15:26,422 - INFO - Vehicle A updated: 13.054783, 77.594597, speed=25499.60 km/h, dir=360.00°
2026-02-07 14:15:26,548 - INFO - Vehicle A updated: 12.997429, 77.594603, speed=182828.92 km/h, dir=179.99°
2026-02-07 14:15:26,609 - INFO - Vehicle B updated: 12.944893, 77.594600, speed=132920.24 km/h, dir=0.00°
2026-02-07 14:15:27,413 - INFO - Vehicle B updated: 12.879921, 77.594599, speed=32318.36 km/h, dir=180.00°
2026-02-07 14:15:27,421 - INFO - Vehicle A updated: 13.054884, 77.594603, speed=26347.48 km/h, dir=360.00°
2026-02-07 14:15:27,557 - INFO - Vehicle A updated: 12.997525, 77.594603, speed=169084.93 km/h, dir=180.00°
2026-02-07 14:15:27,611 - INFO - Vehicle B updated: 12.944781, 77.594597, speed=131221.04 km/h, dir=360.00°
2026-02-07 14:15:28,419 - INFO - Vehicle B updated: 12.879807, 77.594599, speed=32208.55 km/h, dir=180.00°
2026-02-07 14:15:28,426 - INFO - Vehicle A updated: 13.054988, 77.594603, speed=26465.00 km/h, dir=360.00°
2026-02-07 14:15:28,559 - INFO - Vehicle A updated: 12.997626, 77.594603, speed=172918.70 km/h, dir=180.00°
2026-02-07 14:15:28,614 - INFO - Vehicle B updated: 12.944669, 77.594603, speed=133235.08 km/h, dir=0.00°
2026-02-07 14:15:29,423 - INFO - Vehicle B updated: 12.879697, 77.594596, speed=32140.35 km/h, dir=180.01°
2026-02-07 14:15:29,431 - INFO - Vehicle A updated: 13.055082, 77.594602, speed=26355.04 km/h, dir=360.00°
2026-02-07 14:15:29,562 - INFO - Vehicle A updated: 12.997728, 77.594596, speed=176422.44 km/h, dir=180.01°
2026-02-07 14:15:29,617 - INFO - Vehicle B updated: 12.944556, 77.594601, speed=134828.70 km/h, dir=0.00°
2026-02-07 14:15:30,426 - INFO - Vehicle B updated: 12.879585, 77.594602, speed=32101.41 km/h, dir=180.00°
2026-02-07 14:15:30,437 - INFO - Vehicle A updated: 13.055186, 77.594603, speed=26265.16 km/h, dir=0.01°
2026-02-07 14:15:30,562 - INFO - Vehicle A updated: 12.997829, 77.594602, speed=183788.19 km/h, dir=180.00°
2026-02-07 14:15:30,615 - INFO - Vehicle B updated: 12.944450, 77.594601, speed=136664.86 km/h, dir=360.00°
2026-02-07 14:15:31,425 - INFO - Vehicle B updated: 12.879470, 77.594601, speed=32117.34 km/h, dir=180.00°
2026-02-07 14:15:31,439 - INFO - Vehicle A updated: 13.055281, 77.594597, speed=26285.20 km/h, dir=360.00°
2026-02-07 14:15:31,566 - INFO - Vehicle A updated: 12.997924, 77.594601, speed=177727.62 km/h, dir=180.00°
2026-02-07 14:15:31,617 - INFO - Vehicle B updated: 12.944331, 77.594598, speed=135222.10 km/h, dir=360.00°
2026-02-07 14:15:32,431 - INFO - Vehicle B updated: 12.879356, 77.594597, speed=31995.40 km/h, dir=180.00°
2026-02-07 14:15:32,441 - INFO - Vehicle A updated: 13.055380, 77.594603, speed=26281.15 km/h, dir=0.00°
2026-02-07 14:15:32,576 - INFO - Vehicle A updated: 12.998026, 77.594604, speed=170687.20 km/h, dir=180.00°
2026-02-07 14:15:32,627 - INFO - Vehicle B updated: 12.944221, 77.594598, speed=132425.21 km/h, dir=0.00°
2026-02-07 14:15:33,433 - INFO - Vehicle B updated: 12.879248, 77.594597, speed=32249.97 km/h, dir=180.00°
2026-02-07 14:15:33,442 - INFO - Vehicle A updated: 13.055488, 77.594596, speed=26561.77 km/h, dir=359.99°
2026-02-07 14:15:33,579 - INFO - Vehicle A updated: 12.998131, 77.594600, speed=168261.99 km/h, dir=180.00°
2026-02-07 14:15:33,628 - INFO - Vehicle B updated: 12.944113, 77.594601, speed=132762.59 km/h, dir=0.00°
2026-02-07 14:15:34,436 - INFO - Vehicle B updated: 12.879129, 77.594604, speed=32230.60 km/h, dir=180.00°
2026-02-07 14:15:34,447 - INFO - Vehicle A updated: 13.055587, 77.594598, speed=26485.88 km/h, dir=360.00°
2026-02-07 14:15:34,582 - INFO - Vehicle A updated: 12.998222, 77.594602, speed=170124.41 km/h, dir=180.00°
2026-02-07 14:15:34,631 - INFO - Vehicle B updated: 12.944001, 77.594595, speed=132647.97 km/h, dir=359.99°
2026-02-07 14:15:35,437 - INFO - Vehicle B updated: 12.879021, 77.594597, speed=32270.97 km/h, dir=180.00°
2026-02-07 14:15:35,449 - INFO - Vehicle A updated: 13.055685, 77.594604, speed=26595.03 km/h, dir=0.00°
2026-02-07 14:15:35,583 - INFO - Vehicle A updated: 12.998328, 77.594601, speed=168090.80 km/h, dir=180.00°
2026-02-07 14:15:35,631 - INFO - Vehicle B updated: 12.943885, 77.594600, speed=133918.23 km/h, dir=0.00°
2026-02-07 14:15:36,443 - INFO - Vehicle B updated: 12.878903, 77.594597, speed=32036.05 km/h, dir=180.00°
2026-02-07 14:15:36,454 - INFO - Vehicle A updated: 13.055785, 77.594598, speed=26402.46 km/h, dir=360.00°
2026-02-07 14:15:36,589 - INFO - Vehicle A updated: 12.998425, 77.594603, speed=170168.86 km/h, dir=179.99°
2026-02-07 14:15:36,636 - INFO - Vehicle B updated: 12.943774, 77.594598, speed=134723.40 km/h, dir=0.00°
2026-02-07 14:15:37,443 - INFO - Vehicle B updated: 12.878791, 77.594604, speed=32220.72 km/h, dir=179.99°
2026-02-07 14:15:37,454 - INFO - Vehicle A updated: 13.055884, 77.594602, speed=26605.65 km/h, dir=360.00°
2026-02-07 14:15:37,592 - INFO - Vehicle A updated: 12.998526, 77.594605, speed=166552.53 km/h, dir=180.00°
2026-02-07 14:15:37,640 - INFO - Vehicle B updated: 12.943660, 77.594600, speed=131832.22 km/h, dir=360.00°
2026-02-07 14:15:38,448 - INFO - Vehicle B updated: 12.878682, 77.594597, speed=32322.88 km/h, dir=180.00°
2026-02-07 14:15:38,459 - INFO - Vehicle A updated: 13.055989, 77.594595, speed=26529.04 km/h, dir=359.99°
2026-02-07 14:15:38,591 - INFO - Vehicle A updated: 12.998628, 77.594604, speed=173699.08 km/h, dir=179.99°
2026-02-07 14:15:38,646 - INFO - Vehicle B updated: 12.943549, 77.594600, speed=129117.76 km/h, dir=0.00°
2026-02-07 14:15:39,449 - INFO - Vehicle B updated: 12.878565, 77.594599, speed=32396.65 km/h, dir=180.00°
2026-02-07 14:15:39,460 - INFO - Vehicle A updated: 13.056089, 77.594600, speed=26467.54 km/h, dir=360.00°
2026-02-07 14:15:39,596 - INFO - Vehicle A updated: 12.998729, 77.594597, speed=169102.13 km/h, dir=180.00°
2026-02-07 14:15:39,652 - INFO - Vehicle B updated: 12.943436, 77.594598, speed=130115.17 km/h, dir=360.00°
2026-02-07 14:15:40,450 - INFO - Vehicle B updated: 12.878456, 77.594600, speed=32447.03 km/h, dir=180.00°
2026-02-07 14:15:40,463 - INFO - Vehicle A updated: 13.056186, 77.594596, speed=26531.39 km/h, dir=360.00°
2026-02-07 14:15:40,605 - INFO - Vehicle A updated: 12.998829, 77.594605, speed=161083.38 km/h, dir=179.99°
2026-02-07 14:15:40,653 - INFO - Vehicle B updated: 12.943324, 77.594602, speed=127888.82 km/h, dir=0.00°
2026-02-07 14:15:41,453 - INFO - Vehicle B updated: 12.878345, 77.594597, speed=32597.58 km/h, dir=180.00°
2026-02-07 14:15:41,466 - INFO - Vehicle A updated: 13.056282, 77.594603, speed=26705.98 km/h, dir=360.00°
2026-02-07 14:15:41,607 - INFO - Vehicle A updated: 12.998931, 77.594602, speed=163505.28 km/h, dir=180.00°
2026-02-07 14:15:41,659 - INFO - Vehicle B updated: 12.943209, 77.594605, speed=124995.02 km/h, dir=0.01°
2026-02-07 14:15:42,456 - INFO - Vehicle B updated: 12.878232, 77.594602, speed=32646.12 km/h, dir=180.00°
2026-02-07 14:15:42,473 - INFO - Vehicle A updated: 13.056387, 77.594601, speed=26602.89 km/h, dir=360.00°
2026-02-07 14:15:42,612 - INFO - Vehicle A updated: 12.999027, 77.594595, speed=163797.52 km/h, dir=180.01°
2026-02-07 14:15:42,668 - INFO - Vehicle B updated: 12.943100, 77.594596, speed=122486.22 km/h, dir=360.00°
2026-02-07 14:15:43,459 - INFO - Vehicle B updated: 12.878119, 77.594599, speed=32890.63 km/h, dir=180.00°
2026-02-07 14:15:43,476 - INFO - Vehicle A updated: 13.056485, 77.594600, speed=26605.31 km/h, dir=0.00°
2026-02-07 14:15:43,611 - INFO - Vehicle A updated: 12.999131, 77.594604, speed=169678.42 km/h, dir=180.00°
2026-02-07 14:15:43,673 - INFO - Vehicle B updated: 12.942986, 77.594596, speed=120901.76 km/h, dir=360.00°
2026-02-07 14:15:44,461 - INFO - Vehicle B updated: 12.878004, 77.594597, speed=33016.04 km/h, dir=180.00°
2026-02-07 14:15:44,479 - INFO - Vehicle A updated: 13.056583, 77.594600, speed=26510.74 km/h, dir=360.00°
2026-02-07 14:15:44,616 - INFO - Vehicle A updated: 12.999231, 77.594600, speed=167494.24 km/h, dir=180.00°
2026-02-07 14:15:44,679 - INFO - Vehicle B updated: 12.942867, 77.594599, speed=119373.78 km/h, dir=0.00°
2026-02-07 14:15:45,465 - INFO - Vehicle B updated: 12.877893, 77.594600, speed=33064.17 km/h, dir=180.00°
2026-02-07 14:15:45,479 - INFO - Vehicle A updated: 13.056688, 77.594605, speed=26650.98 km/h, dir=0.00°
2026-02-07 14:15:45,618 - INFO - Vehicle A updated: 12.999329, 77.594599, speed=164907.82 km/h, dir=180.01°
2026-02-07 14:15:45,682 - INFO - Vehicle B updated: 12.942757, 77.594603, speed=119912.41 km/h, dir=0.00°
2026-02-07 14:15:46,465 - INFO - Vehicle B updated: 12.877781, 77.594597, speed=33215.04 km/h, dir=180.01°
2026-02-07 14:15:46,481 - INFO - Vehicle A updated: 13.056785, 77.594601, speed=26659.74 km/h, dir=0.00°
2026-02-07 14:15:46,618 - INFO - Vehicle A updated: 12.999430, 77.594604, speed=167352.73 km/h, dir=180.00°
2026-02-07 14:15:46,683 - INFO - Vehicle B updated: 12.942649, 77.594599, speed=118950.11 km/h, dir=0.00°
2026-02-07 14:15:47,488 - INFO - Vehicle B updated: 12.877665, 77.594604, speed=32310.49 km/h, dir=180.00°
2026-02-07 14:15:47,492 - INFO - Vehicle A updated: 13.056887, 77.594601, speed=26325.82 km/h, dir=360.00°
2026-02-07 14:15:47,620 - INFO - Vehicle A updated: 12.999526, 77.594599, speed=178917.57 km/h, dir=180.00°
2026-02-07 14:15:47,685 - INFO - Vehicle B updated: 12.942530, 77.594598, speed=132041.75 km/h, dir=359.99°
2026-02-07 14:15:48,487 - INFO - Vehicle B updated: 12.877558, 77.594600, speed=32447.92 km/h, dir=180.00°
2026-02-07 14:15:48,496 - INFO - Vehicle A updated: 13.056984, 77.594604, speed=26270.79 km/h, dir=0.00°
2026-02-07 14:15:48,626 - INFO - Vehicle A updated: 12.999625, 77.594603, speed=176728.24 km/h, dir=180.00°
2026-02-07 14:15:48,690 - INFO - Vehicle B updated: 12.942419, 77.594598, speed=127592.25 km/h, dir=360.00°
2026-02-07 14:15:49,493 - INFO - Vehicle B updated: 12.877441, 77.594602, speed=32415.69 km/h, dir=180.00°
2026-02-07 14:15:49,507 - INFO - Vehicle A updated: 13.057086, 77.594602, speed=26104.48 km/h, dir=360.00°
2026-02-07 14:15:49,628 - INFO - Vehicle A updated: 12.999733, 77.594603, speed=189470.81 km/h, dir=180.00°
2026-02-07 14:15:49,692 - INFO - Vehicle B updated: 12.942311, 77.594597, speed=130471.80 km/h, dir=360.00°
2026-02-07 14:15:50,493 - INFO - Vehicle B updated: 12.877325, 77.594603, speed=32476.48 km/h, dir=179.99°
2026-02-07 14:15:50,505 - INFO - Vehicle A updated: 13.057186, 77.594603, speed=26222.49 km/h, dir=0.00°
2026-02-07 14:15:50,629 - INFO - Vehicle A updated: 12.999828, 77.594602, speed=184688.95 km/h, dir=180.00°
2026-02-07 14:15:50,800 - INFO - Vehicle B updated: 12.942196, 77.594603, speed=84570.40 km/h, dir=360.00°
2026-02-07 14:15:51,494 - INFO - Vehicle B updated: 12.877219, 77.594601, speed=37479.72 km/h, dir=180.00°
2026-02-07 14:15:51,506 - INFO - Vehicle A updated: 13.057287, 77.594602, speed=26225.07 km/h, dir=0.00°
2026-02-07 14:15:51,629 - INFO - Vehicle A updated: 12.999924, 77.594598, speed=186983.39 km/h, dir=180.00°
2026-02-07 14:15:51,804 - INFO - Vehicle B updated: 12.942086, 77.594603, speed=83609.63 km/h, dir=0.00°
2026-02-07 14:15:52,496 - INFO - Vehicle B updated: 12.877108, 77.594599, speed=37601.80 km/h, dir=180.00°
2026-02-07 14:15:52,512 - INFO - Vehicle A updated: 13.057386, 77.594604, speed=26047.09 km/h, dir=0.01°
2026-02-07 14:15:52,633 - INFO - Vehicle A updated: 13.000028, 77.594603, speed=190289.26 km/h, dir=180.00°
2026-02-07 14:15:52,806 - INFO - Vehicle B updated: 12.941972, 77.594602, speed=83944.62 km/h, dir=0.00°
2026-02-07 14:15:53,497 - INFO - Vehicle B updated: 12.876990, 77.594600, speed=37580.62 km/h, dir=180.00°
2026-02-07 14:15:53,512 - INFO - Vehicle A updated: 13.057487, 77.594604, speed=26177.44 km/h, dir=0.00°
2026-02-07 14:15:53,637 - INFO - Vehicle A updated: 13.000125, 77.594598, speed=184025.76 km/h, dir=180.01°
2026-02-07 14:15:53,806 - INFO - Vehicle B updated: 12.941860, 77.594600, speed=84030.02 km/h, dir=0.00°
2026-02-07 14:15:54,507 - INFO - Vehicle B updated: 12.876875, 77.594597, speed=37120.06 km/h, dir=180.00°
2026-02-07 14:15:54,513 - INFO - Vehicle A updated: 13.057586, 77.594603, speed=26242.00 km/h, dir=0.00°
2026-02-07 14:15:54,638 - INFO - Vehicle A updated: 13.000229, 77.594603, speed=182969.20 km/h, dir=180.00°
2026-02-07 14:15:54,808 - INFO - Vehicle B updated: 12.941743, 77.594595, speed=86412.16 km/h, dir=360.00°
2026-02-07 14:15:55,509 - INFO - Vehicle B updated: 12.876766, 77.594602, speed=37102.01 km/h, dir=179.99°
2026-02-07 14:15:55,514 - INFO - Vehicle A updated: 13.057691, 77.594600, speed=26260.07 km/h, dir=360.00°
2026-02-07 14:15:55,640 - INFO - Vehicle A updated: 13.000326, 77.594597, speed=181915.77 km/h, dir=180.00°
2026-02-07 14:15:55,809 - INFO - Vehicle B updated: 12.941633, 77.594599, speed=86364.45 km/h, dir=360.00°
2026-02-07 14:15:56,511 - INFO - Vehicle B updated: 12.876659, 77.594602, speed=37082.85 km/h, dir=180.00°
2026-02-07 14:15:56,520 - INFO - Vehicle A updated: 13.057784, 77.594598, speed=26147.51 km/h, dir=0.00°
2026-02-07 14:15:56,645 - INFO - Vehicle A updated: 13.000426, 77.594602, speed=184192.11 km/h, dir=180.00°
2026-02-07 14:15:56,811 - INFO - Vehicle B updated: 12.941521, 77.594595, speed=86360.44 km/h, dir=359.99°
2026-02-07 14:15:57,513 - INFO - Vehicle B updated: 12.876541, 77.594602, speed=37092.30 km/h, dir=179.99°
2026-02-07 14:15:57,523 - INFO - Vehicle A updated: 13.057884, 77.594601, speed=26188.87 km/h, dir=360.00°
2026-02-07 14:15:57,645 - INFO - Vehicle A updated: 13.000532, 77.594597, speed=188861.35 km/h, dir=180.00°
2026-02-07 14:15:57,917 - INFO - Vehicle B updated: 12.941406, 77.594597, speed=64349.98 km/h, dir=360.00°
2026-02-07 14:15:58,515 - INFO - Vehicle B updated: 12.876432, 77.594601, speed=43475.48 km/h, dir=180.00°
2026-02-07 14:15:58,524 - INFO - Vehicle A updated: 13.057987, 77.594596, speed=26148.12 km/h, dir=360.00°
2026-02-07 14:15:58,646 - INFO - Vehicle A updated: 13.000632, 77.594598, speed=188797.61 km/h, dir=180.00°
2026-02-07 14:15:58,913 - INFO - Vehicle B updated: 12.941293, 77.594603, speed=65112.05 km/h, dir=0.00°
2026-02-07 14:15:59,517 - INFO - Vehicle B updated: 12.876315, 77.594603, speed=43103.19 km/h, dir=180.00°
2026-02-07 14:15:59,524 - INFO - Vehicle A updated: 13.058084, 77.594600, speed=26191.90 km/h, dir=0.00°
2026-02-07 14:15:59,647 - INFO - Vehicle A updated: 13.000731, 77.594597, speed=187157.38 km/h, dir=180.00°
2026-02-07 14:15:59,914 - INFO - Vehicle B updated: 12.941182, 77.594603, speed=65391.99 km/h, dir=0.00°
2026-02-07 14:16:00,518 - INFO - Vehicle B updated: 12.876206, 77.594597, speed=43074.81 km/h, dir=180.01°
2026-02-07 14:16:00,526 - INFO - Vehicle A updated: 13.058190, 77.594603, speed=26155.64 km/h, dir=0.01°
2026-02-07 14:16:00,647 - INFO - Vehicle A updated: 13.000830, 77.594598, speed=189393.94 km/h, dir=180.01°
2026-02-07 14:16:00,917 - INFO - Vehicle B updated: 12.941064, 77.594600, speed=65064.42 km/h, dir=0.00°
2026-02-07 14:16:01,518 - INFO - Vehicle B updated: 12.876093, 77.594605, speed=43250.80 km/h, dir=180.00°
2026-02-07 14:16:01,526 - INFO - Vehicle A updated: 13.058286, 77.594601, speed=26167.69 km/h, dir=0.00°
2026-02-07 14:16:01,682 - INFO - Vehicle A updated: 13.000931, 77.594602, speed=147060.88 km/h, dir=180.00°
2026-02-07 14:16:01,917 - INFO - Vehicle B updated: 12.940957, 77.594597, speed=65003.92 km/h, dir=359.99°
2026-02-07 14:16:02,522 - INFO - Vehicle B updated: 12.875979, 77.594599, speed=43034.99 km/h, dir=180.00°
2026-02-07 14:16:02,529 - INFO - Vehicle A updated: 13.058384, 77.594597, speed=27159.11 km/h, dir=360.00°
2026-02-07 14:16:02,684 - INFO - Vehicle A updated: 13.001034, 77.594603, speed=147693.74 km/h, dir=179.99°
2026-02-07 14:16:02,917 - INFO - Vehicle B updated: 12.940848, 77.594597, speed=65695.61 km/h, dir=360.00°
2026-02-07 14:16:03,598 - INFO - Vehicle B updated: 12.875869, 77.594602, speed=38189.50 km/h, dir=180.00°
2026-02-07 14:16:03,600 - INFO - Vehicle A updated: 13.058489, 77.594602, speed=25168.78 km/h, dir=360.00°
2026-02-07 14:16:03,686 - INFO - Vehicle A updated: 13.001132, 77.594600, speed=261373.39 km/h, dir=180.00°
2026-02-07 14:16:03,919 - INFO - Vehicle B updated: 12.940726, 77.594600, speed=81034.77 km/h, dir=360.00°
2026-02-07 14:16:04,603 - INFO - Vehicle A updated: 13.058585, 77.594599, speed=25089.72 km/h, dir=360.00°
2026-02-07 14:16:04,607 - INFO - Vehicle B updated: 12.875751, 77.594600, speed=37803.49 km/h, dir=180.00°
2026-02-07 14:16:04,689 - INFO - Vehicle A updated: 13.001231, 77.594597, speed=264721.71 km/h, dir=180.00°
2026-02-07 14:16:04,921 - INFO - Vehicle B updated: 12.940616, 77.594603, speed=82473.11 km/h, dir=0.00°
2026-02-07 14:16:05,605 - INFO - Vehicle A updated: 13.058684, 77.594601, speed=25195.00 km/h, dir=0.00°
2026-02-07 14:16:05,605 - INFO - Vehicle B updated: 12.875639, 77.594599, speed=38063.52 km/h, dir=180.00°
2026-02-07 14:16:05,692 - INFO - Vehicle A updated: 13.001330, 77.594604, speed=256566.06 km/h, dir=180.00°
2026-02-07 14:16:05,927 - INFO - Vehicle B updated: 12.940501, 77.594599, speed=81028.91 km/h, dir=0.00°
2026-02-07 14:16:06,606 - INFO - Vehicle A updated: 13.058790, 77.594597, speed=25164.03 km/h, dir=359.99°
2026-02-07 14:16:06,611 - INFO - Vehicle B updated: 12.875524, 77.594602, speed=37958.28 km/h, dir=180.00°
2026-02-07 14:16:06,693 - INFO - Vehicle A updated: 13.001435, 77.594598, speed=263652.77 km/h, dir=180.00°
2026-02-07 14:16:06,927 - INFO - Vehicle B updated: 12.940396, 77.594598, speed=82151.19 km/h, dir=360.00°
2026-02-07 14:16:07,608 - INFO - Vehicle A updated: 13.058888, 77.594603, speed=25131.44 km/h, dir=0.01°
2026-02-07 14:16:07,612 - INFO - Vehicle B updated: 12.875412, 77.594601, speed=37955.55 km/h, dir=180.00°
2026-02-07 14:16:07,696 - INFO - Vehicle A updated: 13.001529, 77.594601, speed=260486.21 km/h, dir=180.00°
2026-02-07 14:16:07,928 - INFO - Vehicle B updated: 12.940283, 77.594596, speed=82096.00 km/h, dir=360.00°
2026-02-07 14:16:08,610 - INFO - Vehicle A updated: 13.058989, 77.594597, speed=25182.51 km/h, dir=360.00°
2026-02-07 14:16:08,615 - INFO - Vehicle B updated: 12.875302, 77.594598, speed=37883.13 km/h, dir=180.00°
2026-02-07 14:16:08,695 - INFO - Vehicle A updated: 13.001625, 77.594596, speed=267606.73 km/h, dir=180.00°
2026-02-07 14:16:08,936 - INFO - Vehicle B updated: 12.940170, 77.594595, speed=80976.51 km/h, dir=360.00°
2026-02-07 14:16:09,611 - INFO - Vehicle A updated: 13.059085, 77.594602, speed=25136.29 km/h, dir=0.01°
2026-02-07 14:16:09,618 - INFO - Vehicle B updated: 12.875193, 77.594600, speed=38090.92 km/h, dir=180.00°
2026-02-07 14:16:09,697 - INFO - Vehicle A updated: 13.001730, 77.594597, speed=266110.23 km/h, dir=180.00°
2026-02-07 14:16:09,936 - INFO - Vehicle B updated: 12.940058, 77.594603, speed=81778.95 km/h, dir=0.00°
2026-02-07 14:16:10,611 - INFO - Vehicle A updated: 13.059190, 77.594605, speed=25157.50 km/h, dir=0.01°
2026-02-07 14:16:10,621 - INFO - Vehicle B updated: 12.875082, 77.594597, speed=37983.19 km/h, dir=180.00°
2026-02-07 14:16:10,702 - INFO - Vehicle A updated: 13.001828, 77.594604, speed=252335.52 km/h, dir=180.00°
2026-02-07 14:16:10,937 - INFO - Vehicle B updated: 12.939941, 77.594596, speed=81966.95 km/h, dir=360.00°
2026-02-07 14:16:11,614 - INFO - Vehicle A updated: 13.059283, 77.594598, speed=25211.73 km/h, dir=359.99°
2026-02-07 14:16:11,624 - INFO - Vehicle B updated: 12.874961, 77.594597, speed=37888.91 km/h, dir=180.00°
2026-02-07 14:16:11,702 - INFO - Vehicle A updated: 13.001926, 77.594597, speed=262800.69 km/h, dir=180.00°
2026-02-07 14:16:11,940 - INFO - Vehicle B updated: 12.939832, 77.594603, speed=82040.07 km/h, dir=0.00°
2026-02-07 14:16:12,617 - INFO - Vehicle A updated: 13.059386, 77.594599, speed=25127.07 km/h, dir=0.00°
2026-02-07 14:16:12,624 - INFO - Vehicle B updated: 12.874855, 77.594599, speed=38029.89 km/h, dir=180.00°
2026-02-07 14:16:12,703 - INFO - Vehicle A updated: 13.002026, 77.594599, speed=266345.95 km/h, dir=180.00°
2026-02-07 14:16:12,942 - INFO - Vehicle B updated: 12.939713, 77.594602, speed=81737.72 km/h, dir=0.00°
2026-02-07 14:16:13,620 - INFO - Vehicle A updated: 13.059490, 77.594599, speed=25081.69 km/h, dir=0.00°
2026-02-07 14:16:13,626 - INFO - Vehicle B updated: 12.874739, 77.594604, speed=38018.72 km/h, dir=180.00°
2026-02-07 14:16:13,704 - INFO - Vehicle A updated: 13.002126, 77.594596, speed=276021.33 km/h, dir=180.00°
2026-02-07 14:16:13,943 - INFO - Vehicle B updated: 12.939605, 77.594603, speed=81876.03 km/h, dir=360.00°
2026-02-07 14:16:14,621 - INFO - Vehicle A updated: 13.059588, 77.594598, speed=25081.69 km/h, dir=0.00°
2026-02-07 14:16:14,628 - INFO - Vehicle B updated: 12.874623, 77.594597, speed=38085.01 km/h, dir=180.00°
2026-02-07 14:16:14,707 - INFO - Vehicle A updated: 13.002235, 77.594601, speed=264903.20 km/h, dir=180.00°
2026-02-07 14:16:14,945 - INFO - Vehicle B updated: 12.939496, 77.594599, speed=81591.56 km/h, dir=0.00°
2026-02-07 14:16:15,621 - INFO - Vehicle A updated: 13.059684, 77.594601, speed=25178.66 km/h, dir=0.00°
2026-02-07 14:16:15,628 - INFO - Vehicle B updated: 12.874513, 77.594603, speed=38090.06 km/h, dir=180.00°
2026-02-07 14:16:15,709 - INFO - Vehicle A updated: 13.002332, 77.594604, speed=260222.72 km/h, dir=180.00°
2026-02-07 14:16:15,947 - INFO - Vehicle B updated: 12.939376, 77.594595, speed=81325.28 km/h, dir=359.99°
2026-02-07 14:16:16,625 - INFO - Vehicle A updated: 13.059787, 77.594601, speed=25108.27 km/h, dir=360.00°
2026-02-07 14:16:16,629 - INFO - Vehicle B updated: 12.874402, 77.594598, speed=38149.81 km/h, dir=180.00°
2026-02-07 14:16:16,711 - INFO - Vehicle A updated: 13.002426, 77.594601, speed=266725.19 km/h, dir=180.00°
2026-02-07 14:16:16,948 - INFO - Vehicle B updated: 12.939267, 77.594598, speed=81322.70 km/h, dir=360.00°
2026-02-07 14:16:17,736 - INFO - Vehicle B updated: 12.874293, 77.594595, speed=33008.37 km/h, dir=180.00°
2026-02-07 14:16:17,736 - INFO - Vehicle A updated: 13.059893, 77.594603, speed=22471.62 km/h, dir=0.00°
2026-02-07 14:16:17,743 - INFO - Vehicle A updated: 13.002535, 77.594600, speed=2866415.45 km/h, dir=180.00°
2026-02-07 14:16:17,953 - INFO - Vehicle B updated: 12.939154, 77.594598, speed=120013.31 km/h, dir=0.00°
2026-02-07 14:16:18,705 - INFO - Vehicle A updated: 13.059984, 77.594603, speed=23905.12 km/h, dir=0.00°
2026-02-07 14:16:18,705 - INFO - Vehicle B updated: 12.874174, 77.594596, speed=34569.33 km/h, dir=180.00°
2026-02-07 14:16:18,742 - INFO - Vehicle A updated: 13.002627, 77.594596, speed=619089.58 km/h, dir=180.01°
2026-02-07 14:16:18,953 - INFO - Vehicle B updated: 12.939043, 77.594601, speed=104745.24 km/h, dir=0.00°
2026-02-07 14:16:19,711 - INFO - Vehicle B updated: 12.874063, 77.594600, speed=34278.81 km/h, dir=180.00°
2026-02-07 14:16:19,713 - INFO - Vehicle A updated: 13.060088, 77.594599, speed=23672.70 km/h, dir=0.00°
2026-02-07 14:16:19,743 - INFO - Vehicle A updated: 13.002732, 77.594604, speed=776906.29 km/h, dir=180.00°
2026-02-07 14:16:19,956 - INFO - Vehicle B updated: 12.938929, 77.594602, speed=106152.92 km/h, dir=0.00°
2026-02-07 14:16:20,713 - INFO - Vehicle B updated: 12.873947, 77.594605, speed=34360.49 km/h, dir=180.00°
2026-02-07 14:16:20,713 - INFO - Vehicle A updated: 13.060190, 77.594603, speed=23710.25 km/h, dir=360.00°
2026-02-07 14:16:20,746 - INFO - Vehicle A updated: 13.002832, 77.594602, speed=696904.48 km/h, dir=180.00°
2026-02-07 14:16:20,956 - INFO - Vehicle B updated: 12.938816, 77.594603, speed=107075.85 km/h, dir=360.00°
2026-02-07 14:16:21,718 - INFO - Vehicle A updated: 13.060291, 77.594596, speed=23661.14 km/h, dir=359.99°
2026-02-07 14:16:21,718 - INFO - Vehicle B updated: 12.873840, 77.594599, speed=34109.69 km/h, dir=180.00°
2026-02-07 14:16:21,746 - INFO - Vehicle A updated: 13.002936, 77.594603, speed=815020.98 km/h, dir=179.99°
2026-02-07 14:16:21,959 - INFO - Vehicle B updated: 12.938702, 77.594596, speed=107933.18 km/h, dir=360.00°
2026-02-07 14:16:22,720 - INFO - Vehicle A updated: 13.060388, 77.594604, speed=23622.02 km/h, dir=0.00°
2026-02-07 14:16:22,720 - INFO - Vehicle B updated: 12.873723, 77.594603, speed=34171.45 km/h, dir=179.99°
2026-02-07 14:16:22,751 - INFO - Vehicle A updated: 13.003031, 77.594598, speed=746982.77 km/h, dir=180.01°
2026-02-07 14:16:22,961 - INFO - Vehicle B updated: 12.938590, 77.594597, speed=107838.90 km/h, dir=360.00°
2026-02-07 14:16:23,725 - INFO - Vehicle B updated: 12.873612, 77.594595, speed=34034.41 km/h, dir=180.00°
2026-02-07 14:16:23,726 - INFO - Vehicle A updated: 13.060491, 77.594600, speed=23571.78 km/h, dir=0.00°
2026-02-07 14:16:23,758 - INFO - Vehicle A updated: 13.003129, 77.594597, speed=737236.98 km/h, dir=180.00°
2026-02-07 14:16:23,964 - INFO - Vehicle B updated: 12.938482, 77.594602, speed=108820.98 km/h, dir=0.01°
2026-02-07 14:16:24,739 - INFO - Vehicle A updated: 13.060592, 77.594598, speed=23441.35 km/h, dir=0.00°
2026-02-07 14:16:24,741 - INFO - Vehicle B updated: 12.873501, 77.594605, speed=33464.13 km/h, dir=180.00°
2026-02-07 14:16:24,760 - INFO - Vehicle A updated: 13.003236, 77.594600, speed=1098613.01 km/h, dir=180.00°
2026-02-07 14:16:24,967 - INFO - Vehicle B updated: 12.938361, 77.594601, speed=115578.78 km/h, dir=360.00°
2026-02-07 14:16:25,742 - INFO - Vehicle A updated: 13.060688, 77.594599, speed=23422.71 km/h, dir=360.00°
2026-02-07 14:16:25,742 - INFO - Vehicle B updated: 12.873391, 77.594597, speed=33508.80 km/h, dir=180.00°
2026-02-07 14:16:25,765 - INFO - Vehicle A updated: 13.003330, 77.594605, speed=983914.38 km/h, dir=179.99°
2026-02-07 14:16:25,966 - INFO - Vehicle B updated: 12.938254, 77.594595, speed=115569.38 km/h, dir=360.00°
2026-02-07 14:16:26,743 - INFO - Vehicle A updated: 13.060788, 77.594604, speed=23521.83 km/h, dir=360.00°
2026-02-07 14:16:26,746 - INFO - Vehicle B updated: 12.873271, 77.594597, speed=33375.41 km/h, dir=180.00°
2026-02-07 14:16:26,765 - INFO - Vehicle A updated: 13.003434, 77.594599, speed=1056056.75 km/h, dir=180.01°
2026-02-07 14:16:27,006 - INFO - Vehicle B updated: 12.938138, 77.594599, speed=101035.35 km/h, dir=0.00°
2026-02-07 14:16:27,744 - INFO - Vehicle A updated: 13.060891, 77.594597, speed=23482.58 km/h, dir=360.00°
2026-02-07 14:16:27,744 - INFO - Vehicle B updated: 12.873166, 77.594603, speed=35085.36 km/h, dir=180.00°
2026-02-07 14:16:27,768 - INFO - Vehicle A updated: 13.003534, 77.594597, speed=950887.18 km/h, dir=180.00°
2026-02-07 14:16:28,008 - INFO - Vehicle B updated: 12.938027, 77.594605, speed=98484.02 km/h, dir=0.00°
2026-02-07 14:16:28,757 - INFO - Vehicle B updated: 12.873055, 77.594599, speed=34701.11 km/h, dir=180.00°
2026-02-07 14:16:28,759 - INFO - Vehicle A updated: 13.060988, 77.594603, speed=23207.47 km/h, dir=0.01°
2026-02-07 14:16:28,773 - INFO - Vehicle A updated: 13.003629, 77.594598, speed=1599691.03 km/h, dir=180.01°
2026-02-07 14:16:29,008 - INFO - Vehicle B updated: 12.937912, 77.594604, speed=103598.47 km/h, dir=0.00°
2026-02-07 14:16:29,752 - INFO - Vehicle B updated: 12.872939, 77.594601, speed=34934.09 km/h, dir=180.00°
2026-02-07 14:16:29,756 - INFO - Vehicle A updated: 13.061091, 77.594598, speed=23418.16 km/h, dir=0.00°
2026-02-07 14:16:29,774 - INFO - Vehicle A updated: 13.003729, 77.594605, speed=1245316.10 km/h, dir=179.99°
2026-02-07 14:16:30,008 - INFO - Vehicle B updated: 12.937801, 77.594604, speed=101483.36 km/h, dir=0.00°
2026-02-07 14:16:30,801 - INFO - Vehicle A updated: 13.003832, 77.594599, speed=40.17 km/h, dir=356.85°
2026-02-07 14:16:30,802 - INFO - Vehicle A updated: 13.061189, 77.594596, speed=22537316.80 km/h, dir=360.00°
2026-02-07 14:16:30,804 - INFO - Vehicle B updated: 12.872830, 77.594600, speed=32661.99 km/h, dir=180.00°
2026-02-07 14:16:31,009 - INFO - Vehicle B updated: 12.937689, 77.594605, speed=126558.93 km/h, dir=0.00°
2026-02-07 14:16:31,808 - INFO - Vehicle A updated: 13.061289, 77.594600, speed=39.52 km/h, dir=2.31°
2026-02-07 14:16:31,808 - INFO - Vehicle A updated: 13.003936, 77.594602, speed=0.00 km/h, dir=0.00°
2026-02-07 14:16:31,810 - INFO - Vehicle B updated: 12.872713, 77.594601, speed=32571.95 km/h, dir=180.00°
2026-02-07 14:16:32,013 - INFO - Vehicle B updated: 12.937573, 77.594596, speed=126709.43 km/h, dir=360.00°
2026-02-07 14:16:32,809 - INFO - Vehicle A updated: 13.061394, 77.594603, speed=22984.71 km/h, dir=0.00°
2026-02-07 14:16:32,813 - INFO - Vehicle A updated: 13.004036, 77.594598, speed=5976005.20 km/h, dir=180.00°
2026-02-07 14:16:32,816 - INFO - Vehicle B updated: 12.872604, 77.594601, speed=32400.92 km/h, dir=180.00°
2026-02-07 14:16:33,013 - INFO - Vehicle B updated: 12.937469, 77.594595, speed=131346.76 km/h, dir=360.00°
2026-02-07 14:16:33,810 - INFO - Vehicle A updated: 13.061490, 77.594604, speed=23065.96 km/h, dir=0.01°
2026-02-07 14:16:33,814 - INFO - Vehicle A updated: 13.004129, 77.594598, speed=5799282.55 km/h, dir=180.01°
2026-02-07 14:16:33,815 - INFO - Vehicle B updated: 12.872492, 77.594597, speed=32458.76 km/h, dir=180.00°
2026-02-07 14:16:34,016 - INFO - Vehicle B updated: 12.937348, 77.594596, speed=129100.92 km/h, dir=360.00°
2026-02-07 14:16:34,812 - INFO - Vehicle A updated: 13.004235, 77.594600, speed=42.37 km/h, dir=0.74°
2026-02-07 14:16:34,812 - INFO - Vehicle A updated: 13.061588, 77.594600, speed=0.00 km/h, dir=0.00°
2026-02-07 14:16:34,818 - INFO - Vehicle B updated: 12.872374, 77.594599, speed=32425.26 km/h, dir=180.00°
2026-02-07 14:16:35,028 - INFO - Vehicle B updated: 12.937239, 77.594595, speed=123779.23 km/h, dir=360.00°
2026-02-07 14:16:35,815 - INFO - Vehicle A updated: 13.004329, 77.594595, speed=22863.46 km/h, dir=180.01°
2026-02-07 14:16:35,815 - INFO - Vehicle A updated: 13.061690, 77.594596, speed=0.00 km/h, dir=0.00°
2026-02-07 14:16:35,832 - INFO - Vehicle B updated: 12.872261, 77.594605, speed=32358.35 km/h, dir=179.99°
2026-02-07 14:16:36,026 - INFO - Vehicle B updated: 12.937128, 77.594603, speed=133434.80 km/h, dir=360.00°
2026-02-07 14:16:36,818 - INFO - Vehicle A updated: 13.061793, 77.594600, speed=41.47 km/h, dir=2.19°
2026-02-07 14:16:36,819 - INFO - Vehicle A updated: 13.004437, 77.594601, speed=16993242.03 km/h, dir=180.00°
2026-02-07 14:16:36,828 - INFO - Vehicle B updated: 12.872147, 77.594598, speed=32430.17 km/h, dir=180.00°
2026-02-07 14:16:37,027 - INFO - Vehicle B updated: 12.937011, 77.594603, speed=130260.06 km/h, dir=0.00°
2026-02-07 14:16:37,845 - INFO - Vehicle A updated: 13.004533, 77.594599, speed=37.42 km/h, dir=358.94°
2026-02-07 14:16:37,845 - INFO - Vehicle A updated: 13.061894, 77.594600, speed=0.00 km/h, dir=0.00°
2026-02-07 14:16:37,859 - INFO - Vehicle B updated: 12.872040, 77.594600, speed=31291.88 km/h, dir=180.00°
2026-02-07 14:16:38,029 - INFO - Vehicle B updated: 12.936901, 77.594605, speed=152105.04 km/h, dir=0.00°
2026-02-07 14:16:38,831 - INFO - Vehicle A updated: 13.061988, 77.594600, speed=38.17 km/h, dir=359.75°
2026-02-07 14:16:38,833 - INFO - Vehicle A updated: 13.004629, 77.594605, speed=13093826.94 km/h, dir=180.00°
2026-02-07 14:16:38,850 - INFO - Vehicle B updated: 12.871926, 77.594601, speed=31691.27 km/h, dir=180.00°
2026-02-07 14:16:39,031 - INFO - Vehicle B updated: 12.936790, 77.594600, speed=143586.31 km/h, dir=360.00°
2026-02-07 14:16:39,836 - INFO - Vehicle A updated: 13.062092, 77.594596, speed=22927.46 km/h, dir=359.99°
2026-02-07 14:16:39,836 - INFO - Vehicle A updated: 13.004729, 77.594604, speed=0.00 km/h, dir=0.00°
2026-02-07 14:16:39,859 - INFO - Vehicle B updated: 12.871812, 77.594597, speed=31398.86 km/h, dir=180.00°
2026-02-07 14:16:40,034 - INFO - Vehicle B updated: 12.936676, 77.594604, speed=148241.23 km/h, dir=0.01°
2026-02-07 14:16:40,874 - INFO - Vehicle A updated: 13.062188, 77.594604, speed=22173.65 km/h, dir=360.00°
2026-02-07 14:16:40,874 - INFO - Vehicle A updated: 13.004830, 77.594599, speed=0.00 km/h, dir=0.00°
2026-02-07 14:16:40,874 - INFO - Vehicle B updated: 12.871695, 77.594605, speed=30995.98 km/h, dir=180.00°
2026-02-07 14:16:41,034 - INFO - Vehicle B updated: 12.936561, 77.594596, speed=161602.66 km/h, dir=359.99°
2026-02-07 14:16:41,878 - INFO - Vehicle A updated: 13.062293, 77.594600, speed=22923.63 km/h, dir=0.00°
2026-02-07 14:16:41,879 - INFO - Vehicle A updated: 13.004932, 77.594603, speed=11338363.46 km/h, dir=180.00°
2026-02-07 14:16:41,879 - INFO - Vehicle B updated: 12.871582, 77.594599, speed=30790.18 km/h, dir=180.00°
2026-02-07 14:16:42,035 - INFO - Vehicle B updated: 12.936449, 77.594604, speed=166461.74 km/h, dir=0.00°
2026-02-07 14:16:42,878 - INFO - Vehicle A updated: 13.062394, 77.594598, speed=23018.30 km/h, dir=359.99°
2026-02-07 14:16:42,883 - INFO - Vehicle A updated: 13.005033, 77.594602, speed=5105937.28 km/h, dir=180.00°
2026-02-07 14:16:42,886 - INFO - Vehicle B updated: 12.871472, 77.594603, speed=30582.98 km/h, dir=180.00°
2026-02-07 14:16:43,039 - INFO - Vehicle B updated: 12.936343, 77.594600, speed=169324.92 km/h, dir=360.00°
2026-02-07 14:16:43,884 - INFO - Vehicle A updated: 13.062494, 77.594601, speed=22966.28 km/h, dir=360.00°
2026-02-07 14:16:43,885 - INFO - Vehicle A updated: 13.005131, 77.594598, speed=45195676.28 km/h, dir=180.00°
2026-02-07 14:16:43,885 - INFO - Vehicle B updated: 12.871366, 77.594597, speed=30744.84 km/h, dir=180.00°
2026-02-07 14:16:44,043 - INFO - Vehicle B updated: 12.936231, 77.594599, speed=164738.94 km/h, dir=0.00°
2026-02-07 14:16:44,883 - INFO - Vehicle A updated: 13.062593, 77.594597, speed=23038.43 km/h, dir=360.00°
2026-02-07 14:16:44,888 - INFO - Vehicle A updated: 13.005234, 77.594598, speed=6483852.58 km/h, dir=180.00°
2026-02-07 14:16:44,902 - INFO - Vehicle B updated: 12.871250, 77.594602, speed=30274.42 km/h, dir=180.00°
2026-02-07 14:16:45,042 - INFO - Vehicle B updated: 12.936116, 77.594596, speed=184591.00 km/h, dir=360.00°
2026-02-07 14:16:45,886 - INFO - Vehicle A updated: 13.062687, 77.594601, speed=23015.13 km/h, dir=0.00°
2026-02-07 14:16:45,894 - INFO - Vehicle A updated: 13.005332, 77.594604, speed=2855065.39 km/h, dir=180.00°
2026-02-07 14:16:45,903 - INFO - Vehicle B updated: 12.871140, 77.594595, speed=30238.57 km/h, dir=180.00°
2026-02-07 14:16:46,044 - INFO - Vehicle B updated: 12.935998, 77.594601, speed=184106.01 km/h, dir=0.00°
2026-02-07 14:16:46,892 - INFO - Vehicle A updated: 13.062791, 77.594600, speed=23044.21 km/h, dir=360.00°
2026-02-07 14:16:46,892 - INFO - Vehicle A updated: 13.005434, 77.594600, speed=0.00 km/h, dir=0.00°
2026-02-07 14:16:46,909 - INFO - Vehicle B updated: 12.871028, 77.594604, speed=30041.98 km/h, dir=180.00°
2026-02-07 14:16:47,058 - INFO - Vehicle B updated: 12.935885, 77.594596, speed=174284.52 km/h, dir=359.99°
2026-02-07 14:16:47,893 - INFO - Vehicle A updated: 13.062890, 77.594602, speed=22991.47 km/h, dir=0.00°
2026-02-07 14:16:47,893 - INFO - Vehicle A updated: 13.005533, 77.594603, speed=0.00 km/h, dir=0.00°
2026-02-07 14:16:47,912 - INFO - Vehicle B updated: 12.870906, 77.594603, speed=30485.62 km/h, dir=179.99°
2026-02-07 14:16:48,054 - INFO - Vehicle B updated: 12.935776, 77.594596, speed=181732.17 km/h, dir=359.99°
2026-02-07 14:16:48,896 - INFO - Vehicle A updated: 13.005638, 77.594602, speed=41.96 km/h, dir=359.36°
2026-02-07 14:16:48,898 - INFO - Vehicle A updated: 13.062992, 77.594605, speed=18426587.43 km/h, dir=0.00°
2026-02-07 14:16:48,911 - INFO - Vehicle B updated: 12.870795, 77.594599, speed=30369.98 km/h, dir=180.00°
2026-02-07 14:16:49,067 - INFO - Vehicle B updated: 12.935663, 77.594602, speed=166895.56 km/h, dir=0.00°
2026-02-07 14:16:49,903 - INFO - Vehicle A updated: 13.005736, 77.594603, speed=22804.11 km/h, dir=180.00°
2026-02-07 14:16:49,904 - INFO - Vehicle A updated: 13.063094, 77.594605, speed=25626189.89 km/h, dir=0.00°
2026-02-07 14:16:49,919 - INFO - Vehicle B updated: 12.870683, 77.594601, speed=30569.41 km/h, dir=180.00°
2026-02-07 14:16:50,067 - INFO - Vehicle B updated: 12.935551, 77.594603, speed=173628.47 km/h, dir=0.00°
2026-02-07 14:16:50,904 - INFO - Vehicle A updated: 13.005830, 77.594605, speed=22910.47 km/h, dir=180.00°
2026-02-07 14:16:50,904 - INFO - Vehicle A updated: 13.063194, 77.594604, speed=0.00 km/h, dir=0.00°
2026-02-07 14:16:50,920 - INFO - Vehicle B updated: 12.870574, 77.594597, speed=30477.44 km/h, dir=180.01°
2026-02-07 14:16:51,069 - INFO - Vehicle B updated: 12.935441, 77.594600, speed=174411.02 km/h, dir=0.00°
2026-02-07 14:16:51,912 - INFO - Vehicle A updated: 13.005932, 77.594601, speed=22751.38 km/h, dir=180.00°
2026-02-07 14:16:51,912 - INFO - Vehicle A updated: 13.063289, 77.594597, speed=0.00 km/h, dir=0.00°
2026-02-07 14:16:51,929 - INFO - Vehicle B updated: 12.870456, 77.594597, speed=30303.29 km/h, dir=180.00°
2026-02-07 14:16:52,070 - INFO - Vehicle B updated: 12.935326, 77.594601, speed=181964.84 km/h, dir=0.00°
2026-02-07 14:16:52,913 - INFO - Vehicle A updated: 13.006037, 77.594601, speed=22876.89 km/h, dir=180.00°
2026-02-07 14:16:52,913 - INFO - Vehicle A updated: 13.063390, 77.594596, speed=0.00 km/h, dir=0.00°
2026-02-07 14:16:52,929 - INFO - Vehicle B updated: 12.870345, 77.594598, speed=30302.53 km/h, dir=180.00°
2026-02-07 14:16:53,071 - INFO - Vehicle B updated: 12.935213, 77.594600, speed=183193.57 km/h, dir=0.00°
2026-02-07 14:16:53,914 - INFO - Vehicle A updated: 13.006136, 77.594604, speed=22911.90 km/h, dir=179.99°
2026-02-07 14:16:53,916 - INFO - Vehicle A updated: 13.063488, 77.594597, speed=10533109.52 km/h, dir=359.99°
2026-02-07 14:16:53,932 - INFO - Vehicle B updated: 12.870232, 77.594605, speed=30198.19 km/h, dir=180.00°
2026-02-07 14:16:54,074 - INFO - Vehicle B updated: 12.935096, 77.594600, speed=183060.39 km/h, dir=360.00°
2026-02-07 14:16:54,920 - INFO - Vehicle A updated: 13.063592, 77.594603, speed=41.37 km/h, dir=3.25°
2026-02-07 14:16:54,922 - INFO - Vehicle A updated: 13.006231, 77.594599, speed=11436505.43 km/h, dir=180.00°
2026-02-07 14:16:54,936 - INFO - Vehicle B updated: 12.870121, 77.594602, speed=30166.94 km/h, dir=180.00°
2026-02-07 14:16:55,074 - INFO - Vehicle B updated: 12.934988, 77.594599, speed=188542.38 km/h, dir=360.00°
2026-02-07 14:16:55,926 - INFO - Vehicle A updated: 13.063689, 77.594599, speed=22918.65 km/h, dir=360.00°
2026-02-07 14:16:55,926 - INFO - Vehicle A updated: 13.006336, 77.594601, speed=0.00 km/h, dir=0.00°
2026-02-07 14:16:55,942 - INFO - Vehicle B updated: 12.870012, 77.594603, speed=29954.20 km/h, dir=180.00°
2026-02-07 14:16:56,075 - INFO - Vehicle B updated: 12.934877, 77.594598, speed=194597.87 km/h, dir=360.00°
2026-02-07 14:16:56,927 - INFO - Vehicle A updated: 13.006432, 77.594602, speed=38.31 km/h, dir=0.62°
2026-02-07 14:16:56,927 - INFO - Vehicle A updated: 13.063791, 77.594602, speed=0.00 km/h, dir=0.00°
2026-02-07 14:16:56,944 - INFO - Vehicle B updated: 12.869902, 77.594600, speed=29944.65 km/h, dir=180.00°
2026-02-07 14:16:57,077 - INFO - Vehicle B updated: 12.934760, 77.594601, speed=195325.56 km/h, dir=0.00°
2026-02-07 14:16:57,928 - INFO - Vehicle A updated: 13.063893, 77.594605, speed=40.87 km/h, dir=1.52°
2026-02-07 14:16:57,931 - INFO - Vehicle A updated: 13.006534, 77.594596, speed=8614077.08 km/h, dir=180.01°
2026-02-07 14:16:57,946 - INFO - Vehicle B updated: 12.869785, 77.594601, speed=29945.95 km/h, dir=180.00°
2026-02-07 14:16:58,079 - INFO - Vehicle B updated: 12.934649, 77.594599, speed=194411.39 km/h, dir=360.00°
2026-02-07 14:16:58,934 - INFO - Vehicle A updated: 13.063988, 77.594599, speed=22909.03 km/h, dir=0.00°
2026-02-07 14:16:58,935 - INFO - Vehicle A updated: 13.006634, 77.594597, speed=45125036.12 km/h, dir=180.00°
2026-02-07 14:16:58,957 - INFO - Vehicle B updated: 12.869668, 77.594599, speed=29643.17 km/h, dir=180.00°
2026-02-07 14:16:59,098 - INFO - Vehicle B updated: 12.934540, 77.594598, speed=183908.78 km/h, dir=360.00°
2026-02-07 14:16:59,930 - INFO - Vehicle A updated: 13.064093, 77.594599, speed=23100.75 km/h, dir=0.00°
2026-02-07 14:16:59,967 - INFO - Vehicle A updated: 13.006730, 77.594600, speed=627098.36 km/h, dir=180.00°
2026-02-07 14:16:59,967 - INFO - Vehicle B updated: 12.869557, 77.594599, speed=29932.79 km/h, dir=180.00°
2026-02-07 14:17:00,100 - INFO - Vehicle B updated: 12.934428, 77.594605, speed=195519.73 km/h, dir=0.00°
2026-02-07 14:17:00,935 - INFO - Vehicle A updated: 13.064197, 77.594603, speed=23753.58 km/h, dir=0.00°
2026-02-07 14:17:00,976 - INFO - Vehicle A updated: 13.006835, 77.594597, speed=561428.09 km/h, dir=180.01°
2026-02-07 14:17:00,976 - INFO - Vehicle B updated: 12.869447, 77.594597, speed=29676.25 km/h, dir=180.01°
2026-02-07 14:17:01,101 - INFO - Vehicle B updated: 12.934312, 77.594600, speed=208138.70 km/h, dir=0.00°
2026-02-07 14:17:01,947 - INFO - Vehicle A updated: 13.064290, 77.594597, speed=23696.09 km/h, dir=360.00°
2026-02-07 14:17:01,968 - INFO - Vehicle A updated: 13.006936, 77.594602, speed=1080809.78 km/h, dir=180.00°
2026-02-07 14:17:01,978 - INFO - Vehicle B updated: 12.869336, 77.594604, speed=29666.62 km/h, dir=180.00°
2026-02-07 14:17:02,110 - INFO - Vehicle B updated: 12.934203, 77.594605, speed=196531.36 km/h, dir=0.00°
2026-02-07 14:17:02,948 - INFO - Vehicle A updated: 13.064390, 77.594596, speed=23458.81 km/h, dir=359.99°
2026-02-07 14:17:02,970 - INFO - Vehicle A updated: 13.007032, 77.594601, speed=1068478.24 km/h, dir=180.00°
2026-02-07 14:17:02,979 - INFO - Vehicle B updated: 12.869221, 77.594598, speed=29943.10 km/h, dir=180.01°
2026-02-07 14:17:03,117 - INFO - Vehicle B updated: 12.934085, 77.594597, speed=188133.60 km/h, dir=360.00°
2026-02-07 14:17:03,950 - INFO - Vehicle A updated: 13.064495, 77.594603, speed=23461.22 km/h, dir=0.00°
2026-02-07 14:17:03,971 - INFO - Vehicle A updated: 13.007131, 77.594604, speed=1118655.19 km/h, dir=180.00°
2026-02-07 14:17:03,983 - INFO - Vehicle B updated: 12.869107, 77.594604, speed=30125.93 km/h, dir=179.99°
2026-02-07 14:17:04,120 - INFO - Vehicle B updated: 12.933977, 77.594598, speed=184980.49 km/h, dir=360.00°
2026-02-07 14:17:04,961 - INFO - Vehicle A updated: 13.064594, 77.594601, speed=23233.04 km/h, dir=360.00°
2026-02-07 14:17:04,974 - INFO - Vehicle A updated: 13.007234, 77.594605, speed=1805789.80 km/h, dir=180.00°
2026-02-07 14:17:04,984 - INFO - Vehicle B updated: 12.868997, 77.594603, speed=30110.41 km/h, dir=180.00°
2026-02-07 14:17:05,122 - INFO - Vehicle B updated: 12.933862, 77.594599, speed=188698.86 km/h, dir=360.00°
2026-02-07 14:17:05,962 - INFO - Vehicle A updated: 13.064691, 77.594596, speed=23273.12 km/h, dir=359.99°
2026-02-07 14:17:05,975 - INFO - Vehicle A updated: 13.007333, 77.594598, speed=1770440.25 km/h, dir=180.00°
2026-02-07 14:17:05,992 - INFO - Vehicle B updated: 12.868887, 77.594601, speed=29876.81 km/h, dir=180.00°
2026-02-07 14:17:06,159 - INFO - Vehicle B updated: 12.933753, 77.594596, speed=155971.70 km/h, dir=360.00°
2026-02-07 14:17:06,964 - INFO - Vehicle A updated: 13.064797, 77.594598, speed=23260.45 km/h, dir=0.00°
2026-02-07 14:17:06,979 - INFO - Vehicle A updated: 13.007437, 77.594599, speed=1501046.64 km/h, dir=180.00°
2026-02-07 14:17:06,994 - INFO - Vehicle B updated: 12.868768, 77.594599, speed=31161.11 km/h, dir=180.00°
2026-02-07 14:17:07,154 - INFO - Vehicle B updated: 12.933640, 77.594602, speed=162250.65 km/h, dir=0.00°
2026-02-07 14:17:07,964 - INFO - Vehicle A updated: 13.064892, 77.594604, speed=23350.85 km/h, dir=0.00°
2026-02-07 14:17:07,979 - INFO - Vehicle A updated: 13.007538, 77.594601, speed=1532119.07 km/h, dir=180.00°
2026-02-07 14:17:07,995 - INFO - Vehicle B updated: 12.868661, 77.594596, speed=30913.95 km/h, dir=180.01°
2026-02-07 14:17:08,159 - INFO - Vehicle B updated: 12.933524, 77.594604, speed=158870.05 km/h, dir=0.01°
2026-02-07 14:17:08,985 - INFO - Vehicle A updated: 13.064996, 77.594602, speed=22885.67 km/h, dir=0.00°
2026-02-07 14:17:08,988 - INFO - Vehicle A updated: 13.007640, 77.594596, speed=6767436.96 km/h, dir=180.01°
2026-02-07 14:17:08,996 - INFO - Vehicle B updated: 12.868546, 77.594597, speed=31052.45 km/h, dir=180.01°
2026-02-07 14:17:09,159 - INFO - Vehicle B updated: 12.933409, 77.594600, speed=159736.34 km/h, dir=0.00°
2026-02-07 14:17:09,996 - INFO - Vehicle A updated: 13.065093, 77.594596, speed=22812.33 km/h, dir=0.00°
2026-02-07 14:17:09,997 - INFO - Vehicle A updated: 13.007732, 77.594604, speed=17194825.42 km/h, dir=179.99°
2026-02-07 14:17:10,011 - INFO - Vehicle B updated: 12.868437, 77.594597, speed=30527.96 km/h, dir=180.00°
2026-02-07 14:17:10,161 - INFO - Vehicle B updated: 12.933295, 77.594596, speed=172487.18 km/h, dir=360.00°
2026-02-07 14:17:11,000 - INFO - Vehicle A updated: 13.065198, 77.594597, speed=22938.90 km/h, dir=359.99°
2026-02-07 14:17:11,002 - INFO - Vehicle A updated: 13.007836, 77.594605, speed=11934314.73 km/h, dir=179.99°
2026-02-07 14:17:11,010 - INFO - Vehicle B updated: 12.868324, 77.594596, speed=30657.73 km/h, dir=180.00°
2026-02-07 14:17:11,164 - INFO - Vehicle B updated: 12.933181, 77.594598, speed=168354.81 km/h, dir=0.00°
2026-02-07 14:17:12,011 - INFO - Vehicle A updated: 13.007933, 77.594599, speed=38.53 km/h, dir=356.61°
2026-02-07 14:17:12,011 - INFO - Vehicle A updated: 13.065294, 77.594598, speed=45046742.21 km/h, dir=360.00°
2026-02-07 14:17:12,014 - INFO - Vehicle B updated: 12.868205, 77.594597, speed=30586.25 km/h, dir=180.00°
2026-02-07 14:17:12,175 - INFO - Vehicle B updated: 12.933077, 77.594601, speed=161442.41 km/h, dir=0.00°
2026-02-07 14:17:13,013 - INFO - Vehicle A updated: 13.008032, 77.594596, speed=22888.69 km/h, dir=180.00°
2026-02-07 14:17:13,013 - INFO - Vehicle A updated: 13.065393, 77.594596, speed=0.00 km/h, dir=0.00°
2026-02-07 14:17:13,013 - INFO - Vehicle B updated: 12.868100, 77.594604, speed=31052.27 km/h, dir=180.00°
2026-02-07 14:17:13,177 - INFO - Vehicle B updated: 12.932961, 77.594600, speed=157603.06 km/h, dir=360.00°
2026-02-07 14:17:14,021 - INFO - Vehicle A updated: 13.008134, 77.594604, speed=22735.63 km/h, dir=179.99°
2026-02-07 14:17:14,022 - INFO - Vehicle A updated: 13.065493, 77.594604, speed=0.00 km/h, dir=0.00°
2026-02-07 14:17:14,022 - INFO - Vehicle B updated: 12.867978, 77.594603, speed=30780.11 km/h, dir=180.00°
2026-02-07 14:17:14,178 - INFO - Vehicle B updated: 12.932849, 77.594599, speed=166625.68 km/h, dir=360.00°
2026-02-07 14:17:15,020 - INFO - Vehicle A updated: 13.008234, 77.594602, speed=22931.16 km/h, dir=180.00°
2026-02-07 14:17:15,020 - INFO - Vehicle A updated: 13.065595, 77.594598, speed=0.00 km/h, dir=0.00°
2026-02-07 14:17:15,029 - INFO - Vehicle B updated: 12.867872, 77.594597, speed=30566.82 km/h, dir=180.00°
2026-02-07 14:17:15,180 - INFO - Vehicle B updated: 12.932736, 77.594604, speed=172529.40 km/h, dir=0.01°
2026-02-07 14:17:16,023 - INFO - Vehicle A updated: 13.065690, 77.594605, speed=38.16 km/h, dir=4.00°
2026-02-07 14:17:16,024 - INFO - Vehicle A updated: 13.008333, 77.594602, speed=35933297.92 km/h, dir=180.00°
2026-02-07 14:17:16,037 - INFO - Vehicle B updated: 12.867753, 77.594596, speed=30360.92 km/h, dir=180.01°
2026-02-07 14:17:16,180 - INFO - Vehicle B updated: 12.932620, 77.594597, speed=181519.08 km/h, dir=0.00°
2026-02-07 14:17:17,028 - INFO - Vehicle A updated: 13.008435, 77.594604, speed=40.52 km/h, dir=0.74°
2026-02-07 14:17:17,028 - INFO - Vehicle A updated: 13.065796, 77.594603, speed=22919686.63 km/h, dir=360.00°
2026-02-07 14:17:17,039 - INFO - Vehicle B updated: 12.867645, 77.594600, speed=30263.87 km/h, dir=180.00°
2026-02-07 14:17:17,189 - INFO - Vehicle B updated: 12.932508, 77.594604, speed=173286.92 km/h, dir=0.00°
2026-02-07 14:17:18,029 - INFO - Vehicle A updated: 13.008538, 77.594597, speed=22889.27 km/h, dir=180.01°
2026-02-07 14:17:18,043 - INFO - Vehicle A updated: 13.065889, 77.594601, speed=1686187.45 km/h, dir=0.00°
2026-02-07 14:17:18,047 - INFO - Vehicle B updated: 12.867534, 77.594605, speed=30302.19 km/h, dir=180.00°
2026-02-07 14:17:18,187 - INFO - Vehicle B updated: 12.932401, 77.594596, speed=185226.80 km/h, dir=359.99°
2026-02-07 14:17:19,028 - INFO - Vehicle A updated: 13.008637, 77.594603, speed=23246.43 km/h, dir=180.00°
2026-02-07 14:17:19,033 - INFO - Vehicle A updated: 13.065999, 77.594600, speed=7368866.74 km/h, dir=360.00°
2026-02-07 14:17:19,046 - INFO - Vehicle B updated: 12.867416, 77.594601, speed=30284.50 km/h, dir=180.00°
2026-02-07 14:17:19,193 - INFO - Vehicle B updated: 12.932286, 77.594595, speed=177026.58 km/h, dir=360.00°
2026-02-07 14:17:20,030 - INFO - Vehicle A updated: 13.008734, 77.594600, speed=22966.88 km/h, dir=180.00°
2026-02-07 14:17:20,032 - INFO - Vehicle A updated: 13.066093, 77.594600, speed=10834221.65 km/h, dir=0.00°
2026-02-07 14:17:20,049 - INFO - Vehicle B updated: 12.867307, 77.594604, speed=30378.23 km/h, dir=179.99°
2026-02-07 14:17:20,193 - INFO - Vehicle B updated: 12.932169, 77.594603, speed=180701.07 km/h, dir=360.00°
2026-02-07 14:17:21,034 - INFO - Vehicle A updated: 13.008837, 77.594600, speed=22860.74 km/h, dir=180.00°
2026-02-07 14:17:21,043 - INFO - Vehicle A updated: 13.066195, 77.594597, speed=2594232.81 km/h, dir=360.00°
2026-02-07 14:17:21,062 - INFO - Vehicle B updated: 12.867196, 77.594598, speed=29931.71 km/h, dir=180.00°
2026-02-07 14:17:21,196 - INFO - Vehicle B updated: 12.932057, 77.594600, speed=194319.88 km/h, dir=0.00°
2026-02-07 14:17:22,033 - INFO - Vehicle A updated: 13.008935, 77.594598, speed=23148.73 km/h, dir=180.00°
2026-02-07 14:17:22,046 - INFO - Vehicle A updated: 13.066295, 77.594603, speed=1777013.18 km/h, dir=0.01°
2026-02-07 14:17:22,060 - INFO - Vehicle B updated: 12.867084, 77.594599, speed=30090.43 km/h, dir=180.00°
2026-02-07 14:17:22,199 - INFO - Vehicle B updated: 12.931943, 77.594603, speed=186988.03 km/h, dir=0.00°
2026-02-07 14:17:23,035 - INFO - Vehicle A updated: 13.009040, 77.594601, speed=23173.60 km/h, dir=180.00°
2026-02-07 14:17:23,047 - INFO - Vehicle A updated: 13.066394, 77.594596, speed=1990328.38 km/h, dir=359.99°
2026-02-07 14:17:23,061 - INFO - Vehicle B updated: 12.866974, 77.594597, speed=30157.14 km/h, dir=180.01°
2026-02-07 14:17:23,200 - INFO - Vehicle B updated: 12.931838, 77.594597, speed=187151.06 km/h, dir=0.00°
2026-02-07 14:17:24,043 - INFO - Vehicle A updated: 13.009140, 77.594597, speed=23005.22 km/h, dir=180.00°
2026-02-07 14:17:24,059 - INFO - Vehicle A updated: 13.066491, 77.594597, speed=1474269.79 km/h, dir=360.00°
2026-02-07 14:17:24,063 - INFO - Vehicle B updated: 12.866852, 77.594599, speed=30148.71 km/h, dir=180.00°
2026-02-07 14:17:24,200 - INFO - Vehicle B updated: 12.931725, 77.594603, speed=189081.53 km/h, dir=0.00°
2026-02-07 14:17:25,054 - INFO - Vehicle A updated: 13.009234, 77.594595, speed=23029.25 km/h, dir=180.00°
2026-02-07 14:17:25,060 - INFO - Vehicle A updated: 13.066597, 77.594597, speed=3989878.52 km/h, dir=0.00°
2026-02-07 14:17:25,065 - INFO - Vehicle B updated: 12.866749, 77.594599, speed=30056.91 km/h, dir=180.00°
2026-02-07 14:17:25,221 - INFO - Vehicle B updated: 12.931608, 77.594605, speed=166607.23 km/h, dir=0.01°
2026-02-07 14:17:26,055 - INFO - Vehicle A updated: 13.009335, 77.594600, speed=23019.64 km/h, dir=180.00°
2026-02-07 14:17:26,062 - INFO - Vehicle A updated: 13.066697, 77.594600, speed=3425490.10 km/h, dir=360.00°
2026-02-07 14:17:26,069 - INFO - Vehicle B updated: 12.866631, 77.594601, speed=30692.08 km/h, dir=180.00°
2026-02-07 14:17:26,223 - INFO - Vehicle B updated: 12.931499, 77.594596, speed=168150.14 km/h, dir=360.00°
2026-02-07 14:17:27,060 - INFO - Vehicle A updated: 13.009434, 77.594598, speed=23018.17 km/h, dir=180.00°
2026-02-07 14:17:27,064 - INFO - Vehicle A updated: 13.066792, 77.594603, speed=3801354.74 km/h, dir=0.00°
2026-02-07 14:17:27,069 - INFO - Vehicle B updated: 12.866515, 77.594598, speed=30749.27 km/h, dir=180.00°
2026-02-07 14:17:27,225 - INFO - Vehicle B updated: 12.931383, 77.594600, speed=166526.90 km/h, dir=0.00°
2026-02-07 14:17:28,059 - INFO - Vehicle A updated: 13.009541, 77.594605, speed=23029.08 km/h, dir=180.00°
2026-02-07 14:17:28,071 - INFO - Vehicle A updated: 13.066898, 77.594603, speed=1866844.63 km/h, dir=360.00°
2026-02-07 14:17:28,073 - INFO - Vehicle B updated: 12.866410, 77.594605, speed=30681.35 km/h, dir=180.00°
2026-02-07 14:17:28,224 - INFO - Vehicle B updated: 12.931271, 77.594601, speed=171511.74 km/h, dir=360.00°
2026-02-07 14:17:29,062 - INFO - Vehicle A updated: 13.009640, 77.594597, speed=23139.50 km/h, dir=180.01°
2026-02-07 14:17:29,070 - INFO - Vehicle A updated: 13.066994, 77.594596, speed=2706849.77 km/h, dir=360.00°
2026-02-07 14:17:29,074 - INFO - Vehicle B updated: 12.866295, 77.594600, speed=30596.32 km/h, dir=180.00°
2026-02-07 14:17:29,272 - INFO - Vehicle B updated: 12.931160, 77.594596, speed=131123.99 km/h, dir=360.00°
2026-02-07 14:17:30,092 - INFO - Vehicle A updated: 13.009737, 77.594600, speed=22430.19 km/h, dir=180.00°
2026-02-07 14:17:30,092 - INFO - Vehicle A updated: 13.067093, 77.594599, speed=0.00 km/h, dir=0.00°
2026-02-07 14:17:30,092 - INFO - Vehicle B updated: 12.866178, 77.594600, speed=31719.78 km/h, dir=180.00°
2026-02-07 14:17:30,261 - INFO - Vehicle B updated: 12.931045, 77.594605, speed=153772.63 km/h, dir=0.00°
2026-02-07 14:17:31,097 - INFO - Vehicle B updated: 12.866073, 77.594603, speed=31103.88 km/h, dir=180.00°
2026-02-07 14:17:31,097 - INFO - Vehicle A updated: 13.009842, 77.594595, speed=22803.12 km/h, dir=180.00°
2026-02-07 14:17:31,099 - INFO - Vehicle A updated: 13.067191, 77.594599, speed=19547057.26 km/h, dir=0.00°
2026-02-07 14:17:31,264 - INFO - Vehicle B updated: 12.930937, 77.594596, speed=155825.35 km/h, dir=359.99°
2026-02-07 14:17:32,100 - INFO - Vehicle A updated: 13.067295, 77.594601, speed=41.62 km/h, dir=1.10°
2026-02-07 14:17:32,101 - INFO - Vehicle A updated: 13.009943, 77.594603, speed=22775161.37 km/h, dir=180.00°
2026-02-07 14:17:32,101 - INFO - Vehicle B updated: 12.865960, 77.594599, speed=31068.91 km/h, dir=180.00°
2026-02-07 14:17:32,266 - INFO - Vehicle B updated: 12.930819, 77.594599, speed=157799.14 km/h, dir=0.00°
2026-02-07 14:17:33,112 - INFO - Vehicle A updated: 13.010035, 77.594602, speed=36.56 km/h, dir=359.01°
2026-02-07 14:17:33,113 - INFO - Vehicle A updated: 13.067399, 77.594601, speed=21479068.24 km/h, dir=360.00°
2026-02-07 14:17:33,115 - INFO - Vehicle B updated: 12.865846, 77.594600, speed=30708.83 km/h, dir=180.00°
2026-02-07 14:17:33,267 - INFO - Vehicle B updated: 12.930711, 77.594605, speed=168437.96 km/h, dir=0.00°
2026-02-07 14:17:34,115 - INFO - Vehicle A updated: 13.010143, 77.594597, speed=22868.65 km/h, dir=180.00°
2026-02-07 14:17:34,116 - INFO - Vehicle A updated: 13.067500, 77.594598, speed=18003605.37 km/h, dir=0.00°
2026-02-07 14:17:34,116 - INFO - Vehicle B updated: 12.865732, 77.594596, speed=30625.42 km/h, dir=180.01°
2026-02-07 14:17:34,268 - INFO - Vehicle B updated: 12.930598, 77.594597, speed=170843.69 km/h, dir=0.00°
2026-02-07 14:17:35,117 - INFO - Vehicle A updated: 13.010237, 77.594600, speed=22901.01 km/h, dir=180.00°
2026-02-07 14:17:35,119 - INFO - Vehicle A updated: 13.067596, 77.594596, speed=13100956.29 km/h, dir=360.00°
2026-02-07 14:17:35,120 - INFO - Vehicle B updated: 12.865615, 77.594601, speed=30538.30 km/h, dir=180.00°
2026-02-07 14:17:35,270 - INFO - Vehicle B updated: 12.930481, 77.594602, speed=173321.27 km/h, dir=0.00°
2026-02-07 14:17:36,119 - INFO - Vehicle A updated: 13.010334, 77.594595, speed=22917.33 km/h, dir=180.00°
2026-02-07 14:17:36,120 - INFO - Vehicle A updated: 13.067698, 77.594605, speed=24784739.58 km/h, dir=0.01°
2026-02-07 14:17:36,120 - INFO - Vehicle B updated: 12.865504, 77.594597, speed=30592.90 km/h, dir=180.00°
2026-02-07 14:17:36,269 - INFO - Vehicle B updated: 12.930370, 77.594599, speed=173695.76 km/h, dir=0.00°
2026-02-07 14:17:37,121 - INFO - Vehicle A updated: 13.010438, 77.594604, speed=22895.15 km/h, dir=180.00°
2026-02-07 14:17:37,121 - INFO - Vehicle B updated: 12.865397, 77.594605, speed=30539.15 km/h, dir=180.00°
2026-02-07 14:17:37,121 - INFO - Vehicle A updated: 13.067798, 77.594600, speed=0.00 km/h, dir=0.00°
2026-02-07 14:17:37,272 - INFO - Vehicle B updated: 12.930254, 77.594601, speed=171784.25 km/h, dir=360.00°
2026-02-07 14:17:38,122 - INFO - Vehicle A updated: 13.010543, 77.594600, speed=22893.79 km/h, dir=180.00°
2026-02-07 14:17:38,124 - INFO - Vehicle B updated: 12.865280, 77.594596, speed=30536.79 km/h, dir=180.00°
2026-02-07 14:17:38,124 - INFO - Vehicle A updated: 13.067895, 77.594598, speed=13094107.80 km/h, dir=360.00°
2026-02-07 14:17:38,272 - INFO - Vehicle B updated: 12.930145, 77.594600, speed=175185.30 km/h, dir=0.00°
2026-02-07 14:17:39,128 - INFO - Vehicle A updated: 13.010642, 77.594604, speed=22843.20 km/h, dir=179.99°
2026-02-07 14:17:39,128 - INFO - Vehicle B updated: 12.865166, 77.594596, speed=30401.23 km/h, dir=180.00°
2026-02-07 14:17:39,128 - INFO - Vehicle A updated: 13.067995, 77.594603, speed=44746254.02 km/h, dir=360.00°
2026-02-07 14:17:39,274 - INFO - Vehicle B updated: 12.930033, 77.594600, speed=177030.43 km/h, dir=0.00°
2026-02-07 14:17:40,130 - INFO - Vehicle A updated: 13.010742, 77.594596, speed=22867.80 km/h, dir=180.01°
2026-02-07 14:17:40,131 - INFO - Vehicle B updated: 12.865051, 77.594600, speed=30359.34 km/h, dir=180.00°
2026-02-07 14:17:40,137 - INFO - Vehicle A updated: 13.068099, 77.594600, speed=3325693.99 km/h, dir=0.00°
2026-02-07 14:17:40,391 - INFO - Vehicle B updated: 12.929919, 77.594595, speed=99805.41 km/h, dir=360.00°
2026-02-07 14:17:41,134 - INFO - Vehicle A updated: 13.010843, 77.594599, speed=22990.20 km/h, dir=180.00°
2026-02-07 14:17:41,141 - INFO - Vehicle B updated: 12.864941, 77.594605, speed=34806.20 km/h, dir=179.99°
2026-02-07 14:17:41,142 - INFO - Vehicle A updated: 13.068197, 77.594597, speed=2989129.15 km/h, dir=360.00°
2026-02-07 14:17:41,393 - INFO - Vehicle B updated: 12.929804, 77.594599, speed=102672.47 km/h, dir=359.99°
2026-02-07 14:17:42,137 - INFO - Vehicle A updated: 13.010942, 77.594602, speed=23031.36 km/h, dir=180.00°
2026-02-07 14:17:42,137 - INFO - Vehicle B updated: 12.864835, 77.594601, speed=34908.66 km/h, dir=180.00°
2026-02-07 14:17:42,146 - INFO - Vehicle A updated: 13.068298, 77.594596, speed=2457070.73 km/h, dir=359.99°
2026-02-07 14:17:42,394 - INFO - Vehicle B updated: 12.929698, 77.594599, speed=100736.95 km/h, dir=360.00°
2026-02-07 14:17:43,140 - INFO - Vehicle B updated: 12.864713, 77.594597, speed=34898.48 km/h, dir=180.00°
2026-02-07 14:17:43,140 - INFO - Vehicle A updated: 13.011041, 77.594598, speed=23062.89 km/h, dir=180.00°
2026-02-07 14:17:43,150 - INFO - Vehicle A updated: 13.068393, 77.594601, speed=2274921.04 km/h, dir=0.00°
2026-02-07 14:17:43,397 - INFO - Vehicle B updated: 12.929580, 77.594598, speed=100852.21 km/h, dir=0.00°
2026-02-07 14:17:44,146 - INFO - Vehicle B updated: 12.864603, 77.594605, speed=34735.15 km/h, dir=179.99°
2026-02-07 14:17:44,146 - INFO - Vehicle A updated: 13.011144, 77.594599, speed=23004.54 km/h, dir=180.00°
2026-02-07 14:17:44,159 - INFO - Vehicle A updated: 13.068492, 77.594595, speed=1823246.65 km/h, dir=360.00°
2026-02-07 14:17:44,400 - INFO - Vehicle B updated: 12.929471, 77.594599, speed=102411.50 km/h, dir=359.99°
2026-02-07 14:17:45,147 - INFO - Vehicle B updated: 12.864494, 77.594601, speed=34783.25 km/h, dir=180.00°
2026-02-07 14:17:45,147 - INFO - Vehicle A updated: 13.011240, 77.594602, speed=23179.41 km/h, dir=179.99°
2026-02-07 14:17:45,158 - INFO - Vehicle A updated: 13.068600, 77.594598, speed=2169670.39 km/h, dir=360.00°
2026-02-07 14:17:45,402 - INFO - Vehicle B updated: 12.929352, 77.594597, speed=101985.30 km/h, dir=360.00°
2026-02-07 14:17:46,153 - INFO - Vehicle B updated: 12.864382, 77.594605, speed=34639.71 km/h, dir=179.99°
2026-02-07 14:17:46,153 - INFO - Vehicle A updated: 13.011343, 77.594604, speed=23039.87 km/h, dir=179.99°
2026-02-07 14:17:46,181 - INFO - Vehicle A updated: 13.068697, 77.594605, speed=805925.93 km/h, dir=0.00°
2026-02-07 14:17:46,404 - INFO - Vehicle B updated: 12.929240, 77.594597, speed=103356.36 km/h, dir=359.99°
2026-02-07 14:17:47,158 - INFO - Vehicle B updated: 12.864270, 77.594600, speed=34515.64 km/h, dir=180.00°
2026-02-07 14:17:47,159 - INFO - Vehicle A updated: 13.011436, 77.594597, speed=23455.47 km/h, dir=180.01°
2026-02-07 14:17:47,172 - INFO - Vehicle A updated: 13.068792, 77.594603, speed=1710086.00 km/h, dir=0.01°
2026-02-07 14:17:47,408 - INFO - Vehicle B updated: 12.929131, 77.594597, speed=103525.64 km/h, dir=360.00°
2026-02-07 14:17:48,160 - INFO - Vehicle B updated: 12.864149, 77.594602, speed=34588.69 km/h, dir=180.00°
2026-02-07 14:17:48,162 - INFO - Vehicle A updated: 13.011543, 77.594597, speed=23137.56 km/h, dir=180.01°
2026-02-07 14:17:48,179 - INFO - Vehicle A updated: 13.068894, 77.594597, speed=1371186.17 km/h, dir=360.00°
2026-02-07 14:17:48,409 - INFO - Vehicle B updated: 12.929023, 77.594602, speed=104407.27 km/h, dir=0.00°
2026-02-07 14:17:49,165 - INFO - Vehicle A updated: 13.011640, 77.594596, speed=23247.61 km/h, dir=180.00°
2026-02-07 14:17:49,166 - INFO - Vehicle B updated: 12.864042, 77.594603, speed=34385.29 km/h, dir=180.00°
2026-02-07 14:17:49,186 - INFO - Vehicle A updated: 13.068994, 77.594600, speed=1088068.89 km/h, dir=0.00°
2026-02-07 14:17:49,412 - INFO - Vehicle B updated: 12.928907, 77.594598, speed=105216.46 km/h, dir=360.00°
2026-02-07 14:17:50,166 - INFO - Vehicle A updated: 13.011737, 77.594597, speed=23392.54 km/h, dir=180.00°
2026-02-07 14:17:50,167 - INFO - Vehicle B updated: 12.863933, 77.594595, speed=34456.77 km/h, dir=180.00°
2026-02-07 14:17:50,186 - INFO - Vehicle A updated: 13.069100, 77.594602, speed=1158712.24 km/h, dir=0.00°
2026-02-07 14:17:50,412 - INFO - Vehicle B updated: 12.928791, 77.594597, speed=105932.38 km/h, dir=0.00°
2026-02-07 14:17:51,174 - INFO - Vehicle A updated: 13.011845, 77.594598, speed=23201.40 km/h, dir=180.00°
2026-02-07 14:17:51,174 - INFO - Vehicle B updated: 12.863820, 77.594603, speed=34162.80 km/h, dir=179.99°
2026-02-07 14:17:51,190 - INFO - Vehicle A updated: 13.069202, 77.594602, speed=1394713.76 km/h, dir=0.00°
2026-02-07 14:17:51,424 - INFO - Vehicle B updated: 12.928678, 77.594598, speed=103888.75 km/h, dir=360.00°
2026-02-07 14:17:52,178 - INFO - Vehicle A updated: 13.011944, 77.594604, speed=23210.96 km/h, dir=180.00°
2026-02-07 14:17:52,181 - INFO - Vehicle B updated: 12.863704, 77.594596, speed=34338.84 km/h, dir=180.00°
2026-02-07 14:17:52,202 - INFO - Vehicle A updated: 13.069299, 77.594601, speed=923159.05 km/h, dir=360.00°
2026-02-07 14:17:52,427 - INFO - Vehicle B updated: 12.928565, 77.594599, speed=105921.64 km/h, dir=0.00°
2026-02-07 14:17:53,180 - INFO - Vehicle A updated: 13.012045, 77.594597, speed=23438.76 km/h, dir=180.00°
2026-02-07 14:17:53,183 - INFO - Vehicle B updated: 12.863590, 77.594598, speed=34354.19 km/h, dir=180.00°
2026-02-07 14:17:53,202 - INFO - Vehicle A updated: 13.069398, 77.594605, speed=1042136.28 km/h, dir=0.01°
2026-02-07 14:17:53,457 - INFO - Vehicle B updated: 12.928460, 77.594597, speed=94664.88 km/h, dir=360.00°
2026-02-07 14:17:54,185 - INFO - Vehicle A updated: 13.012142, 77.594597, speed=23330.68 km/h, dir=180.01°
2026-02-07 14:17:54,186 - INFO - Vehicle B updated: 12.863479, 77.594601, speed=35711.86 km/h, dir=180.00°
2026-02-07 14:17:54,214 - INFO - Vehicle A updated: 13.069493, 77.594597, speed=815297.26 km/h, dir=0.00°
2026-02-07 14:17:54,459 - INFO - Vehicle B updated: 12.928348, 77.594601, speed=95139.97 km/h, dir=0.00°
2026-02-07 14:17:55,182 - INFO - Vehicle A updated: 13.012240, 77.594602, speed=23653.32 km/h, dir=180.00°
2026-02-07 14:17:55,186 - INFO - Vehicle B updated: 12.863364, 77.594596, speed=35778.05 km/h, dir=180.00°
2026-02-07 14:17:55,213 - INFO - Vehicle A updated: 13.069594, 77.594604, speed=730064.69 km/h, dir=0.00°
2026-02-07 14:17:55,471 - INFO - Vehicle B updated: 12.928231, 77.594601, speed=90944.89 km/h, dir=0.00°
2026-02-07 14:17:56,184 - INFO - Vehicle A updated: 13.012343, 77.594602, speed=23609.73 km/h, dir=180.00°
2026-02-07 14:17:56,194 - INFO - Vehicle B updated: 12.863252, 77.594603, speed=36008.32 km/h, dir=180.00°
2026-02-07 14:17:56,215 - INFO - Vehicle A updated: 13.069701, 77.594598, speed=730761.07 km/h, dir=360.00°
2026-02-07 14:17:56,473 - INFO - Vehicle B updated: 12.928120, 77.594598, speed=93069.49 km/h, dir=360.00°
2026-02-07 14:17:57,186 - INFO - Vehicle A updated: 13.012438, 77.594598, speed=23623.60 km/h, dir=180.00°
2026-02-07 14:17:57,196 - INFO - Vehicle B updated: 12.863144, 77.594597, speed=35939.34 km/h, dir=180.00°
2026-02-07 14:17:57,225 - INFO - Vehicle A updated: 13.069799, 77.594602, speed=584095.37 km/h, dir=0.00°
2026-02-07 14:17:57,475 - INFO - Vehicle B updated: 12.928001, 77.594604, speed=93276.99 km/h, dir=0.01°
2026-02-07 14:17:58,194 - INFO - Vehicle A updated: 13.012545, 77.594603, speed=23649.44 km/h, dir=180.00°
2026-02-07 14:17:58,198 - INFO - Vehicle B updated: 12.863032, 77.594597, speed=35956.56 km/h, dir=180.01°
2026-02-07 14:17:58,233 - INFO - Vehicle A updated: 13.069895, 77.594600, speed=595911.59 km/h, dir=360.00°
2026-02-07 14:17:58,477 - INFO - Vehicle B updated: 12.927897, 77.594603, speed=93186.54 km/h, dir=0.00°
2026-02-07 14:17:59,196 - INFO - Vehicle A updated: 13.012644, 77.594603, speed=23777.62 km/h, dir=180.00°
2026-02-07 14:17:59,214 - INFO - Vehicle B updated: 12.862919, 77.594597, speed=35270.20 km/h, dir=180.00°
2026-02-07 14:17:59,237 - INFO - Vehicle A updated: 13.070003, 77.594599, speed=568856.53 km/h, dir=360.00°
2026-02-07 14:17:59,479 - INFO - Vehicle B updated: 12.927777, 77.594600, speed=98176.67 km/h, dir=0.00°
2026-02-07 14:18:00,196 - INFO - Vehicle A updated: 13.012737, 77.594604, speed=23891.36 km/h, dir=180.00°
2026-02-07 14:18:00,204 - INFO - Vehicle B updated: 12.862801, 77.594601, speed=35837.18 km/h, dir=180.00°
2026-02-07 14:18:00,237 - INFO - Vehicle A updated: 13.070101, 77.594600, speed=563932.86 km/h, dir=360.00°
2026-02-07 14:18:00,483 - INFO - Vehicle B updated: 12.927664, 77.594603, speed=93110.02 km/h, dir=0.00°
2026-02-07 14:18:01,200 - INFO - Vehicle A updated: 13.012840, 77.594596, speed=23801.12 km/h, dir=180.00°
2026-02-07 14:18:01,207 - INFO - Vehicle B updated: 12.862691, 77.594603, speed=35926.35 km/h, dir=180.00°
2026-02-07 14:18:01,240 - INFO - Vehicle A updated: 13.070195, 77.594599, speed=579178.69 km/h, dir=0.00°
2026-02-07 14:18:01,494 - INFO - Vehicle B updated: 12.927554, 77.594602, speed=90425.15 km/h, dir=360.00°
2026-02-07 14:18:02,204 - INFO - Vehicle A updated: 13.012941, 77.594601, speed=23777.58 km/h, dir=180.00°
2026-02-07 14:18:02,217 - INFO - Vehicle B updated: 12.862581, 77.594598, speed=36044.30 km/h, dir=180.00°
2026-02-07 14:18:02,243 - INFO - Vehicle A updated: 13.070299, 77.594602, speed=578402.38 km/h, dir=0.00°
2026-02-07 14:18:02,501 - INFO - Vehicle B updated: 12.927445, 77.594597, speed=90943.20 km/h, dir=360.00°
2026-02-07 14:18:03,203 - INFO - Vehicle A updated: 13.013038, 77.594601, speed=23874.70 km/h, dir=180.00°
2026-02-07 14:18:03,215 - INFO - Vehicle B updated: 12.862469, 77.594598, speed=36467.73 km/h, dir=180.00°
2026-02-07 14:18:03,246 - INFO - Vehicle A updated: 13.070401, 77.594602, speed=535842.82 km/h, dir=0.00°
2026-02-07 14:18:03,503 - INFO - Vehicle B updated: 12.927332, 77.594596, speed=90173.33 km/h, dir=360.00°
2026-02-07 14:18:04,208 - INFO - Vehicle A updated: 13.013145, 77.594598, speed=23831.60 km/h, dir=180.00°
2026-02-07 14:18:04,240 - INFO - Vehicle B updated: 12.862351, 77.594596, speed=35261.58 km/h, dir=180.00°
2026-02-07 14:18:04,249 - INFO - Vehicle A updated: 13.070495, 77.594604, speed=562347.40 km/h, dir=0.01°
2026-02-07 14:18:04,506 - INFO - Vehicle B updated: 12.927216, 77.594598, speed=97715.67 km/h, dir=0.00°
2026-02-07 14:18:05,218 - INFO - Vehicle A updated: 13.013245, 77.594598, speed=23682.33 km/h, dir=180.01°
2026-02-07 14:18:05,242 - INFO - Vehicle B updated: 12.862238, 77.594601, speed=35430.16 km/h, dir=180.00°
2026-02-07 14:18:05,250 - INFO - Vehicle A updated: 13.070598, 77.594600, speed=675709.87 km/h, dir=0.00°
2026-02-07 14:18:05,506 - INFO - Vehicle B updated: 12.927109, 77.594597, speed=97740.34 km/h, dir=360.00°
2026-02-07 14:18:06,220 - INFO - Vehicle A updated: 13.013345, 77.594598, speed=23629.73 km/h, dir=180.00°
2026-02-07 14:18:06,242 - INFO - Vehicle B updated: 12.862124, 77.594598, speed=35323.50 km/h, dir=180.00°
2026-02-07 14:18:06,253 - INFO - Vehicle A updated: 13.070703, 77.594595, speed=696456.60 km/h, dir=360.00°
2026-02-07 14:18:06,513 - INFO - Vehicle B updated: 12.926989, 77.594603, speed=95939.35 km/h, dir=0.00°
2026-02-07 14:18:07,223 - INFO - Vehicle A updated: 13.013441, 77.594598, speed=23715.70 km/h, dir=180.00°
2026-02-07 14:18:07,247 - INFO - Vehicle B updated: 12.862014, 77.594605, speed=35426.80 km/h, dir=180.00°
2026-02-07 14:18:07,258 - INFO - Vehicle A updated: 13.070804, 77.594604, speed=605276.23 km/h, dir=0.01°
2026-02-07 14:18:07,514 - INFO - Vehicle B updated: 12.926874, 77.594597, speed=97360.53 km/h, dir=359.99°
2026-02-07 14:18:08,223 - INFO - Vehicle A updated: 13.013539, 77.594605, speed=23737.27 km/h, dir=180.00°
2026-02-07 14:18:08,247 - INFO - Vehicle B updated: 12.861900, 77.594602, speed=35455.73 km/h, dir=180.00°
2026-02-07 14:18:08,257 - INFO - Vehicle A updated: 13.070897, 77.594601, speed=690701.91 km/h, dir=360.00°
2026-02-07 14:18:08,515 - INFO - Vehicle B updated: 12.926768, 77.594596, speed=97051.33 km/h, dir=359.99°
2026-02-07 14:18:09,225 - INFO - Vehicle A updated: 13.013646, 77.594596, speed=23657.17 km/h, dir=180.00°
2026-02-07 14:18:09,252 - INFO - Vehicle B updated: 12.861788, 77.594603, speed=35300.92 km/h, dir=179.99°
2026-02-07 14:18:09,258 - INFO - Vehicle A updated: 13.070999, 77.594603, speed=698980.72 km/h, dir=0.01°
2026-02-07 14:18:09,519 - INFO - Vehicle B updated: 12.926655, 77.594605, speed=97322.32 km/h, dir=0.00°
2026-02-07 14:18:10,227 - INFO - Vehicle A updated: 13.013742, 77.594603, speed=23660.82 km/h, dir=180.00°
2026-02-07 14:18:10,275 - INFO - Vehicle B updated: 12.861672, 77.594602, speed=34439.19 km/h, dir=180.00°
2026-02-07 14:18:10,275 - INFO - Vehicle A updated: 13.071097, 77.594601, speed=476278.16 km/h, dir=360.00°
2026-02-07 14:18:10,522 - INFO - Vehicle B updated: 12.926545, 77.594599, speed=104726.33 km/h, dir=360.00°
2026-02-07 14:18:11,229 - INFO - Vehicle A updated: 13.013842, 77.594596, speed=24028.85 km/h, dir=180.01°
2026-02-07 14:18:11,276 - INFO - Vehicle B updated: 12.861563, 77.594601, speed=34508.14 km/h, dir=180.00°
2026-02-07 14:18:11,276 - INFO - Vehicle A updated: 13.071195, 77.594597, speed=491572.61 km/h, dir=0.00°
2026-02-07 14:18:11,527 - INFO - Vehicle B updated: 12.926428, 77.594601, speed=103351.83 km/h, dir=360.00°
2026-02-07 14:18:12,248 - INFO - Vehicle A updated: 13.013938, 77.594603, speed=23624.93 km/h, dir=179.99°
2026-02-07 14:18:12,405 - INFO - Vehicle B updated: 12.861456, 77.594599, speed=29631.58 km/h, dir=180.00°
2026-02-07 14:18:12,410 - INFO - Vehicle A updated: 13.071299, 77.594600, speed=139520.62 km/h, dir=360.00°
2026-02-07 14:18:12,647 - INFO - Vehicle B updated: 12.926320, 77.594603, speed=107263.91 km/h, dir=0.00°
2026-02-07 14:18:13,243 - INFO - Vehicle A updated: 13.014038, 77.594598, speed=27547.62 km/h, dir=180.00°
2026-02-07 14:18:13,403 - INFO - Vehicle B updated: 12.861339, 77.594604, speed=34400.72 km/h, dir=180.00°
2026-02-07 14:18:13,403 - INFO - Vehicle A updated: 13.071402, 77.594604, speed=143211.54 km/h, dir=0.01°
2026-02-07 14:18:13,645 - INFO - Vehicle B updated: 12.926201, 77.594596, speed=107327.92 km/h, dir=359.99°
2026-02-07 14:18:14,244 - INFO - Vehicle A updated: 13.014140, 77.594603, speed=27239.35 km/h, dir=180.00°
2026-02-07 14:18:14,500 - INFO - Vehicle B updated: 12.861225, 77.594595, speed=31045.18 km/h, dir=180.00°
2026-02-07 14:18:14,507 - INFO - Vehicle A updated: 13.071496, 77.594596, speed=87379.14 km/h, dir=359.99°
2026-02-07 14:18:14,689 - INFO - Vehicle B updated: 12.926093, 77.594599, speed=125755.54 km/h, dir=0.00°
2026-02-07 14:18:15,274 - INFO - Vehicle A updated: 13.014239, 77.594602, speed=29901.25 km/h, dir=179.99°
2026-02-07 14:18:15,486 - INFO - Vehicle B updated: 12.861111, 77.594598, speed=32653.92 km/h, dir=180.00°
2026-02-07 14:18:15,574 - INFO - Vehicle A updated: 13.071603, 77.594604, speed=76380.11 km/h, dir=0.00°
2026-02-07 14:18:15,679 - INFO - Vehicle B updated: 12.925981, 77.594597, speed=134069.82 km/h, dir=360.00°
2026-02-07 14:18:16,258 - INFO - Vehicle A updated: 13.014341, 77.594597, speed=33534.42 km/h, dir=180.01°
2026-02-07 14:18:16,489 - INFO - Vehicle B updated: 12.861001, 77.594605, speed=32147.33 km/h, dir=179.99°
2026-02-07 14:18:16,577 - INFO - Vehicle A updated: 13.071699, 77.594602, speed=72055.27 km/h, dir=0.00°
2026-02-07 14:18:16,682 - INFO - Vehicle B updated: 12.925868, 77.594601, speed=134224.50 km/h, dir=360.00°
2026-02-07 14:18:17,260 - INFO - Vehicle A updated: 13.014440, 77.594603, speed=33547.46 km/h, dir=180.00°
2026-02-07 14:18:17,491 - INFO - Vehicle B updated: 12.860889, 77.594601, speed=32164.12 km/h, dir=180.00°
2026-02-07 14:18:17,577 - INFO - Vehicle A updated: 13.071803, 77.594599, speed=72424.14 km/h, dir=360.00°
2026-02-07 14:18:17,684 - INFO - Vehicle B updated: 12.925748, 77.594603, speed=134011.96 km/h, dir=0.00°
2026-02-07 14:18:18,262 - INFO - Vehicle A updated: 13.014544, 77.594597, speed=33435.07 km/h, dir=180.00°
2026-02-07 14:18:18,492 - INFO - Vehicle B updated: 12.860775, 77.594600, speed=32197.75 km/h, dir=180.00°
2026-02-07 14:18:18,577 - INFO - Vehicle A updated: 13.071903, 77.594600, speed=73027.03 km/h, dir=0.00°
2026-02-07 14:18:18,685 - INFO - Vehicle B updated: 12.925640, 77.594603, speed=134870.47 km/h, dir=0.00°
2026-02-07 14:18:19,264 - INFO - Vehicle A updated: 13.014642, 77.594604, speed=33372.21 km/h, dir=180.00°
2026-02-07 14:18:19,495 - INFO - Vehicle B updated: 12.860668, 77.594604, speed=32110.50 km/h, dir=180.00°
2026-02-07 14:18:19,581 - INFO - Vehicle A updated: 13.071997, 77.594601, speed=72304.17 km/h, dir=360.00°
2026-02-07 14:18:19,692 - INFO - Vehicle B updated: 12.925528, 77.594602, speed=131320.00 km/h, dir=360.00°
2026-02-07 14:18:20,266 - INFO - Vehicle A updated: 13.014747, 77.594598, speed=33478.97 km/h, dir=180.00°
2026-02-07 14:18:20,497 - INFO - Vehicle B updated: 12.860546, 77.594598, speed=32450.37 km/h, dir=180.00°
2026-02-07 14:18:20,582 - INFO - Vehicle A updated: 13.072097, 77.594601, speed=72636.14 km/h, dir=0.00°
2026-02-07 14:18:20,693 - INFO - Vehicle B updated: 12.925415, 77.594596, speed=130762.62 km/h, dir=360.00°
2026-02-07 14:18:21,267 - INFO - Vehicle A updated: 13.014845, 77.594599, speed=33435.26 km/h, dir=180.00°
2026-02-07 14:18:21,499 - INFO - Vehicle B updated: 12.860441, 77.594602, speed=32265.86 km/h, dir=179.99°
2026-02-07 14:18:21,589 - INFO - Vehicle A updated: 13.072199, 77.594597, speed=71369.92 km/h, dir=360.00°
2026-02-07 14:18:21,696 - INFO - Vehicle B updated: 12.925303, 77.594597, speed=131370.12 km/h, dir=360.00°
2026-02-07 14:18:22,269 - INFO - Vehicle A updated: 13.014941, 77.594597, speed=33711.59 km/h, dir=180.00°
2026-02-07 14:18:22,501 - INFO - Vehicle B updated: 12.860328, 77.594603, speed=32306.16 km/h, dir=179.99°
2026-02-07 14:18:22,591 - INFO - Vehicle A updated: 13.072303, 77.594598, speed=71186.85 km/h, dir=0.00°
2026-02-07 14:18:22,699 - INFO - Vehicle B updated: 12.925193, 77.594600, speed=131652.59 km/h, dir=360.00°
2026-02-07 14:18:23,269 - INFO - Vehicle A updated: 13.015046, 77.594596, speed=33833.24 km/h, dir=180.00°
2026-02-07 14:18:23,503 - INFO - Vehicle B updated: 12.860212, 77.594596, speed=32329.87 km/h, dir=180.00°
2026-02-07 14:18:23,590 - INFO - Vehicle A updated: 13.072403, 77.594605, speed=71405.69 km/h, dir=0.01°
2026-02-07 14:18:23,701 - INFO - Vehicle B updated: 12.925072, 77.594601, speed=131065.60 km/h, dir=0.00°
2026-02-07 14:18:24,302 - INFO - Vehicle A updated: 13.015146, 77.594598, speed=32210.24 km/h, dir=180.01°
2026-02-07 14:18:24,507 - INFO - Vehicle B updated: 12.860102, 77.594598, speed=32285.21 km/h, dir=180.00°
2026-02-07 14:18:24,640 - INFO - Vehicle A updated: 13.072501, 77.594599, speed=67852.62 km/h, dir=0.00°
2026-02-07 14:18:24,711 - INFO - Vehicle B updated: 12.924962, 77.594600, speed=127469.34 km/h, dir=0.00°
2026-02-07 14:18:25,304 - INFO - Vehicle A updated: 13.015244, 77.594603, speed=34547.14 km/h, dir=180.00°
2026-02-07 14:18:25,509 - INFO - Vehicle B updated: 12.859992, 77.594605, speed=32613.52 km/h, dir=180.00°
2026-02-07 14:18:25,604 - INFO - Vehicle A updated: 13.072597, 77.594599, speed=76502.69 km/h, dir=360.00°
2026-02-07 14:18:25,707 - INFO - Vehicle B updated: 12.924856, 77.594601, speed=130204.45 km/h, dir=360.00°
2026-02-07 14:18:26,303 - INFO - Vehicle A updated: 13.015343, 77.594604, speed=32782.54 km/h, dir=180.00°
2026-02-07 14:18:26,510 - INFO - Vehicle B updated: 12.859877, 77.594597, speed=32401.46 km/h, dir=180.00°
2026-02-07 14:18:26,613 - INFO - Vehicle A updated: 13.072703, 77.594601, speed=74082.14 km/h, dir=360.00°
2026-02-07 14:18:26,713 - INFO - Vehicle B updated: 12.924739, 77.594604, speed=128400.60 km/h, dir=0.01°
2026-02-07 14:18:27,304 - INFO - Vehicle A updated: 13.015444, 77.594599, speed=33186.92 km/h, dir=180.00°
2026-02-07 14:18:27,510 - INFO - Vehicle B updated: 12.859764, 77.594597, speed=32606.05 km/h, dir=180.01°
2026-02-07 14:18:27,610 - INFO - Vehicle A updated: 13.072797, 77.594596, speed=74901.45 km/h, dir=360.00°
2026-02-07 14:18:27,713 - INFO - Vehicle B updated: 12.924630, 77.594601, speed=128149.38 km/h, dir=0.00°
2026-02-07 14:18:28,344 - INFO - Vehicle A updated: 13.015549, 77.594600, speed=31241.22 km/h, dir=180.00°
2026-02-07 14:18:28,511 - INFO - Vehicle B updated: 12.859647, 77.594595, speed=32573.73 km/h, dir=180.00°
2026-02-07 14:18:28,614 - INFO - Vehicle A updated: 13.072899, 77.594602, speed=84933.92 km/h, dir=0.00°
2026-02-07 14:18:28,717 - INFO - Vehicle B updated: 12.924518, 77.594598, speed=126390.27 km/h, dir=0.00°
2026-02-07 14:18:29,345 - INFO - Vehicle A updated: 13.015641, 77.594602, speed=31329.39 km/h, dir=180.00°
2026-02-07 14:18:29,514 - INFO - Vehicle B updated: 12.859537, 77.594601, speed=32645.08 km/h, dir=180.00°
2026-02-07 14:18:29,617 - INFO - Vehicle A updated: 13.072999, 77.594602, speed=84591.65 km/h, dir=360.00°
2026-02-07 14:18:29,720 - INFO - Vehicle B updated: 12.924402, 77.594597, speed=125820.43 km/h, dir=360.00°
2026-02-07 14:18:30,350 - INFO - Vehicle A updated: 13.015747, 77.594597, speed=31267.59 km/h, dir=180.00°
2026-02-07 14:18:30,516 - INFO - Vehicle B updated: 12.859424, 77.594598, speed=32670.48 km/h, dir=180.00°
2026-02-07 14:18:30,616 - INFO - Vehicle A updated: 13.073099, 77.594603, speed=86357.61 km/h, dir=0.01°
2026-02-07 14:18:30,734 - INFO - Vehicle B updated: 12.924291, 77.594599, speed=119101.30 km/h, dir=0.00°
2026-02-07 14:18:31,350 - INFO - Vehicle A updated: 13.015848, 77.594595, speed=31201.65 km/h, dir=180.01°
2026-02-07 14:18:31,517 - INFO - Vehicle B updated: 12.859313, 77.594604, speed=33238.97 km/h, dir=180.00°
2026-02-07 14:18:31,619 - INFO - Vehicle A updated: 13.073206, 77.594604, speed=85570.93 km/h, dir=0.01°
2026-02-07 14:18:31,738 - INFO - Vehicle B updated: 12.924178, 77.594597, speed=118130.49 km/h, dir=359.99°
2026-02-07 14:18:32,355 - INFO - Vehicle A updated: 13.015945, 77.594599, speed=31135.86 km/h, dir=180.00°
2026-02-07 14:18:32,520 - INFO - Vehicle B updated: 12.859199, 77.594600, speed=33219.51 km/h, dir=180.00°
2026-02-07 14:18:32,622 - INFO - Vehicle A updated: 13.073300, 77.594595, speed=85981.49 km/h, dir=360.00°
2026-02-07 14:18:32,740 - INFO - Vehicle B updated: 12.924062, 77.594602, speed=117760.91 km/h, dir=0.00°
2026-02-07 14:18:33,355 - INFO - Vehicle A updated: 13.016041, 77.594598, speed=31266.85 km/h, dir=180.00°
2026-02-07 14:18:33,523 - INFO - Vehicle B updated: 12.859082, 77.594599, speed=33227.82 km/h, dir=180.00°
2026-02-07 14:18:33,624 - INFO - Vehicle A updated: 13.073402, 77.594600, speed=85321.56 km/h, dir=0.00°
2026-02-07 14:18:33,740 - INFO - Vehicle B updated: 12.923947, 77.594604, speed=119557.23 km/h, dir=0.00°
2026-02-07 14:18:34,383 - INFO - Vehicle A updated: 13.016142, 77.594597, speed=30206.25 km/h, dir=180.00°
2026-02-07 14:18:34,524 - INFO - Vehicle B updated: 12.858971, 77.594602, speed=33175.82 km/h, dir=180.00°
2026-02-07 14:18:34,626 - INFO - Vehicle A updated: 13.073497, 77.594599, speed=95207.22 km/h, dir=0.00°
2026-02-07 14:18:34,745 - INFO - Vehicle B updated: 12.923836, 77.594596, speed=117410.41 km/h, dir=359.99°
2026-02-07 14:18:35,383 - INFO - Vehicle A updated: 13.016249, 77.594596, speed=30189.03 km/h, dir=180.00°
2026-02-07 14:18:35,528 - INFO - Vehicle B updated: 12.858864, 77.594597, speed=33233.11 km/h, dir=180.00°
2026-02-07 14:18:35,626 - INFO - Vehicle A updated: 13.073598, 77.594600, speed=94432.77 km/h, dir=0.00°
2026-02-07 14:18:35,747 - INFO - Vehicle B updated: 12.923727, 77.594605, speed=118385.87 km/h, dir=0.01°
2026-02-07 14:18:36,388 - INFO - Vehicle A updated: 13.016342, 77.594596, speed=30098.35 km/h, dir=180.00°
2026-02-07 14:18:36,528 - INFO - Vehicle B updated: 12.858745, 77.594603, speed=33323.95 km/h, dir=180.00°
2026-02-07 14:18:36,639 - INFO - Vehicle A updated: 13.073698, 77.594605, speed=91592.04 km/h, dir=0.01°
2026-02-07 14:18:36,748 - INFO - Vehicle B updated: 12.923610, 77.594595, speed=117992.52 km/h, dir=359.99°
2026-02-07 14:18:37,393 - INFO - Vehicle A updated: 13.016441, 77.594596, speed=30400.36 km/h, dir=180.01°
2026-02-07 14:18:37,532 - INFO - Vehicle B updated: 12.858633, 77.594604, speed=33163.15 km/h, dir=179.99°
2026-02-07 14:18:37,641 - INFO - Vehicle A updated: 13.073798, 77.594603, speed=92329.65 km/h, dir=0.01°
2026-02-07 14:18:37,761 - INFO - Vehicle B updated: 12.923503, 77.594603, speed=113864.78 km/h, dir=360.00°
2026-02-07 14:18:38,395 - INFO - Vehicle A updated: 13.016546, 77.594596, speed=30372.05 km/h, dir=180.01°
2026-02-07 14:18:38,535 - INFO - Vehicle B updated: 12.858526, 77.594598, speed=33578.15 km/h, dir=180.00°
2026-02-07 14:18:38,643 - INFO - Vehicle A updated: 13.073904, 77.594597, speed=92684.17 km/h, dir=0.00°
2026-02-07 14:18:38,762 - INFO - Vehicle B updated: 12.923383, 77.594595, speed=114121.30 km/h, dir=360.00°
2026-02-07 14:18:39,397 - INFO - Vehicle A updated: 13.016644, 77.594599, speed=30415.48 km/h, dir=180.00°
2026-02-07 14:18:39,538 - INFO - Vehicle B updated: 12.858414, 77.594602, speed=33529.72 km/h, dir=179.99°
2026-02-07 14:18:39,644 - INFO - Vehicle A updated: 13.074000, 77.594598, speed=92818.78 km/h, dir=360.00°
2026-02-07 14:18:39,763 - INFO - Vehicle B updated: 12.923280, 77.594600, speed=115457.67 km/h, dir=360.00°
2026-02-07 14:18:40,403 - INFO - Vehicle A updated: 13.016746, 77.594596, speed=30213.67 km/h, dir=180.00°
2026-02-07 14:18:40,543 - INFO - Vehicle B updated: 12.858296, 77.594603, speed=33334.67 km/h, dir=180.00°
2026-02-07 14:18:40,647 - INFO - Vehicle A updated: 13.074106, 77.594599, speed=94016.44 km/h, dir=0.00°
2026-02-07 14:18:40,766 - INFO - Vehicle B updated: 12.923160, 77.594599, speed=116616.36 km/h, dir=360.00°
2026-02-07 14:18:41,406 - INFO - Vehicle A updated: 13.016847, 77.594596, speed=30186.17 km/h, dir=180.00°
2026-02-07 14:18:41,543 - INFO - Vehicle B updated: 12.858181, 77.594601, speed=33464.80 km/h, dir=180.00°
2026-02-07 14:18:41,647 - INFO - Vehicle A updated: 13.074200, 77.594597, speed=95334.66 km/h, dir=0.00°
2026-02-07 14:18:41,776 - INFO - Vehicle B updated: 12.923052, 77.594600, speed=111553.61 km/h, dir=360.00°
2026-02-07 14:18:42,406 - INFO - Vehicle A updated: 13.016942, 77.594597, speed=30198.01 km/h, dir=180.00°
2026-02-07 14:18:42,565 - INFO - Vehicle B updated: 12.858072, 77.594603, speed=32981.71 km/h, dir=180.00°
2026-02-07 14:18:42,652 - INFO - Vehicle A updated: 13.074302, 77.594602, speed=93997.56 km/h, dir=0.01°
2026-02-07 14:18:42,779 - INFO - Vehicle B updated: 12.922940, 77.594604, speed=121232.28 km/h, dir=0.00°
2026-02-07 14:18:43,407 - INFO - Vehicle A updated: 13.017042, 77.594604, speed=30278.58 km/h, dir=180.00°
2026-02-07 14:18:43,565 - INFO - Vehicle B updated: 12.857963, 77.594605, speed=33090.04 km/h, dir=180.00°
2026-02-07 14:18:43,652 - INFO - Vehicle A updated: 13.074405, 77.594602, speed=93917.07 km/h, dir=360.00°
2026-02-07 14:18:43,783 - INFO - Vehicle B updated: 12.922824, 77.594595, speed=118963.57 km/h, dir=359.99°
2026-02-07 14:18:44,411 - INFO - Vehicle A updated: 13.017147, 77.594598, speed=30181.12 km/h, dir=180.00°
2026-02-07 14:18:44,567 - INFO - Vehicle B updated: 12.857843, 77.594602, speed=33164.64 km/h, dir=179.99°
2026-02-07 14:18:44,656 - INFO - Vehicle A updated: 13.074508, 77.594604, speed=93957.76 km/h, dir=0.01°
2026-02-07 14:18:44,788 - INFO - Vehicle B updated: 12.922711, 77.594599, speed=117567.36 km/h, dir=360.00°
2026-02-07 14:18:45,412 - INFO - Vehicle A updated: 13.017244, 77.594597, speed=30320.71 km/h, dir=180.01°
2026-02-07 14:18:45,568 - INFO - Vehicle B updated: 12.857737, 77.594599, speed=33346.44 km/h, dir=180.00°
2026-02-07 14:18:45,659 - INFO - Vehicle A updated: 13.074602, 77.594597, speed=92659.69 km/h, dir=360.00°
2026-02-07 14:18:45,800 - INFO - Vehicle B updated: 12.922599, 77.594598, speed=112832.14 km/h, dir=360.00°
2026-02-07 14:18:46,413 - INFO - Vehicle A updated: 13.017343, 77.594595, speed=30414.52 km/h, dir=180.00°
2026-02-07 14:18:46,570 - INFO - Vehicle B updated: 12.857618, 77.594600, speed=33727.33 km/h, dir=180.00°
2026-02-07 14:18:46,659 - INFO - Vehicle A updated: 13.074699, 77.594596, speed=93312.65 km/h, dir=0.00°
2026-02-07 14:18:46,804 - INFO - Vehicle B updated: 12.922488, 77.594599, speed=110969.67 km/h, dir=360.00°
2026-02-07 14:18:47,452 - INFO - Vehicle A updated: 13.017442, 77.594599, speed=28899.93 km/h, dir=180.00°
2026-02-07 14:18:47,573 - INFO - Vehicle B updated: 12.857513, 77.594598, speed=33888.82 km/h, dir=180.00°
2026-02-07 14:18:47,663 - INFO - Vehicle A updated: 13.074800, 77.594605, speed=108733.74 km/h, dir=0.01°
2026-02-07 14:18:47,807 - INFO - Vehicle B updated: 12.922379, 77.594599, speed=110114.75 km/h, dir=0.00°
2026-02-07 14:18:48,453 - INFO - Vehicle A updated: 13.017550, 77.594602, speed=29022.91 km/h, dir=180.00°
2026-02-07 14:18:48,574 - INFO - Vehicle B updated: 12.857394, 77.594596, speed=33925.32 km/h, dir=180.00°
2026-02-07 14:18:48,663 - INFO - Vehicle A updated: 13.074908, 77.594603, speed=109142.89 km/h, dir=0.00°
2026-02-07 14:18:48,809 - INFO - Vehicle B updated: 12.922258, 77.594604, speed=110354.21 km/h, dir=0.01°
2026-02-07 14:18:49,456 - INFO - Vehicle A updated: 13.017642, 77.594596, speed=28906.43 km/h, dir=180.01°
2026-02-07 14:18:49,578 - INFO - Vehicle B updated: 12.857288, 77.594597, speed=33821.27 km/h, dir=180.01°
2026-02-07 14:18:49,664 - INFO - Vehicle A updated: 13.075002, 77.594601, speed=110409.06 km/h, dir=0.01°
2026-02-07 14:18:49,813 - INFO - Vehicle B updated: 12.922148, 77.594601, speed=110569.90 km/h, dir=0.00°
2026-02-07 14:18:50,458 - INFO - Vehicle A updated: 13.017746, 77.594603, speed=28888.88 km/h, dir=180.00°
2026-02-07 14:18:50,577 - INFO - Vehicle B updated: 12.857169, 77.594601, speed=34046.65 km/h, dir=180.00°
2026-02-07 14:18:50,667 - INFO - Vehicle A updated: 13.075102, 77.594600, speed=109647.57 km/h, dir=360.00°
2026-02-07 14:18:50,835 - INFO - Vehicle B updated: 12.922035, 77.594604, speed=100562.87 km/h, dir=0.00°
2026-02-07 14:18:51,460 - INFO - Vehicle A updated: 13.017842, 77.594600, speed=28910.30 km/h, dir=180.00°
2026-02-07 14:18:51,579 - INFO - Vehicle B updated: 12.857057, 77.594605, speed=34974.62 km/h, dir=180.00°
2026-02-07 14:18:51,669 - INFO - Vehicle A updated: 13.075201, 77.594597, speed=110086.37 km/h, dir=360.00°
2026-02-07 14:18:51,835 - INFO - Vehicle B updated: 12.921920, 77.594602, speed=101249.66 km/h, dir=360.00°
2026-02-07 14:18:52,461 - INFO - Vehicle A updated: 13.017944, 77.594602, speed=28927.93 km/h, dir=180.00°
2026-02-07 14:18:52,582 - INFO - Vehicle B updated: 12.856943, 77.594601, speed=34835.82 km/h, dir=180.00°
2026-02-07 14:18:52,670 - INFO - Vehicle A updated: 13.075300, 77.594596, speed=109635.30 km/h, dir=359.99°
2026-02-07 14:18:52,837 - INFO - Vehicle B updated: 12.921812, 77.594598, speed=101618.58 km/h, dir=360.00°
2026-02-07 14:18:53,463 - INFO - Vehicle A updated: 13.018045, 77.594597, speed=28916.41 km/h, dir=180.00°
2026-02-07 14:18:53,583 - INFO - Vehicle B updated: 12.856835, 77.594603, speed=34976.97 km/h, dir=180.00°
2026-02-07 14:18:53,671 - INFO - Vehicle A updated: 13.075408, 77.594602, speed=110257.34 km/h, dir=0.00°
2026-02-07 14:18:53,838 - INFO - Vehicle B updated: 12.921703, 77.594604, speed=101100.54 km/h, dir=0.00°
2026-02-07 14:18:54,464 - INFO - Vehicle A updated: 13.018147, 77.594601, speed=28911.93 km/h, dir=180.00°
2026-02-07 14:18:54,585 - INFO - Vehicle B updated: 12.856719, 77.594595, speed=34812.53 km/h, dir=180.01°
2026-02-07 14:18:54,672 - INFO - Vehicle A updated: 13.075508, 77.594598, speed=110326.06 km/h, dir=360.00°
2026-02-07 14:18:54,841 - INFO - Vehicle B updated: 12.921589, 77.594597, speed=101493.59 km/h, dir=0.00°
2026-02-07 14:18:55,467 - INFO - Vehicle A updated: 13.018249, 77.594597, speed=28841.49 km/h, dir=180.00°
2026-02-07 14:18:55,586 - INFO - Vehicle B updated: 12.856607, 77.594602, speed=34918.10 km/h, dir=180.00°
2026-02-07 14:18:55,681 - INFO - Vehicle A updated: 13.075602, 77.594604, speed=107054.30 km/h, dir=0.01°
2026-02-07 14:18:55,840 - INFO - Vehicle B updated: 12.921470, 77.594603, speed=102066.41 km/h, dir=0.00°
2026-02-07 14:18:56,470 - INFO - Vehicle A updated: 13.018345, 77.594597, speed=29049.19 km/h, dir=180.01°
2026-02-07 14:18:56,607 - INFO - Vehicle B updated: 12.856494, 77.594599, speed=33911.65 km/h, dir=180.00°
2026-02-07 14:18:56,685 - INFO - Vehicle A updated: 13.075705, 77.594598, speed=106971.76 km/h, dir=0.00°
2026-02-07 14:18:56,896 - INFO - Vehicle B updated: 12.921356, 77.594599, speed=90327.48 km/h, dir=0.00°
2026-02-07 14:18:57,469 - INFO - Vehicle A updated: 13.018445, 77.594596, speed=29216.96 km/h, dir=180.00°
2026-02-07 14:18:57,610 - INFO - Vehicle B updated: 12.856379, 77.594604, speed=36371.07 km/h, dir=180.00°
2026-02-07 14:18:57,690 - INFO - Vehicle A updated: 13.075808, 77.594595, speed=104089.46 km/h, dir=360.00°
2026-02-07 14:18:57,895 - INFO - Vehicle B updated: 12.921249, 77.594602, speed=91007.17 km/h, dir=360.00°
2026-02-07 14:18:58,470 - INFO - Vehicle A updated: 13.018548, 77.594596, speed=29379.43 km/h, dir=180.00°
2026-02-07 14:18:58,610 - INFO - Vehicle B updated: 12.856276, 77.594597, speed=36365.70 km/h, dir=180.00°
2026-02-07 14:18:58,692 - INFO - Vehicle A updated: 13.075906, 77.594603, speed=103446.60 km/h, dir=0.01°
2026-02-07 14:18:58,905 - INFO - Vehicle B updated: 12.921133, 77.594598, speed=88144.14 km/h, dir=0.00°
2026-02-07 14:18:59,471 - INFO - Vehicle A updated: 13.018645, 77.594595, speed=29419.02 km/h, dir=180.01°
2026-02-07 14:18:59,618 - INFO - Vehicle B updated: 12.856158, 77.594602, speed=36489.62 km/h, dir=180.00°
2026-02-07 14:18:59,724 - INFO - Vehicle A updated: 13.076002, 77.594600, speed=90915.36 km/h, dir=0.00°
2026-02-07 14:18:59,935 - INFO - Vehicle B updated: 12.921026, 77.594603, speed=81840.68 km/h, dir=0.00°
2026-02-07 14:19:00,473 - INFO - Vehicle A updated: 13.018742, 77.594602, speed=30612.71 km/h, dir=180.00°
2026-02-07 14:19:00,619 - INFO - Vehicle B updated: 12.856044, 77.594598, speed=38024.52 km/h, dir=180.00°
2026-02-07 14:19:00,743 - INFO - Vehicle A updated: 13.076104, 77.594597, speed=84958.17 km/h, dir=359.99°
2026-02-07 14:19:00,922 - INFO - Vehicle B updated: 12.920906, 77.594598, speed=85798.06 km/h, dir=360.00°
2026-02-07 14:19:01,475 - INFO - Vehicle A updated: 13.018846, 77.594598, speed=31294.71 km/h, dir=180.00°
2026-02-07 14:19:01,621 - INFO - Vehicle B updated: 12.855932, 77.594596, speed=37181.87 km/h, dir=180.00°
2026-02-07 14:19:01,743 - INFO - Vehicle A updated: 13.076206, 77.594603, speed=85715.44 km/h, dir=0.01°
2026-02-07 14:19:01,922 - INFO - Vehicle B updated: 12.920797, 77.594596, speed=86307.03 km/h, dir=360.00°
2026-02-07 14:19:02,479 - INFO - Vehicle A updated: 13.018946, 77.594598, speed=31166.00 km/h, dir=180.00°
2026-02-07 14:19:02,621 - INFO - Vehicle B updated: 12.855819, 77.594597, speed=37190.42 km/h, dir=180.00°
2026-02-07 14:19:02,745 - INFO - Vehicle A updated: 13.076302, 77.594602, speed=86109.89 km/h, dir=0.00°
2026-02-07 14:19:02,922 - INFO - Vehicle B updated: 12.920685, 77.594598, speed=86239.55 km/h, dir=0.00°
2026-02-07 14:19:03,484 - INFO - Vehicle A updated: 13.019047, 77.594600, speed=31045.54 km/h, dir=180.00°
2026-02-07 14:19:03,625 - INFO - Vehicle B updated: 12.855712, 77.594603, speed=37039.28 km/h, dir=180.00°
2026-02-07 14:19:03,747 - INFO - Vehicle A updated: 13.076403, 77.594605, speed=87183.01 km/h, dir=0.00°
2026-02-07 14:19:03,933 - INFO - Vehicle B updated: 12.920576, 77.594605, speed=84069.47 km/h, dir=0.00°
2026-02-07 14:19:04,537 - INFO - Vehicle A updated: 13.019146, 77.594598, speed=29014.96 km/h, dir=180.01°
2026-02-07 14:19:04,626 - INFO - Vehicle B updated: 12.855598, 77.594598, speed=37544.29 km/h, dir=180.01°
2026-02-07 14:19:04,751 - INFO - Vehicle A updated: 13.076500, 77.594596, speed=107279.88 km/h, dir=360.00°
2026-02-07 14:19:04,933 - INFO - Vehicle B updated: 12.920457, 77.594603, speed=84515.46 km/h, dir=0.00°
2026-02-07 14:19:05,542 - INFO - Vehicle A updated: 13.019252, 77.594599, speed=28960.96 km/h, dir=180.00°
2026-02-07 14:19:05,625 - INFO - Vehicle B updated: 12.855482, 77.594604, speed=37585.74 km/h, dir=180.00°
2026-02-07 14:19:05,752 - INFO - Vehicle A updated: 13.076603, 77.594604, speed=109212.10 km/h, dir=0.01°
2026-02-07 14:19:05,935 - INFO - Vehicle B updated: 12.920351, 77.594597, speed=83899.00 km/h, dir=359.99°
2026-02-07 14:19:06,552 - INFO - Vehicle A updated: 13.019344, 77.594599, speed=28647.46 km/h, dir=180.00°
2026-02-07 14:19:06,628 - INFO - Vehicle B updated: 12.855375, 77.594599, speed=37514.15 km/h, dir=180.00°
2026-02-07 14:19:06,753 - INFO - Vehicle A updated: 13.076702, 77.594595, speed=114629.31 km/h, dir=360.00°
2026-02-07 14:19:06,944 - INFO - Vehicle B updated: 12.920233, 77.594605, speed=82323.05 km/h, dir=0.01°
2026-02-07 14:19:07,552 - INFO - Vehicle A updated: 13.019449, 77.594597, speed=28672.32 km/h, dir=180.00°
2026-02-07 14:19:07,630 - INFO - Vehicle B updated: 12.855260, 77.594604, speed=37899.40 km/h, dir=180.00°
2026-02-07 14:19:07,754 - INFO - Vehicle A updated: 13.076806, 77.594604, speed=113753.98 km/h, dir=0.01°
2026-02-07 14:19:07,946 - INFO - Vehicle B updated: 12.920120, 77.594596, speed=82102.06 km/h, dir=359.99°
2026-02-07 14:19:08,554 - INFO - Vehicle A updated: 13.019548, 77.594601, speed=28632.89 km/h, dir=180.00°
2026-02-07 14:19:08,631 - INFO - Vehicle B updated: 12.855144, 77.594596, speed=37975.28 km/h, dir=180.00°
2026-02-07 14:19:08,756 - INFO - Vehicle A updated: 13.076908, 77.594605, speed=113777.50 km/h, dir=0.00°
2026-02-07 14:19:08,946 - INFO - Vehicle B updated: 12.920014, 77.594600, speed=82368.22 km/h, dir=0.00°
2026-02-07 14:19:09,556 - INFO - Vehicle A updated: 13.019644, 77.594602, speed=28647.50 km/h, dir=180.00°
2026-02-07 14:19:09,634 - INFO - Vehicle B updated: 12.855029, 77.594597, speed=37852.67 km/h, dir=180.00°
2026-02-07 14:19:09,758 - INFO - Vehicle A updated: 13.077010, 77.594603, speed=113833.78 km/h, dir=0.00°
2026-02-07 14:19:09,947 - INFO - Vehicle B updated: 12.919894, 77.594602, speed=82765.17 km/h, dir=0.00°
2026-02-07 14:19:10,556 - INFO - Vehicle A updated: 13.019747, 77.594603, speed=28716.32 km/h, dir=180.00°
2026-02-07 14:19:10,636 - INFO - Vehicle B updated: 12.854919, 77.594602, speed=37751.58 km/h, dir=180.00°
2026-02-07 14:19:10,759 - INFO - Vehicle A updated: 13.077107, 77.594595, speed=113301.51 km/h, dir=359.99°
2026-02-07 14:19:10,950 - INFO - Vehicle B updated: 12.919781, 77.594598, speed=82658.61 km/h, dir=360.00°
2026-02-07 14:19:11,560 - INFO - Vehicle A updated: 13.019850, 77.594599, speed=28608.69 km/h, dir=180.00°
2026-02-07 14:19:11,638 - INFO - Vehicle B updated: 12.854810, 77.594598, speed=37816.93 km/h, dir=180.00°
2026-02-07 14:19:11,762 - INFO - Vehicle A updated: 13.077209, 77.594597, speed=113857.61 km/h, dir=360.00°
2026-02-07 14:19:11,953 - INFO - Vehicle B updated: 12.919669, 77.594599, speed=82556.56 km/h, dir=0.00°
2026-02-07 14:19:12,562 - INFO - Vehicle A updated: 13.019948, 77.594604, speed=28632.95 km/h, dir=179.99°
2026-02-07 14:19:12,637 - INFO - Vehicle B updated: 12.854697, 77.594602, speed=37978.34 km/h, dir=180.00°
2026-02-07 14:19:12,764 - INFO - Vehicle A updated: 13.077306, 77.594601, speed=115135.26 km/h, dir=360.00°
2026-02-07 14:19:12,972 - INFO - Vehicle B updated: 12.919561, 77.594599, speed=77685.29 km/h, dir=360.00°
2026-02-07 14:19:13,563 - INFO - Vehicle A updated: 13.020053, 77.594602, speed=28614.58 km/h, dir=180.00°
2026-02-07 14:19:13,640 - INFO - Vehicle B updated: 12.854583, 77.594601, speed=38918.82 km/h, dir=180.00°
2026-02-07 14:19:13,766 - INFO - Vehicle A updated: 13.077404, 77.594601, speed=112709.76 km/h, dir=360.00°
2026-02-07 14:19:13,971 - INFO - Vehicle B updated: 12.919448, 77.594596, speed=78440.27 km/h, dir=360.00°
2026-02-07 14:19:14,567 - INFO - Vehicle A updated: 13.020149, 77.594604, speed=28631.65 km/h, dir=180.00°
2026-02-07 14:19:14,644 - INFO - Vehicle B updated: 12.854465, 77.594599, speed=38671.17 km/h, dir=180.00°
2026-02-07 14:19:14,773 - INFO - Vehicle A updated: 13.077507, 77.594605, speed=111389.12 km/h, dir=0.00°
2026-02-07 14:19:14,976 - INFO - Vehicle B updated: 12.919329, 77.594598, speed=78142.27 km/h, dir=360.00°
2026-02-07 14:19:15,567 - INFO - Vehicle A updated: 13.020249, 77.594604, speed=28871.90 km/h, dir=180.00°
2026-02-07 14:19:15,645 - INFO - Vehicle B updated: 12.854360, 77.594596, speed=38862.21 km/h, dir=180.00°
2026-02-07 14:19:15,768 - INFO - Vehicle A updated: 13.077603, 77.594597, speed=114113.17 km/h, dir=359.99°
2026-02-07 14:19:15,979 - INFO - Vehicle B updated: 12.919225, 77.594604, speed=77809.68 km/h, dir=0.01°
2026-02-07 14:19:16,573 - INFO - Vehicle A updated: 13.020349, 77.594599, speed=28491.81 km/h, dir=180.00°
2026-02-07 14:19:16,649 - INFO - Vehicle B updated: 12.854243, 77.594603, speed=38834.75 km/h, dir=180.00°
2026-02-07 14:19:16,777 - INFO - Vehicle A updated: 13.077702, 77.594601, speed=112284.73 km/h, dir=0.00°
2026-02-07 14:19:16,981 - INFO - Vehicle B updated: 12.919110, 77.594600, speed=78179.16 km/h, dir=360.00°
2026-02-07 14:19:17,575 - INFO - Vehicle A updated: 13.020446, 77.594603, speed=28729.07 km/h, dir=180.00°
2026-02-07 14:19:17,650 - INFO - Vehicle B updated: 12.854134, 77.594598, speed=38864.58 km/h, dir=180.00°
2026-02-07 14:19:17,779 - INFO - Vehicle A updated: 13.077807, 77.594595, speed=113294.60 km/h, dir=359.99°
2026-02-07 14:19:17,986 - INFO - Vehicle B updated: 12.918998, 77.594601, speed=77899.12 km/h, dir=0.00°
2026-02-07 14:19:18,577 - INFO - Vehicle A updated: 13.020552, 77.594598, speed=28681.33 km/h, dir=180.00°
2026-02-07 14:19:18,651 - INFO - Vehicle B updated: 12.854019, 77.594600, speed=38952.29 km/h, dir=180.00°
2026-02-07 14:19:18,782 - INFO - Vehicle A updated: 13.077903, 77.594597, speed=111828.50 km/h, dir=360.00°
2026-02-07 14:19:18,985 - INFO - Vehicle B updated: 12.918884, 77.594600, speed=77709.08 km/h, dir=0.00°
2026-02-07 14:19:19,576 - INFO - Vehicle A updated: 13.020648, 77.594605, speed=28869.66 km/h, dir=179.99°
2026-02-07 14:19:19,652 - INFO - Vehicle B updated: 12.853902, 77.594596, speed=39034.02 km/h, dir=180.00°
2026-02-07 14:19:19,784 - INFO - Vehicle A updated: 13.078008, 77.594604, speed=110364.40 km/h, dir=360.00°
2026-02-07 14:19:19,988 - INFO - Vehicle B updated: 12.918770, 77.594599, speed=77173.58 km/h, dir=0.00°
2026-02-07 14:19:20,579 - INFO - Vehicle A updated: 13.020750, 77.594600, speed=28829.81 km/h, dir=180.00°
2026-02-07 14:19:20,655 - INFO - Vehicle B updated: 12.853797, 77.594598, speed=39037.64 km/h, dir=180.00°
2026-02-07 14:19:20,789 - INFO - Vehicle A updated: 13.078102, 77.594598, speed=109458.91 km/h, dir=360.00°
2026-02-07 14:19:20,990 - INFO - Vehicle B updated: 12.918655, 77.594601, speed=77502.02 km/h, dir=0.00°
2026-02-07 14:19:21,580 - INFO - Vehicle A updated: 13.020846, 77.594600, speed=28941.76 km/h, dir=180.00°
2026-02-07 14:19:21,657 - INFO - Vehicle B updated: 12.853682, 77.594595, speed=38967.68 km/h, dir=180.01°
2026-02-07 14:19:21,788 - INFO - Vehicle A updated: 13.078202, 77.594598, speed=110424.38 km/h, dir=360.00°
2026-02-07 14:19:21,991 - INFO - Vehicle B updated: 12.918551, 77.594603, speed=77841.65 km/h, dir=0.01°
2026-02-07 14:19:22,582 - INFO - Vehicle A updated: 13.020948, 77.594603, speed=28881.82 km/h, dir=180.00°
2026-02-07 14:19:22,658 - INFO - Vehicle B updated: 12.853569, 77.594596, speed=38944.11 km/h, dir=180.01°
2026-02-07 14:19:22,805 - INFO - Vehicle A updated: 13.078309, 77.594603, speed=103124.06 km/h, dir=360.00°
2026-02-07 14:19:22,991 - INFO - Vehicle B updated: 12.918433, 77.594602, speed=77991.41 km/h, dir=0.01°
2026-02-07 14:19:23,584 - INFO - Vehicle A updated: 13.021049, 77.594597, speed=29512.01 km/h, dir=180.01°
2026-02-07 14:19:23,662 - INFO - Vehicle B updated: 12.853460, 77.594599, speed=38766.18 km/h, dir=180.00°
2026-02-07 14:19:23,810 - INFO - Vehicle A updated: 13.078405, 77.594600, speed=100853.56 km/h, dir=0.00°
2026-02-07 14:19:23,993 - INFO - Vehicle B updated: 12.918324, 77.594596, speed=78496.80 km/h, dir=360.00°
2026-02-07 14:19:24,587 - INFO - Vehicle A updated: 13.021148, 77.594601, speed=29467.95 km/h, dir=180.00°
2026-02-07 14:19:24,666 - INFO - Vehicle B updated: 12.853344, 77.594598, speed=38680.59 km/h, dir=180.00°
2026-02-07 14:19:24,811 - INFO - Vehicle A updated: 13.078505, 77.594599, speed=102443.72 km/h, dir=360.00°
2026-02-07 14:19:24,997 - INFO - Vehicle B updated: 12.918206, 77.594603, speed=78354.75 km/h, dir=0.00°
2026-02-07 14:19:25,590 - INFO - Vehicle A updated: 13.021253, 77.594599, speed=29397.37 km/h, dir=180.00°
2026-02-07 14:19:25,670 - INFO - Vehicle B updated: 12.853226, 77.594598, speed=38677.77 km/h, dir=180.00°
2026-02-07 14:19:25,816 - INFO - Vehicle A updated: 13.078612, 77.594601, speed=101968.70 km/h, dir=0.00°
2026-02-07 14:19:26,000 - INFO - Vehicle B updated: 12.918097, 77.594601, speed=78749.24 km/h, dir=0.00°
2026-02-07 14:19:26,595 - INFO - Vehicle A updated: 13.021354, 77.594600, speed=29426.03 km/h, dir=180.00°
2026-02-07 14:19:26,670 - INFO - Vehicle B updated: 12.853114, 77.594603, speed=38760.78 km/h, dir=180.00°
2026-02-07 14:19:26,817 - INFO - Vehicle A updated: 13.078707, 77.594603, speed=103109.79 km/h, dir=0.00°
2026-02-07 14:19:27,002 - INFO - Vehicle B updated: 12.917983, 77.594601, speed=78398.92 km/h, dir=360.00°
2026-02-07 14:19:27,594 - INFO - Vehicle A updated: 13.021445, 77.594602, speed=29490.65 km/h, dir=180.00°
2026-02-07 14:19:27,674 - INFO - Vehicle B updated: 12.853003, 77.594603, speed=38702.57 km/h, dir=180.00°
2026-02-07 14:19:27,822 - INFO - Vehicle A updated: 13.078811, 77.594605, speed=101120.65 km/h, dir=0.00°
2026-02-07 14:19:28,009 - INFO - Vehicle B updated: 12.917869, 77.594597, speed=77513.24 km/h, dir=360.00°
2026-02-07 14:19:28,599 - INFO - Vehicle A updated: 13.021548, 77.594602, speed=29600.38 km/h, dir=180.00°
2026-02-07 14:19:28,674 - INFO - Vehicle B updated: 12.852888, 77.594600, speed=39105.10 km/h, dir=180.00°
2026-02-07 14:19:28,821 - INFO - Vehicle A updated: 13.078905, 77.594604, speed=102158.33 km/h, dir=0.00°
2026-02-07 14:19:29,007 - INFO - Vehicle B updated: 12.917757, 77.594602, speed=77927.69 km/h, dir=0.00°
2026-02-07 14:19:29,600 - INFO - Vehicle A updated: 13.021647, 77.594597, speed=29487.69 km/h, dir=180.01°
2026-02-07 14:19:29,675 - INFO - Vehicle B updated: 12.852782, 77.594604, speed=38954.72 km/h, dir=180.00°
2026-02-07 14:19:29,823 - INFO - Vehicle A updated: 13.079006, 77.594602, speed=102093.73 km/h, dir=0.00°
2026-02-07 14:19:30,008 - INFO - Vehicle B updated: 12.917645, 77.594602, speed=77833.96 km/h, dir=360.00°
2026-02-07 14:19:30,599 - INFO - Vehicle A updated: 13.021748, 77.594596, speed=29544.30 km/h, dir=180.01°
2026-02-07 14:19:30,676 - INFO - Vehicle B updated: 12.852670, 77.594601, speed=38933.85 km/h, dir=180.00°
2026-02-07 14:19:30,827 - INFO - Vehicle A updated: 13.079108, 77.594602, speed=101024.98 km/h, dir=0.01°
2026-02-07 14:19:31,011 - INFO - Vehicle B updated: 12.917536, 77.594596, speed=77595.07 km/h, dir=360.00°
2026-02-07 14:19:31,603 - INFO - Vehicle A updated: 13.021851, 77.594597, speed=29485.69 km/h, dir=180.01°
2026-02-07 14:19:31,681 - INFO - Vehicle B updated: 12.852558, 77.594599, speed=38797.06 km/h, dir=180.00°
2026-02-07 14:19:31,828 - INFO - Vehicle A updated: 13.079207, 77.594605, speed=102387.46 km/h, dir=0.01°
2026-02-07 14:19:32,015 - INFO - Vehicle B updated: 12.917421, 77.594604, speed=77854.29 km/h, dir=0.00°
2026-02-07 14:19:32,604 - INFO - Vehicle A updated: 13.021946, 77.594597, speed=29540.24 km/h, dir=180.01°
2026-02-07 14:19:32,689 - INFO - Vehicle B updated: 12.852445, 77.594601, speed=38585.82 km/h, dir=180.00°
2026-02-07 14:19:32,828 - INFO - Vehicle A updated: 13.079310, 77.594599, speed=102164.51 km/h, dir=0.00°
2026-02-07 14:19:33,020 - INFO - Vehicle B updated: 12.917304, 77.594603, speed=78468.21 km/h, dir=0.00°
2026-02-07 14:19:33,606 - INFO - Vehicle A updated: 13.022047, 77.594598, speed=29479.15 km/h, dir=180.00°
2026-02-07 14:19:33,690 - INFO - Vehicle B updated: 12.852333, 77.594596, speed=38798.13 km/h, dir=180.01°
2026-02-07 14:19:33,829 - INFO - Vehicle A updated: 13.079411, 77.594601, speed=102725.55 km/h, dir=0.00°
2026-02-07 14:19:34,017 - INFO - Vehicle B updated: 12.917196, 77.594596, speed=79517.31 km/h, dir=360.00°
2026-02-07 14:19:34,606 - INFO - Vehicle A updated: 13.022149, 77.594605, speed=29498.09 km/h, dir=180.00°
2026-02-07 14:19:34,692 - INFO - Vehicle B updated: 12.852217, 77.594603, speed=38515.73 km/h, dir=179.99°
2026-02-07 14:19:34,834 - INFO - Vehicle A updated: 13.079511, 77.594598, speed=100748.17 km/h, dir=359.99°
2026-02-07 14:19:35,022 - INFO - Vehicle B updated: 12.917082, 77.594596, speed=78698.04 km/h, dir=359.99°
2026-02-07 14:19:35,610 - INFO - Vehicle A updated: 13.022249, 77.594603, speed=29554.83 km/h, dir=180.00°
2026-02-07 14:19:35,694 - INFO - Vehicle B updated: 12.852102, 77.594600, speed=38727.57 km/h, dir=180.00°
2026-02-07 14:19:35,835 - INFO - Vehicle A updated: 13.079603, 77.594601, speed=102241.19 km/h, dir=360.00°
2026-02-07 14:19:36,021 - INFO - Vehicle B updated: 12.916969, 77.594599, speed=79228.44 km/h, dir=360.00°
2026-02-07 14:19:36,609 - INFO - Vehicle A updated: 13.022347, 77.594603, speed=29593.05 km/h, dir=180.00°
2026-02-07 14:19:36,696 - INFO - Vehicle B updated: 12.851995, 77.594602, speed=38565.51 km/h, dir=180.00°
2026-02-07 14:19:36,838 - INFO - Vehicle A updated: 13.079710, 77.594597, speed=100475.20 km/h, dir=359.99°
2026-02-07 14:19:37,022 - INFO - Vehicle B updated: 12.916860, 77.594601, speed=79543.37 km/h, dir=360.00°
2026-02-07 14:19:37,612 - INFO - Vehicle A updated: 13.022446, 77.594602, speed=29593.92 km/h, dir=179.99°
2026-02-07 14:19:37,697 - INFO - Vehicle B updated: 12.851875, 77.594603, speed=38567.80 km/h, dir=180.00°
2026-02-07 14:19:37,838 - INFO - Vehicle A updated: 13.079804, 77.594596, speed=101724.43 km/h, dir=359.99°
2026-02-07 14:19:38,025 - INFO - Vehicle B updated: 12.916744, 77.594604, speed=79089.19 km/h, dir=0.00°
2026-02-07 14:19:38,612 - INFO - Vehicle A updated: 13.022548, 77.594599, speed=29607.38 km/h, dir=180.00°
2026-02-07 14:19:38,704 - INFO - Vehicle B updated: 12.851768, 77.594600, speed=38325.10 km/h, dir=180.00°
2026-02-07 14:19:38,841 - INFO - Vehicle A updated: 13.079907, 77.594602, speed=100209.58 km/h, dir=0.00°
2026-02-07 14:19:39,028 - INFO - Vehicle B updated: 12.916635, 77.594600, speed=80058.75 km/h, dir=0.00°
2026-02-07 14:19:39,615 - INFO - Vehicle A updated: 13.022656, 77.594598, speed=29601.95 km/h, dir=180.00°
2026-02-07 14:19:39,708 - INFO - Vehicle B updated: 12.851651, 77.594602, speed=38279.85 km/h, dir=180.00°
2026-02-07 14:19:39,849 - INFO - Vehicle A updated: 13.080011, 77.594598, speed=98092.48 km/h, dir=0.00°
2026-02-07 14:19:40,034 - INFO - Vehicle B updated: 12.916516, 77.594598, speed=79743.38 km/h, dir=360.00°
2026-02-07 14:19:40,620 - INFO - Vehicle A updated: 13.022750, 77.594597, speed=29753.88 km/h, dir=180.00°
2026-02-07 14:19:40,714 - INFO - Vehicle B updated: 12.851540, 77.594598, speed=38187.73 km/h, dir=180.00°
2026-02-07 14:19:40,855 - INFO - Vehicle A updated: 13.080108, 77.594603, speed=97588.60 km/h, dir=0.01°
2026-02-07 14:19:41,034 - INFO - Vehicle B updated: 12.916408, 77.594601, speed=81346.39 km/h, dir=0.00°
2026-02-07 14:19:41,621 - INFO - Vehicle A updated: 13.022851, 77.594597, speed=29905.50 km/h, dir=180.01°
2026-02-07 14:19:41,717 - INFO - Vehicle B updated: 12.851430, 77.594597, speed=38052.82 km/h, dir=180.00°
2026-02-07 14:19:41,854 - INFO - Vehicle A updated: 13.080213, 77.594596, speed=98846.59 km/h, dir=360.00°
2026-02-07 14:19:42,036 - INFO - Vehicle B updated: 12.916291, 77.594605, speed=81508.88 km/h, dir=0.01°
2026-02-07 14:19:42,622 - INFO - Vehicle A updated: 13.022953, 77.594603, speed=29834.55 km/h, dir=179.99°
2026-02-07 14:19:42,719 - INFO - Vehicle B updated: 12.851316, 77.594597, speed=38038.33 km/h, dir=180.01°
2026-02-07 14:19:42,857 - INFO - Vehicle A updated: 13.080309, 77.594599, speed=97663.81 km/h, dir=360.00°
2026-02-07 14:20:51,595 - INFO - Starting Vehicle Detection Server...
2026-02-07 14:20:51,597 - INFO - Server running on 0.0.0.0:5000
2026-02-07 14:20:51,620 - INFO - [31m[1mWARNING: This is a development server. Do not use it in a production deployment. Use a production WSGI server instead.[0m
 * Running on all addresses (0.0.0.0)
 * Running on http://127.0.0.1:5000
 * Running on http://172.16.64.200:5000
2026-02-07 14:20:51,620 - INFO - [33mPress CTRL+C to quit[0m
2026-02-07 14:20:51,620 - INFO -  * Restarting with watchdog (windowsapi)
2026-02-07 14:20:52,238 - INFO - Starting Vehicle Detection Server...
2026-02-07 14:20:52,238 - INFO - Server running on 0.0.0.0:5000
2026-02-07 14:20:52,256 - WARNING -  * Debugger is active!
2026-02-07 14:20:52,256 - INFO -  * Debugger PIN: 984-781-166
2026-02-07 14:22:22,464 - INFO - 127.0.0.1 - - [07/Feb/2026 14:22:22] "GET /socket.io/?transport=polling&EIO=4&t=1770454340.3856823 HTTP/1.1" 200 -
2026-02-07 14:22:24,505 - INFO - Client connected: <built-in function id>
2026-02-07 14:22:51,398 - INFO - Vehicle PHONE_001 updated: 12.935915, 77.534485, speed=0.00 km/h, dir=0.00°
2026-02-07 14:25:22,713 - INFO - Vehicle PHONE_001 updated: 12.922660, 77.500040, speed=95.49 km/h, dir=248.46°
2026-02-07 14:25:25,445 - INFO - Vehicle PHONE_001 updated: 12.935915, 77.534485, speed=5288.14 km/h, dir=68.45°
2026-02-07 14:27:31,399 - INFO - 127.0.0.1 - - [07/Feb/2026 14:27:31] "GET /socket.io/?EIO=4&transport=polling&t=PmtKX36 HTTP/1.1" 200 -
2026-02-07 14:27:31,652 - INFO - Client connected: <built-in function id>
2026-02-07 14:27:31,654 - INFO - 127.0.0.1 - - [07/Feb/2026 14:27:31] "POST /socket.io/?EIO=4&transport=polling&t=PmtKX8A&sid=W8Ybtxxe-OaVrjI2AAAC HTTP/1.1" 200 -
2026-02-07 14:27:31,713 - INFO - 127.0.0.1 - - [07/Feb/2026 14:27:31] "GET /socket.io/?EIO=4&transport=polling&t=PmtKX8B&sid=W8Ybtxxe-OaVrjI2AAAC HTTP/1.1" 200 -
2026-02-07 14:27:31,722 - INFO - 127.0.0.1 - - [07/Feb/2026 14:27:31] "GET /socket.io/?EIO=4&transport=polling&t=PmtKXD8&sid=W8Ybtxxe-OaVrjI2AAAC HTTP/1.1" 200 -
2026-02-07 14:28:27,685 - INFO - Starting Vehicle Detection Server...
2026-02-07 14:28:27,687 - INFO - Server running on 0.0.0.0:5000
2026-02-07 14:28:27,707 - INFO - [31m[1mWARNING: This is a development server. Do not use it in a production deployment. Use a production WSGI server instead.[0m
 * Running on all addresses (0.0.0.0)
 * Running on http://127.0.0.1:5000
 * Running on http://172.16.64.200:5000
2026-02-07 14:28:27,707 - INFO - [33mPress CTRL+C to quit[0m
2026-02-07 14:28:27,707 - INFO -  * Restarting with watchdog (windowsapi)
2026-02-07 14:28:28,232 - INFO - Starting Vehicle Detection Server...
2026-02-07 14:28:28,232 - INFO - Server running on 0.0.0.0:5000
2026-02-07 14:28:28,245 - WARNING -  * Debugger is active!
2026-02-07 14:28:28,248 - INFO -  * Debugger PIN: 984-781-166
2026-02-07 14:28:29,555 - INFO - 127.0.0.1 - - [07/Feb/2026 14:28:29] "GET /socket.io/?EIO=4&transport=polling&t=PmtKlFe HTTP/1.1" 200 -
2026-02-07 14:28:29,796 - INFO - Client connected: <built-in function id>
2026-02-07 14:28:29,797 - INFO - 127.0.0.1 - - [07/Feb/2026 14:28:29] "POST /socket.io/?EIO=4&transport=polling&t=PmtKlKv&sid=ic3gdDjUfFviz-JxAAAA HTTP/1.1" 200 -
2026-02-07 14:28:29,875 - INFO - 127.0.0.1 - - [07/Feb/2026 14:28:29] "GET /socket.io/?EIO=4&transport=polling&t=PmtKlKx&sid=ic3gdDjUfFviz-JxAAAA HTTP/1.1" 200 -
2026-02-07 14:28:49,737 - INFO - 127.0.0.1 - - [07/Feb/2026 14:28:49] "GET /socket.io/?transport=polling&EIO=4&t=1770454727.6664116 HTTP/1.1" 200 -
2026-02-07 14:28:51,820 - INFO - Client connected: <built-in function id>
2026-02-07 14:29:45,903 - INFO - 127.0.0.1 - - [07/Feb/2026 14:29:45] "GET /socket.io/?EIO=4&transport=polling&t=PmtL1ui HTTP/1.1" 200 -
2026-02-07 14:29:46,152 - INFO - Client connected: <built-in function id>
2026-02-07 14:29:46,152 - INFO - 127.0.0.1 - - [07/Feb/2026 14:29:46] "POST /socket.io/?EIO=4&transport=polling&t=PmtL1zr&sid=a3oFCIzvnui26_kmAAAE HTTP/1.1" 200 -
2026-02-07 14:29:46,216 - INFO - 127.0.0.1 - - [07/Feb/2026 14:29:46] "GET /socket.io/?EIO=4&transport=polling&t=PmtL1zt&sid=a3oFCIzvnui26_kmAAAE HTTP/1.1" 200 -
2026-02-07 14:29:46,223 - INFO - 127.0.0.1 - - [07/Feb/2026 14:29:46] "GET /socket.io/?EIO=4&transport=polling&t=PmtL22j&sid=a3oFCIzvnui26_kmAAAE HTTP/1.1" 200 -
2026-02-07 14:30:31,222 - INFO - Client disconnected
2026-02-07 14:30:31,261 - INFO - 127.0.0.1 - - [07/Feb/2026 14:30:31] "GET /socket.io/?EIO=4&transport=websocket&sid=a3oFCIzvnui26_kmAAAE HTTP/1.1" 200 -
2026-02-07 14:30:31,555 - INFO - 127.0.0.1 - - [07/Feb/2026 14:30:31] "GET /socket.io/?EIO=4&transport=polling&t=PmtLD1- HTTP/1.1" 200 -
2026-02-07 14:30:31,820 - INFO - Client connected: <built-in function id>
2026-02-07 14:30:31,822 - INFO - 127.0.0.1 - - [07/Feb/2026 14:30:31] "POST /socket.io/?EIO=4&transport=polling&t=PmtLD76&sid=hpgm8TkBE6z29BDaAAAG HTTP/1.1" 200 -
2026-02-07 14:30:31,870 - INFO - 127.0.0.1 - - [07/Feb/2026 14:30:31] "GET /socket.io/?EIO=4&transport=polling&t=PmtLD77&sid=hpgm8TkBE6z29BDaAAAG HTTP/1.1" 200 -
2026-02-07 14:30:31,881 - INFO - 127.0.0.1 - - [07/Feb/2026 14:30:31] "GET /socket.io/?EIO=4&transport=polling&t=PmtLDC5&sid=hpgm8TkBE6z29BDaAAAG HTTP/1.1" 200 -
2026-02-07 14:30:41,889 - INFO - Client disconnected
2026-02-07 14:30:41,893 - INFO - 127.0.0.1 - - [07/Feb/2026 14:30:41] "GET /socket.io/?EIO=4&transport=websocket&sid=hpgm8TkBE6z29BDaAAAG HTTP/1.1" 200 -
2026-02-07 14:30:42,232 - INFO - 127.0.0.1 - - [07/Feb/2026 14:30:42] "GET /socket.io/?EIO=4&transport=polling&t=PmtLFel HTTP/1.1" 200 -
2026-02-07 14:30:42,484 - INFO - Client connected: <built-in function id>
2026-02-07 14:30:42,486 - INFO - 127.0.0.1 - - [07/Feb/2026 14:30:42] "POST /socket.io/?EIO=4&transport=polling&t=PmtLFjy&sid=cNraa045IrSsw7rtAAAI HTTP/1.1" 200 -
2026-02-07 14:30:42,561 - INFO - 127.0.0.1 - - [07/Feb/2026 14:30:42] "GET /socket.io/?EIO=4&transport=polling&t=PmtLFjz&sid=cNraa045IrSsw7rtAAAI HTTP/1.1" 200 -
2026-02-07 14:30:42,575 - INFO - 127.0.0.1 - - [07/Feb/2026 14:30:42] "GET /socket.io/?EIO=4&transport=polling&t=PmtLFp8&sid=cNraa045IrSsw7rtAAAI HTTP/1.1" 200 -
2026-02-07 14:30:57,038 - INFO - Client disconnected
2026-02-07 14:30:57,039 - INFO - 127.0.0.1 - - [07/Feb/2026 14:30:57] "GET /socket.io/?EIO=4&transport=websocket&sid=ic3gdDjUfFviz-JxAAAA HTTP/1.1" 200 -
2026-02-07 14:32:26,237 - INFO - Client disconnected
2026-02-07 14:32:26,239 - INFO - 127.0.0.1 - - [07/Feb/2026 14:32:26] "GET /socket.io/?EIO=4&transport=websocket&sid=cNraa045IrSsw7rtAAAI HTTP/1.1" 200 -
